filename,country,iso,lat,lng
a895043956294b9bba63b73719ffc7ce.jpg,Belarus,BY,51.675431,29.128281
15ae0f1a290d4d7295ff57c5f8f20660.jpg,Belarus,BY,52.219565,28.526037
c886416efb40481ea916e3dcd0133dfc.jpg,Belarus,BY,54.113735,28.348562
52f5ef59154b44828aaf357f5c0ba586.jpg,Belarus,BY,52.570355,24.242677
a09573984fc7435bb60a767e211af81d.jpg,Belarus,BY,55.364771,29.336371
5b49b21266ab4afe91012649f6494f6f.jpg,Belarus,BY,55.314605,30.317659
1d8fa2f3383746688b80a1e512b4dc63.jpg,Belarus,BY,53.916971,25.798598
4bd5d1f39ffc47c3b6aec73bed097529.jpg,Belarus,BY,52.077872,27.374165
8abf844e20cd442e9a33adcf60f53348.jpg,Belarus,BY,51.924728,26.664051
9752e03c3f93437d8b1add8badb63753.jpg,Belarus,BY,52.902924,29.309302
2d805b33a95b4a859dc8061a24971b1a.jpg,Belarus,BY,55.149659,30.243115
31dcc9e61f854a949e1edd7c77169387.jpg,Belarus,BY,52.577014,30.504958
c95c603375df4497a4349404fdd2983b.jpg,Belarus,BY,55.289707,30.322642
c49dc5c58b2545229ce61f9d7f493b3a.jpg,Belarus,BY,55.926252,28.647646
e3c32bf041be4dff8a022b390be68ea5.jpg,Belarus,BY,53.119865,30.489643
1812b172a150450488e5a12acf576cf4.jpg,Belarus,BY,53.200885,28.69736
c8f7a4b8bc854fb7990c06b00eb10f54.jpg,Belarus,BY,52.212085,31.533958
4b22b45a094840ff8deca548fccd23c0.jpg,Belarus,BY,52.676982,30.817168
f8954a1729c348629df307918c8a3fcb.jpg,Belarus,BY,53.032466,25.656718
f9a64741027d4d3aa55ddef96f3f9531.jpg,Belarus,BY,51.936005,26.906404
22fb4a10195145b79be63dffc8113f21.jpg,Belarus,BY,55.605946,28.465349
7e37119aac77426a9fa9624bfa0eb777.jpg,Belarus,BY,51.895484,26.862559
46dc8a54a4b7414098eb59488ad993dd.jpg,Belarus,BY,54.421805,29.029361
529a87ec52774692a1cca23415104d73.jpg,Belarus,BY,53.005676,27.456991
2218e7860f2842e8ae2dda0c0bf6ff49.jpg,Belarus,BY,53.743533,27.689026
49aad7c10de9414e9ed30554109341f8.jpg,Belarus,BY,53.129083,29.487088
9c623c71f50845638166ada34f9e414d.jpg,Belarus,BY,52.774372,30.753937
23215980412240909ef243a801b9048b.jpg,Belarus,BY,53.264946,30.422466
6f687b7b823e4865a986d00d3b243482.jpg,Belarus,BY,55.203145,30.363007
ec295d48222048148131d13cdc64f42b.jpg,Belarus,BY,53.073406,30.526977
bfc37dedee8444859a55620884307adf.jpg,Belarus,BY,55.769048,28.604265
dbf865f29a2c424d8b2061fc5f890966.jpg,Belarus,BY,53.247073,29.444726
6f81092c7294439b98f2703a8f9ea175.jpg,Belarus,BY,53.205981,28.69684
54fef4db8b994a7fb8721c6b864d8443.jpg,Belarus,BY,53.227654,27.261457
61a525f522524e04ad5d08b462192897.jpg,Belarus,BY,54.472637,26.397905
cf001b82590743a8b632ef5279038992.jpg,Belarus,BY,52.175239,27.881594
07b86ab8f80b483fbb11a70291b170fd.jpg,Belarus,BY,51.70836,30.351906
52d21375d2a743d88119e4b7e7378497.jpg,Belarus,BY,53.616386,27.465608
9fb1e13cc78c4642b8522c14db6e0f98.jpg,Belarus,BY,52.112886,27.848929
03afbf5bcb444bb3927a6fc5d91c8654.jpg,Belarus,BY,53.416355,30.389823
57fce20494db4d478478217bc11bd875.jpg,Belarus,BY,51.694414,29.138182
0e50346ad8f64852b50b411c4d9a6551.jpg,Belarus,BY,55.287074,29.63281
318492400fd74ec5ba2883b37627574f.jpg,Belarus,BY,52.304898,23.661191
3f9035789d174534b1c678f92bcd389c.jpg,Belarus,BY,55.147994,27.730156
7234b11de106401b8518eedb957def05.jpg,Belarus,BY,54.014512,26.387756
ad06d6c69ae04b7e80989423788319ce.jpg,Belarus,BY,52.612886,30.85318
ce88d4488a9943febed9a71065c740f1.jpg,Belarus,BY,55.978685,28.646452
4a0d8378f5974233bd0bf4252c80789c.jpg,Belarus,BY,55.842148,28.608072
8e1412518e5842e2a1d0c7ba343f9157.jpg,Belarus,BY,55.260661,30.112753
36c96491fbcb4cf5bae2cc8d5e202717.jpg,Belarus,BY,53.464886,31.049135
58f8a43c264c4ac18388a4d1a2b07a72.jpg,Belarus,BY,51.920299,26.672082
978fe8e7e9aa4594b850dacf0f854d42.jpg,Belarus,BY,54.529284,30.725436
faefca788997419e9002002221499e75.jpg,Belarus,BY,53.079021,28.735148
5b1ad4aeebee4116b7bc2474a5c19d29.jpg,Belarus,BY,53.777156,30.363924
ba1f92ff871a4c6b87f8de80909216a9.jpg,Belarus,BY,52.926781,29.985242
0de387c61ad942608c9e043aba0eb2e8.jpg,Belarus,BY,52.740559,30.777972
a10ba1e3bf8440cc975758f4ec066a74.jpg,Belarus,BY,55.526331,28.832483
95c3114efafa4521a9757e27fac8da9d.jpg,Belarus,BY,52.218044,27.865128
187f3ed7673f402780598d637c8fa2e0.jpg,Belarus,BY,54.554917,30.455503
5123e246fcb64b9d9a1bb6baa2ca2f6e.jpg,Belarus,BY,55.717488,28.585856
49a37900c6dd4052a3b64d9ba6120c73.jpg,Belarus,BY,52.758301,29.398353
47633e9bc31a4e8d9bdef42945761c8d.jpg,Belarus,BY,55.198349,26.393961
50c533fb0fa047cfa65d32bbbaa796dc.jpg,Belarus,BY,51.705636,30.350234
b0ce98920b654dfeb6ada19b74cffdc6.jpg,Belarus,BY,54.025024,28.292726
0a951d24f4084b3ab2d096dff456e4f0.jpg,Belarus,BY,55.431243,28.746471
38c4ac8828894c7dabbd4431b3b60b8e.jpg,Belarus,BY,54.41224,26.048687
750de2e4475642d8ad4ab67b7466b4ba.jpg,Belarus,BY,52.323339,25.629617
e7c88d66835c417ba572887b7cf0e50d.jpg,Belarus,BY,51.668967,29.12494
98322252e47b4c579826fc8765fb7e3c.jpg,Belarus,BY,55.2054,27.890054
554d10314c934eb19668d3779390f62a.jpg,Belarus,BY,55.992684,28.646943
98cce45934b94f738b0be72b470a12e8.jpg,Belarus,BY,56.027359,28.354016
15656ecaa26c44fba6fd9ac590dc2d70.jpg,Belarus,BY,54.365033,29.165801
512cb44a09664d699407a44c5d178254.jpg,Belarus,BY,53.397301,27.10569
c95e624bfea54a0b994ee2ebd9c79ffa.jpg,Belarus,BY,53.630588,24.742174
8819a23f306f4cba90c625c2e7ee51f3.jpg,Belarus,BY,54.538322,30.18654
b8b86f2dcb7b42f39be257a2059bc90e.jpg,Belarus,BY,51.649419,29.109509
40a1502d513a44b3b477ade0f0f9518a.jpg,Belarus,BY,53.889962,27.337632
225b2e4a79d9407c8888607e166fae83.jpg,Belarus,BY,55.262017,29.765111
5bda3b9fadda4c9a84c5c1a379213d14.jpg,Belarus,BY,52.081156,27.385775
4788c8f1b5514b7a8757e5c494c6065b.jpg,Belarus,BY,54.770011,28.255829
6ef79d5a08e54d3ca3c20b17de232cd6.jpg,Belarus,BY,55.461979,29.119113
89b0ec494f2c4a8481f6bb727e96f550.jpg,Belarus,BY,53.205248,29.125134
8a4a61b966cf4694a2c37be8d85dd358.jpg,Belarus,BY,52.064753,27.757462
cbcd5e7c55e9471d9ee768bec5b51ea9.jpg,Belarus,BY,53.4829,26.400855
5db42385b6c84f518f3ae8aaf40ab0fc.jpg,Belarus,BY,52.226357,31.44655
3ebcaca0a13742b7b6064cdc5c795151.jpg,Belarus,BY,55.314532,29.494894
94d1091a3ec243aeb22e643cc8db9c54.jpg,Belarus,BY,55.706538,28.262722
a25c581affc147128626ef104c3b96ad.jpg,Belarus,BY,54.600417,30.442764
462ce21edae5486b9a5c317a250fa75e.jpg,Belarus,BY,52.941395,30.629448
75a57046081b40b4aee2678add90394e.jpg,Belarus,BY,52.606424,29.374216
ece0fe0cccfe4ca0863e0f1e398f1106.jpg,Belarus,BY,51.634234,29.091938
9579f4968e0a48028b90a4f55329b603.jpg,Belarus,BY,53.547298,26.173013
3a99c15303f54304be478221496c0f20.jpg,Belarus,BY,53.481031,28.098315
3d9f3345c11b4a8b86b0bc1a82577329.jpg,Belarus,BY,56.028141,28.370143
959bed3fcc774b74a70efa88cb0bb966.jpg,Belarus,BY,55.576146,28.678711
8912b4aad37547dd977b45b4718f90a1.jpg,Belarus,BY,53.870101,30.163003
455f23d1d087460488c8c2a78ec111eb.jpg,Belarus,BY,52.078378,27.702365
9499f87ca9b04fd5838861a53f1b055f.jpg,Belarus,BY,53.019013,30.5697
6bd7de803e9941c5b87afc1ee10d930e.jpg,Belarus,BY,53.300528,29.521461
a9f1eaded87e4e0cb4fbf0eceaab6a79.jpg,Belarus,BY,52.612203,30.853534
1d8641511ae24dc7b36194f8703356be.jpg,Belarus,BY,51.990212,23.905724
960dc65c4846430596658469c7be179a.jpg,Belarus,BY,55.589331,28.575888
a06b6b916eec49fabe0769717d7506d4.jpg,Belarus,BY,53.479446,31.09432
6c2f2418c5c443aea76e1c427b6a9954.jpg,Belarus,BY,52.233854,30.133002
0dfdabdcf0cf4487881f5c67963c44fb.jpg,Belarus,BY,54.090335,28.270595
9b420c52f2654a61b2dced21e04d08a6.jpg,Belarus,BY,53.596944,30.343356
f4b8edd537dd46a1b92c6817eb3f3df7.jpg,Belarus,BY,53.524904,31.236663
32044b0f25f140eea8b825e6232283c7.jpg,Belarus,BY,52.544515,25.668468
801cbd2f21a648148a9e4cc6d9888767.jpg,Belarus,BY,55.171312,30.072595
625abb5eae7945cda47c8b92b3072aae.jpg,Belarus,BY,52.215612,31.511348
bcecf57423154314a092d40f95323807.jpg,Belarus,BY,52.214749,31.520143
6d91d98381524b65acea9ddd89c5cbb2.jpg,Belarus,BY,55.609078,28.367715
3683a8ac228c448b956d40e25f5053a7.jpg,Belarus,BY,52.269168,25.682699
8edd1ab60dfd4fd2b5d8b2651040ee23.jpg,Belarus,BY,53.529077,27.473949
831da0efd39c42b894059cadd55db8ff.jpg,Belarus,BY,52.316614,31.368534
640f28d88e404c9a862e634a186c465d.jpg,Belarus,BY,53.813011,30.797391
43b7fa22bfd244238bc454229de33051.jpg,Belarus,BY,53.681016,30.050874
5883d39fee034eeb9a55d354e6be2cb0.jpg,Belarus,BY,52.031283,29.46461
88804c1dc28e4823a352b237b3934c8e.jpg,Belarus,BY,52.37505,27.460804
b5d7324e036a41c6b6d92290e38da628.jpg,Belarus,BY,55.888191,28.605694
f4c672f1ae8d451eb8f4982cb480bca4.jpg,Belarus,BY,55.824072,28.609025
64f3f00e05554be1aa21cce8bf376f29.jpg,Belarus,BY,52.174942,29.341089
4ba41ff7c9594e74a908929e1c195575.jpg,Belarus,BY,53.973585,30.466683
207692800fc14a8fb1825ad2f07e1b87.jpg,Belarus,BY,54.58316,30.447457
a6b22673bcef42f88707eeacfcdb1cd4.jpg,Belarus,BY,54.477797,28.654856
f6129ed314a7430595cd822a2d0a3395.jpg,Belarus,BY,53.074939,25.264171
0bcf949135154c1f806d35e068a39344.jpg,Belarus,BY,53.226471,27.316008
ee4938a137124097864cfde8b2bbac50.jpg,Belarus,BY,56.002778,28.645259
85518587d47445ac980b5d0fca8b5208.jpg,Belarus,BY,55.298547,28.780012
6a728da95ee24ebda4101c6eeac2e081.jpg,Belarus,BY,54.166565,26.461252
8d514b3a30b349ff90b3b133f793092c.jpg,Belarus,BY,51.674397,30.364853
f72ca373207d412abda5fe4da70eb840.jpg,Belarus,BY,52.368024,25.59693
e5ae2cc17b5e49b69db525d1c8eea6a6.jpg,Belarus,BY,53.936709,30.204444
adada265911b42daa014b0a1e1b71616.jpg,Belarus,BY,53.853226,30.30094
58071eb2a63b4eb4922d344bfdc8d513.jpg,Belarus,BY,55.184134,28.923001
b09c19609f254624a7f326f302fcaf19.jpg,Belarus,BY,52.355726,25.023144
3cc945596f704b62aa781dca0ce4a9e4.jpg,Belarus,BY,52.965765,29.875026
704906b6bb9341b3a94cdfd264970247.jpg,Belarus,BY,53.518783,30.256336
76139860517647fb9ca1ba083b14ff36.jpg,Belarus,BY,52.2402,27.498884
50aee7f0d91b4840a391b1403fe3f8dd.jpg,Belarus,BY,53.722179,32.027986
f2251982b4354c3481cd3c2e50f4d8c7.jpg,Belarus,BY,51.979109,26.979143
80f36a102ff54b018e717f5636bcfde2.jpg,Belarus,BY,53.613238,27.465405
6ba1d8b5c59148d7b7e73d9211a09e72.jpg,Belarus,BY,54.410293,26.06306
01478ceb6bc547a09464029f3e8d0c64.jpg,Belarus,BY,53.513809,31.201687
13a9fbf52dc948829f9fff2f299123e0.jpg,Belarus,BY,54.660839,27.972902
5b89d5c323da44c788da3f713e1cab05.jpg,Belarus,BY,52.238617,27.52356
b3656db2f23148ba8babdbe2cc4ed6b5.jpg,Belarus,BY,54.497546,28.823381
708e243f35df46cd9491edd630aad5ed.jpg,Belarus,BY,54.72232,26.048922
3c46aafeb6bf47b6b1c0660cb1e25ae9.jpg,Belarus,BY,53.041046,26.254608
1027d9cd902c4a78b8ca6ba7a3b321e6.jpg,Belarus,BY,52.603505,25.570415
632a063e2842459198a47eb11cb275ee.jpg,Belarus,BY,53.227805,27.292169
f5e8ed85171343679b570ebfb352e5b8.jpg,Belarus,BY,51.710682,29.154923
06411dab4a8b4ef8903e40f6af2af1d7.jpg,Belarus,BY,53.985837,30.465967
c8cead672fe243ec8b4ddebb58cf5710.jpg,Belarus,BY,55.719023,28.244802
3a3f56c5748c4106a19262afb56664be.jpg,Belarus,BY,53.596233,27.861862
0fe113ef6897421c9d8948af227e0f71.jpg,Belarus,BY,51.63326,29.090205
0a670064d4804cfc81f500a7379e5357.jpg,Belarus,BY,54.702159,26.105111
36d31a08f10242a5b8a2bd3ab1708a65.jpg,Belarus,BY,54.511927,30.501918
338c4d8a11a54d64acdd40e6c3f0a982.jpg,Belarus,BY,55.35547,29.22418
05bb10f8738f4a008667dde7aeb929b5.jpg,Belarus,BY,54.501517,25.876029
a8cd0323affd46cd88e128e5522fff72.jpg,Belarus,BY,51.901973,29.853323
b4e47626b1e342a181ef0f5674387892.jpg,Belarus,BY,52.975289,26.774521
c2c851fceb564678896c211e2813b6a9.jpg,Belarus,BY,54.806652,28.647409
d0eaf71683124d248a6952fa15cf3dbf.jpg,Belarus,BY,54.632202,27.931331
e4d15732dc914b6986e94a8d940372a2.jpg,Belarus,BY,54.51362,30.497314
d2f161f973ad429691f16ba61f476306.jpg,Belarus,BY,51.981033,23.929482
eb4bcf7fb0a447b78f77c488e2fd96ec.jpg,Belarus,BY,51.682127,29.131744
f76c180ff6db4ab999c4975ddb59e460.jpg,Belarus,BY,53.069735,29.987999
9b2ca5b6bbaa4d8ca5501fba09a764bd.jpg,Belarus,BY,53.278618,30.417545
5ab91dbdd3e346a3865b9b0be2f7d228.jpg,Belarus,BY,53.734126,30.452856
8f4c9eb6d731463985d2079f0d456f38.jpg,Belarus,BY,53.605371,25.764625
0e519c0648674921be7f57dc6f490a14.jpg,Belarus,BY,52.665017,27.459763
51ec1b0fac3040febc10839b327a0aff.jpg,Belarus,BY,54.026925,26.869174
549591777fa74368a66c6a46d2491a81.jpg,Belarus,BY,52.629367,25.510171
bb5e834d61414dd58dc49bdfdc03b7b4.jpg,Belarus,BY,54.580498,29.004764
1e879f168a8e4dd8a177914a096e5243.jpg,Belarus,BY,52.681635,25.370844
d61545dfa4f14269af451f0a51e4ad70.jpg,Belarus,BY,52.233295,28.419575
72ce6f0827ab4e93987115f5ac124e14.jpg,Belarus,BY,53.900822,25.93554
62c1960bc7ef4c8db6667433a54f6f50.jpg,Belarus,BY,55.111064,27.621802
21bc237aecfc41029e8fe3228ecbd6ea.jpg,Belarus,BY,55.145295,28.758273
3e3ae442277b40e0a49f908e9d6479b1.jpg,Belarus,BY,52.939448,29.293456
0f3241f875b046bdb15dfadd11fc2729.jpg,Belarus,BY,55.157076,27.763945
212f77af74404254a6e4608e51cc936a.jpg,Belarus,BY,55.188323,30.089116
11f5105981854d03b7288e73c1f6602f.jpg,Belarus,BY,53.846884,30.336635
d321b4622c224f208ce68dfa48ca16b2.jpg,Belarus,BY,53.0376,25.627371
2da64c659a464501b2f655c7a0eb4b10.jpg,Belarus,BY,52.395899,30.871754
549435058cfc40ec95336cb606b7d6b5.jpg,Belarus,BY,52.179286,29.907571
a64889e5442344daa14514d27c7f38ea.jpg,Belarus,BY,54.218213,28.62032
e6f7797e24634d72a7121dba11dce635.jpg,Belarus,BY,52.254585,27.793529
ba658a10334247438e4ec001e44b0f72.jpg,Belarus,BY,54.025989,27.952648
fb6ff9d3da324568ac1d490b92658b04.jpg,Belarus,BY,52.707747,30.798691
e2efc11997c1479f8304711be6567b19.jpg,Belarus,BY,52.164541,26.090011
0d4e8dd6419244b6895775e0a3812ea3.jpg,Belarus,BY,54.489111,25.836298
8b5d4be6b14e4bfd92d262a5e593241c.jpg,Belarus,BY,52.222396,27.867509
c9d6034ea34a4156babe69e2264d6021.jpg,Belarus,BY,55.161528,27.130061
78f584f6c31b4f5aa78b01eca3ae58e7.jpg,Belarus,BY,55.316771,30.306301
ba2c533561ec49d491f65d98d23f5990.jpg,Belarus,BY,53.186159,27.342766
ecfaab28a2bd4e788ea0d61b7d1f13de.jpg,Belarus,BY,55.617381,28.64715
516df726f2334468be3e2d4e3817895c.jpg,Belarus,BY,53.471437,30.369359
eaf5167524bb42a68360e0fe4d678976.jpg,Belarus,BY,55.257495,29.787999
27f81a724d4e44868cfb2f8738cc71b8.jpg,Belarus,BY,55.905667,28.631758
115f30c50e2b435e83b173910724ee17.jpg,Belarus,BY,55.774583,28.604109
f0abbedd3a264fa3aeef15e739bc56c4.jpg,Belarus,BY,54.177744,28.471877
d8113286669346ef8016b26f6cf095bf.jpg,Belarus,BY,51.711651,30.351019
9c0c92af3379454f94d3c1b833271cf7.jpg,Belarus,BY,52.080309,25.558226
cc2560cc4ada49cd8369131e51ec11fc.jpg,Belarus,BY,52.579324,30.836043
b5fbaa7beff5470ea4f0d4977864d065.jpg,Belarus,BY,52.231507,28.878247
0ac2d4fb01844ec2967bf8f9a55b91ae.jpg,Belarus,BY,51.750612,29.180054
f2a9a8a7173d46da80f0043e52b241bb.jpg,Belarus,BY,54.764447,28.500617
5a5d65b63610472ebaa7dbf145d11e31.jpg,Belarus,BY,53.931219,30.469006
6e8512f919d34de9bf991f5e76badcf9.jpg,Belarus,BY,55.605185,28.466964
55fe85c134104bdc8698785294b5170b.jpg,Belarus,BY,53.529282,26.249698
bd662ec478234b14adb1369aec93b9ba.jpg,Belarus,BY,53.044577,29.567911
e85b19a15394446488ba4a5537a62f53.jpg,Belarus,BY,52.49801,25.843634
6f19ac4a099041aaa5b8e650be062c14.jpg,Belarus,BY,53.002563,25.796617
b75490fd7edb4627b77efb7a2512a476.jpg,Belarus,BY,52.531325,24.568612
9c49f6359ec54d1ba263acf11d474a3f.jpg,Belarus,BY,55.959831,28.646283
bf6a03631dec4b65afc0041277f6fbf8.jpg,Belarus,BY,51.856763,24.21061
7a2bd7dbe0954c13a1f88f5ceb6b0777.jpg,Belarus,BY,52.092505,27.799804
9f53c5b1dbc841d1948a56d3b9b6fa52.jpg,Belarus,BY,53.596495,29.935068
f40c9f3c52d04d91b47e7ea1afbf9708.jpg,Belarus,BY,53.721031,32.014413
f5cabc089f1d4977950c694ff2bd37ff.jpg,Belarus,BY,54.473022,30.504516
516e2688e3174ee080908cf880532746.jpg,Belarus,BY,51.907775,29.810411
e05c79a3a5014d4c86a27c538e3ae8d3.jpg,Belarus,BY,52.23129,29.306069
2ed31edf91bf49d0b14e5cd75af7420a.jpg,Belarus,BY,53.5122,27.475016
379e23197c4a4a38973ca76bc02dbdc7.jpg,Belarus,BY,55.656174,28.615098
0d37c1fea6804683b8b983bbd9927803.jpg,Belarus,BY,55.103895,29.695055
e7c604b8a8fd41cd802c819fc2e328dd.jpg,Belarus,BY,54.236407,25.992668
ab7795925f8a4233a821fc7f4a5d5884.jpg,Belarus,BY,55.256431,29.792636
bca250974d8d4bd9b0a4a526f98cd22e.jpg,Belarus,BY,52.527682,25.580347
9510b2bbdde245348bcdc1f274524459.jpg,Belarus,BY,53.924427,30.469325
c1cde1d9a2b443ec97d420d408ef4260.jpg,Belarus,BY,54.187928,28.585545
ebcd296351f84bbc95747ebb147e92c4.jpg,Belarus,BY,53.060888,27.930829
3c8e820ca98f4fa0ae56f1c491a0d89c.jpg,Belarus,BY,55.07434,26.87851
1cf2b784cbbb4f2aa7128289579c4b82.jpg,Belarus,BY,53.48928,31.125004
5a7a3bc3f4fc45ab9122b064ea8a9f3c.jpg,Belarus,BY,52.293504,30.937077
58a31109d4034333b1b959f1d970df1e.jpg,Belarus,BY,51.668089,30.401324
5407ffd629594478858f595f097053d5.jpg,Belarus,BY,52.629622,27.468486
0174315f89f74b86acb944b581740335.jpg,Belarus,BY,53.793169,25.37485
c2e9d7b622a341c6bba153ca2968ac82.jpg,Belarus,BY,52.310419,30.9
b0603eeb45da4d18a3c6ab5f87e75934.jpg,Belarus,BY,54.418489,27.896168
17f7424b77644c64bf39b76d5ff05bc2.jpg,Belarus,BY,56.027649,28.378369
1ef510ba7e9e4caa8dfe78612e80cf3c.jpg,Belarus,BY,51.978862,30.45619
c1b0b7b1e1cc427f9cfe8786fe8780cd.jpg,Belarus,BY,54.429813,25.985527
cc5b5e8aa9f04385927956f585fe5dfe.jpg,Belarus,BY,52.922412,30.643774
c568daae0aa240a3930b0f0e35c56d5f.jpg,Belarus,BY,53.08861,29.832342
096c28b6bfd24895b1e7b5a798359304.jpg,Belarus,BY,55.316826,29.447743
f4b7c9e6f6334b269e9d5dd2f460c6de.jpg,Belarus,BY,55.661182,28.366563
6b92d6b4c1374bbdb734113ec92d1dd5.jpg,Belarus,BY,54.134407,27.347631
39f9314a58fd42e09d20a4642ece1a83.jpg,Belarus,BY,52.37157,25.591842
532d7d96767547019d44b955c1a905ca.jpg,Belarus,BY,55.674621,28.179766
9eb73c5b43bf4fc4855c80430b2e804f.jpg,Belarus,BY,52.112949,27.848882
15c7be2c77264c8f8873098658dcd02f.jpg,Belarus,BY,51.649546,30.440048
c3bc827247eb41d3809152baaf7ed6a9.jpg,Belarus,BY,55.670459,28.194004
557c6c61b8834ca4992035cc000d5e36.jpg,Belarus,BY,53.092916,30.511326
f39faa2ddce047e0a3d112d58d2606fd.jpg,Belarus,BY,55.517583,28.874466
65706a7f1e8a455382647dded0ed5cbb.jpg,Belarus,BY,52.971379,30.606732
56e2ba0fc90a41d694a9f5737682214f.jpg,Belarus,BY,53.258407,26.98964
1339a8666de945ffb1ee8871fef9f52d.jpg,Belarus,BY,52.476774,25.571403
d531c0f33de94a0f9eae1f713b983e2e.jpg,Belarus,BY,55.617705,28.271003
d9c5bb43824a40e983a956298fb28d40.jpg,Belarus,BY,52.636229,30.84029
8e24db1c1e284e3aa576471ba581bd8c.jpg,Belarus,BY,52.769769,30.757316
4b62c2b463b047bca751f1a527d12e99.jpg,Belarus,BY,52.345096,25.017779
33dd5e389b4340888c01b134b79b6d75.jpg,Belarus,BY,52.348957,27.455395
1585ce8c2805411cbdd5fbbe0f14b610.jpg,Belarus,BY,52.2617,25.68012
7db606f3a36546c8af378f723adf60da.jpg,Belarus,BY,53.195771,27.524467
c4a1464c9aa84587b52721b11b2bbc15.jpg,Belarus,BY,55.997854,28.645426
cc24bb56a6484ee8801e718a35f8bf03.jpg,Belarus,BY,53.60858,30.387285
3570f8ba997047d19831e4eec0b1dec4.jpg,Belarus,BY,52.979181,26.881763
16a5612695894c4a9fc16e21a0bbf0fe.jpg,Belarus,BY,52.213219,31.529268
ff4f708244c3461db67bd2f2b30ea4b0.jpg,Belarus,BY,52.212441,31.532717
b6088233090545d18b56226ad176a4fe.jpg,Belarus,BY,52.980358,26.912436
c37b5ea64af04b4ebd6838cce9d52c87.jpg,Belarus,BY,54.335391,28.57044
6730a93f49b94b1e8363fc553e4f0ef3.jpg,Belarus,BY,53.85187,30.314262
e19e51270d964951960a753582d32db7.jpg,Belarus,BY,53.815977,30.772536
cadc567de38b4d989d51a22916e5e183.jpg,Belarus,BY,54.736175,25.831063
5f071cd179d346969e775b8440ae25f7.jpg,Belarus,BY,56.015009,28.652042
bfa070b0086243f885cec8b64762c9f7.jpg,Belarus,BY,52.851645,29.352829
3b1d0f89f0614768881a4e3f080a66b1.jpg,Belarus,BY,52.488209,24.926014
fc722dbdfec24e5287331fd22ee2e345.jpg,Belarus,BY,55.92554,28.647401
c97504e2de9745b19e62a6e608849184.jpg,Belarus,BY,51.699058,29.142993
e0f1e54416fc43c0a12326d338c145c5.jpg,Belarus,BY,52.729419,30.322465
59dba2f3c7cc49e08ebcb5167349993c.jpg,Belarus,BY,51.644104,29.102623
bb11441d9db741c1ae22a179f83b6fbd.jpg,Belarus,BY,51.930592,29.25956
0d0ff1ac928941f284e0f122b88ca02d.jpg,Belarus,BY,51.697184,29.141048
9f5ff1ece4bf49a4bf5077bc6a40289d.jpg,Belarus,BY,55.814841,28.602642
7bdf7280e6e54c20a8c01b81d5b8b102.jpg,Belarus,BY,55.114673,30.31978
693b55d035254cf3b472e07f4813f375.jpg,Belarus,BY,52.393926,25.059868
c3310661adba460ab8324cf4d729e3f0.jpg,Belarus,BY,52.831895,29.388148
89484c28049f466c94aa9afe0209796c.jpg,Belarus,BY,51.688986,29.13527
59d02e32839f4cc5bfda58f10d54ffb1.jpg,Belarus,BY,52.330604,30.850796
a5195f103d0c458a910ebbafee8d98c7.jpg,Belarus,BY,52.69189,24.354945
d66a9867b4914bdc9a6f78fa1ace2fab.jpg,Belarus,BY,51.97453,23.946428
26c2c56cde024985bf61e80532597028.jpg,Belarus,BY,54.571474,25.739879
85dbca0321b341cf911e393aaae26b0f.jpg,Belarus,BY,53.222774,29.099408
265848a62e8a4028a535c1640642a9f6.jpg,Belarus,BY,54.8711,28.711919
0c24eeb0af0d47e0a4f93eaa0f4a9537.jpg,Belarus,BY,54.144518,26.462357
52cd3b82a4fd48239799720e87619332.jpg,Belarus,BY,54.869129,30.391498
ac875daf2fd442598999c6d9bcd39d28.jpg,Belarus,BY,52.078902,27.700558
4a057608112e41f289448e742d20af01.jpg,Belarus,BY,53.032974,25.65375
c6765193c03b47caa7e9cdcd1fbbed79.jpg,Belarus,BY,55.61922,28.264955
0a53e35c8aae45af9f1f8b9c0416805e.jpg,Belarus,BY,52.219465,28.715956
33b6d4dc811147d0b7f6778577815a4f.jpg,Belarus,BY,55.391099,29.244449
135730551c0c485da116ba71c8ef0058.jpg,Belarus,BY,54.128382,27.348824
4f5dcaf1d3014dc3bdcd5a02916aea60.jpg,Belarus,BY,52.508711,30.817148
ff10123e1b2a4f1e8493d35e117f1c24.jpg,Belarus,BY,55.665773,28.210474
daed0bbfe9af4a4c96868447e1fa82a4.jpg,Belarus,BY,53.530242,30.234568
91f4eaead9df4602b06f3a2f1d7e9f51.jpg,Belarus,BY,54.698617,30.442176
56541ba7868041378fab5aa3abb55d94.jpg,Belarus,BY,52.896863,30.377933
1e98cea4e6d647608a81cca8005b0965.jpg,Belarus,BY,52.523961,24.853925
63aae00d022c44778bfbe4c3c4c29b3e.jpg,Belarus,BY,53.604489,27.464654
b6a7ea44af5143f3bc3cfee85d58efd2.jpg,Belarus,BY,52.311227,29.335801
eff62b4956bc41e0a8fbc1c322bddf8a.jpg,Belarus,BY,54.754006,25.96308
7dabdd85d17140f093762d1604aa8f87.jpg,Belarus,BY,51.910855,29.797803
8bf76e38e83547f18d16eacf499dd994.jpg,Belarus,BY,52.944118,29.93437
7659e671ff3544a99e798e734dc7510a.jpg,Belarus,BY,51.956651,25.564037
6d038d02124642768360c5b6bb13e5d0.jpg,Belarus,BY,54.990735,28.868015
8ac610cfe7dc4392bb069ba8ccb5ccef.jpg,Belarus,BY,51.853463,24.217093
4c010f7b36e44c2b82169d92cd561659.jpg,Belarus,BY,55.77786,28.602544
ac0af944223c41779d50ffa53754035e.jpg,Belarus,BY,53.919431,25.841653
99e7824cb34446e6bcd1fb2746d9dab0.jpg,Belarus,BY,54.500964,25.875252
b2822f3c42ea46d89260ea1ce714c163.jpg,Belarus,BY,55.889598,28.534682
41fb5f7ad0e44875ade13301ef9e1196.jpg,Belarus,BY,53.870872,29.21401
ef6325ba65d340749b8b70b3e9d88976.jpg,Belarus,BY,53.706641,31.740746
dd7a6ed0221e4ddbacb3c559be95a5a5.jpg,Belarus,BY,55.197378,30.364605
ce6979988cf749b1b7206798ebad8f1d.jpg,Belarus,BY,54.657055,29.149103
7a24310b00d2482c9eb0b304a69ccd42.jpg,Belarus,BY,52.13798,26.096416
dcf705ef2806488ebbe344b190c2fe60.jpg,Belarus,BY,55.149879,30.242859
c745df6da9834378bc65592b0e47c1ac.jpg,Belarus,BY,52.211255,31.537906
9a346f22fc9647c9ac4ebca65ad32424.jpg,Belarus,BY,52.239056,31.443447
7c7d4672ed34426ea8b1307e2c6dc257.jpg,Belarus,BY,55.236971,29.917374
1be431ed96954724a3e260eb00e04ad0.jpg,Belarus,BY,53.518425,30.2718
f09e811a0f2447d8b9db7af6af2b77cc.jpg,Belarus,BY,53.579059,23.875464
004d6a54456c4568accb522ab7ef6736.jpg,Belarus,BY,53.483668,26.399052
5f3e42ee8c68479786bf56c281dfe8ab.jpg,Belarus,BY,51.676078,29.12862
b59ac730da714ccd85d94c160eb3d711.jpg,Belarus,BY,52.446246,24.283131
6588874218d1446fa3829c93d029a2cb.jpg,Belarus,BY,55.51477,28.894869
1fb03553d15549d98122a2a3b8172cb6.jpg,Belarus,BY,54.725033,30.433098
c29e36fe0e784442aed70128ee0dc97d.jpg,Belarus,BY,54.584442,25.889414
fc21b90c3dbf434293f4a43187284cf6.jpg,Belarus,BY,53.07766,30.272276
431545cf2af443428e2282ad692fa240.jpg,Belarus,BY,54.934577,26.909147
312bfc6e809b4fbdaf7c8247eb8bd89c.jpg,Belarus,BY,55.858154,28.605743
f715a4edc7124a7880e71a03fca22adb.jpg,Belarus,BY,52.215322,31.515105
147e994d334047428673e3e3fa8c8740.jpg,Belarus,BY,52.372673,27.460245
8fb512f6aa684f199d63f3e2ea09e1e7.jpg,Belarus,BY,53.510827,27.381564
f4bc5341fa2849ffabdae5982aa4e7bb.jpg,Belarus,BY,51.928438,29.576374
75711b9de35147f795f253d5aebeae0e.jpg,Belarus,BY,54.341532,26.20063
577bcdfb91464d66a45ef5a60dd15093.jpg,Belarus,BY,52.821826,29.401338
219c04d0994e4e71961def9c9ed172d2.jpg,Belarus,BY,52.21648,28.554789
ad05ebf1660649e484a1df35992d94e3.jpg,Belarus,BY,52.205268,29.302858
9b8c821f36e340d7866886d52a51263f.jpg,Belarus,BY,51.657872,29.119244
54c6f9c47bdf4abe8cb608c745186f36.jpg,Belarus,BY,53.518493,30.268511
f00bca50869941778d25481a9834b3bc.jpg,Belarus,BY,55.266033,30.331848
91ec8ec9d98140f59733023fb57112b8.jpg,Belarus,BY,52.361655,23.64767
eb4e4b5f83e1461ca7bd99998ddbf627.jpg,Belarus,BY,52.648692,25.48476
ddc2e5c843794115bed98b69b3942403.jpg,Belarus,BY,52.749695,30.771588
c75939874a064dfa87120014839b0139.jpg,Belarus,BY,55.835571,27.927842
822543db051b4b029376ef5a179f1a9e.jpg,Belarus,BY,51.871743,29.944619
bfb372b200ae446fa3c464c04cc71dbd.jpg,Belarus,BY,55.170947,30.072181
aa12f3ccbf31427184a4c6267506ef63.jpg,Belarus,BY,52.516798,24.397048
08c9fa7896814706bb852c471ffd48dc.jpg,Belarus,BY,51.653464,29.114803
182bf2e6b4194555bdeac06a2fddd1e1.jpg,Belarus,BY,53.781052,30.926095
998840eeeaaf4d7ebad157366820d58d.jpg,Belarus,BY,55.481654,28.81624
2caf0da1276d428599ac2ea4740adf8a.jpg,Belarus,BY,53.906388,25.910875
3a51900beb064df8868381195855dd38.jpg,Belarus,BY,55.740606,28.592215
b158368942274803a27bd3a726bdcfb2.jpg,Belarus,BY,55.296359,29.610909
afd66ab99eb44d2e8ad1547b14c70d81.jpg,Belarus,BY,52.048745,29.441186
ecb473356d34404d91bb504e300714af.jpg,Belarus,BY,54.515672,26.915273
7d30e9f331654414b160bb6885c3db6e.jpg,Belarus,BY,54.19014,28.587532
ea59f149dfe9467aa48051acc66ab59c.jpg,Belarus,BY,54.659489,30.436626
1beb6e3e973b43b3b4cc09e9e80dcdae.jpg,Belarus,BY,52.218979,27.866041
96f1587669194e49a391b4d284c28f2f.jpg,Belarus,BY,52.05554,29.432712
e76993a291ca43c49cffbfd3a7927f43.jpg,Belarus,BY,52.41927,24.358441
9bceb79664bb47ba9b690edffaf5e38b.jpg,Belarus,BY,53.724558,32.05704
627236279e934cb0bbd7da42de36abaa.jpg,Belarus,BY,53.733883,28.486307
4ea5f1a7a390432890c06ad5ddf9c8a4.jpg,Belarus,BY,55.332986,29.38598
0d4c172d1cc8401891b2fa10be90855c.jpg,Belarus,BY,52.290326,25.682711
6c4966892ef54e46a62e581c9d413206.jpg,Belarus,BY,53.975007,30.466634
8c12e2a32c194381b1e3e6fd8f8b0ecc.jpg,Belarus,BY,51.934283,29.55821
ed74e88291bc4280a74dc554115f7503.jpg,Belarus,BY,54.037882,28.235038
7f82b6e1c6b544bb908edbdc193d171c.jpg,Belarus,BY,52.928469,30.028694
17ecac0ea05d4495b6a4f01072699fb4.jpg,Belarus,BY,55.933738,28.650292
472168a1177a4a2ebd3d6fb52b018152.jpg,Belarus,BY,54.400628,26.096383
aa2e8992a889401e8dc9f03bd0a7cd1a.jpg,Belarus,BY,52.288532,30.960008
d00bb0f9feaf49a8bea97057da601b0f.jpg,Belarus,BY,52.304732,30.914933
3c4d8402ce24423b9ddd39e5b62e00ff.jpg,Belarus,BY,55.77185,28.605137
420b02b4f9924f94a5b78e4be014116d.jpg,Belarus,BY,55.167441,30.312024
a071ff25acfc4457b93091e0ce8ffbe7.jpg,Belarus,BY,56.033711,28.376573
0ffef3446cad4e67aad6f06c40b8c37b.jpg,Belarus,BY,55.442516,28.658833
8a42a5f65dea4813ac569db045a4bd21.jpg,Belarus,BY,51.916183,26.679605
2557c1401b8a4649ac5adf784257e71b.jpg,Belarus,BY,55.527597,28.815137
468f0f3a3bb24a58a1978acd20654eff.jpg,Belarus,BY,53.538152,28.25623
99a527833ffb4bf0889509ba7cf5c5c9.jpg,Belarus,BY,51.695666,30.346586
2beb6991ea92404b9c920bf87bde5530.jpg,Belarus,BY,55.527125,28.822805
44bcc6eaae1044bfb6d7a48f553e54ba.jpg,Belarus,BY,52.611246,30.853699
a13e606acdeb497ca6fbf345eac0888b.jpg,Belarus,BY,52.536277,25.684381
52206436258e4e2abe2da284979d8989.jpg,Belarus,BY,54.08566,28.687496
59f92a1648f945d3949f3f465f3ff56d.jpg,Belarus,BY,54.98423,28.839587
04934daa3305414ea8f6474011d04931.jpg,Belarus,BY,53.287655,23.939854
e677c92141a944caa15ae927c32daec3.jpg,Belarus,BY,52.971279,29.261425
b361d4aecb45439e8cdbf696671b0aa3.jpg,Belarus,BY,56.027971,28.372816
44289fc632f54d468a5808d4c01a802b.jpg,Belarus,BY,55.827938,27.94152
dad75529acf444818e0b48e15b6e147e.jpg,Belarus,BY,54.738382,28.081374
a9497bdfb44d46afb5cd3697a7ac0790.jpg,Belarus,BY,52.077767,25.558038
56982f9d1fd74efaa091615e3d899cdf.jpg,Belarus,BY,55.459073,29.127048
8334f10090574b9c9ceda27ba4c63db8.jpg,Belarus,BY,52.891529,29.312066
3eca4ca1885f4c3fad210c6022434c92.jpg,Belarus,BY,54.594797,27.894512
1c86e4bbf5554e0fafa012fca2617431.jpg,Belarus,BY,52.387331,25.933383
0fcf8fc120ce422e8a62cf4ee74cda37.jpg,Belarus,BY,54.185632,28.473198
b871d007bd3f49dc9fbfbcd97184d351.jpg,Belarus,BY,52.493733,26.31525
1d832eaffc814b9f99b80aacb48a0d7f.jpg,Belarus,BY,55.101897,30.262836
21b01950df62434fbb3749e2ca5e4017.jpg,Belarus,BY,53.835998,27.26832
344b6b26c18244fabce10b333e8f2f60.jpg,Belarus,BY,55.21089,30.024358
331ced815a344454893a898c88de0d24.jpg,Belarus,BY,53.088784,29.240259
21eaf9824d8843af9f5f82338bc8c269.jpg,Belarus,BY,52.636384,30.840298
126dc9ff2a814993a0f09335b68dde49.jpg,Belarus,BY,53.714018,27.466959
d97b42e85643404a8a9ebe549e4102fc.jpg,Belarus,BY,52.537745,30.816128
bcde4965e211444091d6e0b2f00d019a.jpg,Belarus,BY,55.781766,28.600869
5cee517aa5684231840cf24b60bf8e37.jpg,Belarus,BY,52.270312,29.320298
c261b6824e9a4fa9953fe03b3e921d3e.jpg,Belarus,BY,55.06955,27.385304
ed2a14db10c247ef8287ca34490ebe14.jpg,Belarus,BY,53.086223,29.381603
0ff0c158d00b4c1cb0da72c3ec70d8ff.jpg,Belarus,BY,52.470551,23.641035
f191ad0259e6438db8bd4e38aff9c67e.jpg,Belarus,BY,53.672121,26.905508
4da259ccb9c248d19c69f9be2f4ce27a.jpg,Belarus,BY,54.514199,25.782936
98ed1aaa3f07497f9629d240adbe9a11.jpg,Belarus,BY,55.205567,28.756769
e8411b633a9241308747bdeaa83a30a6.jpg,Belarus,BY,53.473673,26.419556
65377aca196946a7a9c2529e7595bedb.jpg,Belarus,BY,55.896482,28.617981
3fc372d8638c491c86b958038047ff1d.jpg,Belarus,BY,51.8645,26.797806
ae716c57a290455a858a2e9f41fe6973.jpg,Belarus,BY,54.649332,26.91281
cbcaa6ca914a44028aadf065888ad0a2.jpg,Belarus,BY,55.228763,29.98036
d4214a21a4da40a99f7c82bfce835ba1.jpg,Belarus,BY,52.278918,31.085183
ee70aa45d38f4bd2a423cacb43588cb8.jpg,Belarus,BY,53.310833,27.234816
60fb598262a74af387a5a1c39a3e0b5a.jpg,Belarus,BY,55.618486,28.426372
8536e86cbb71438cbb3a6419d8d17e84.jpg,Belarus,BY,51.666827,29.123838
7492980d51a549348ebbd946267652af.jpg,Belarus,BY,52.286438,25.992935
5ff3efdc318746749a095d3ef1c304b6.jpg,Belarus,BY,54.525636,30.160792
8bc9aa58fa464f4daafd67533cd9d6a9.jpg,Belarus,BY,55.271661,30.330927
c7dd6c807c7b493b8ef578fafb9ad372.jpg,Belarus,BY,53.575135,24.339688
2acdaf5a47264c8e9289286537a6f758.jpg,Belarus,BY,55.279425,30.326543
7d8e332668e3480b983c461b06d6e453.jpg,Belarus,BY,51.659761,29.120256
8904fc4e4c2749f28d2e41b7cf2f683e.jpg,Belarus,BY,52.063951,25.552393
cd05c31532f046e9b3f038e9af3d2f6e.jpg,Belarus,BY,54.998211,30.923392
2b450f3fadc1473e82cf1299efd1c2a3.jpg,Belarus,BY,54.791226,30.414827
31967290288b4558b5f6f144662e4f53.jpg,Belarus,BY,52.212593,31.531959
8a7a18a41d6e40fca45260ac71e3c4f4.jpg,Belarus,BY,52.766799,30.759434
0562251be34d4897bb2713ade1341d3e.jpg,Belarus,BY,55.015351,29.406464
59ca02599789483c89c5512e2b67d341.jpg,Belarus,BY,52.986225,29.815658
fc7ed0bbd573470d937f363cd71d6927.jpg,Belarus,BY,53.268626,30.658973
2bcb4f3aced947ec8d92c5b8a64ef1da.jpg,Belarus,BY,53.59576,30.370383
91ecbdfd3fe7494c97920acb4aa6ce0d.jpg,Belarus,BY,55.166443,30.321166
f2804a8ada974d56be48816e4b6d15a3.jpg,Belarus,BY,54.430478,25.983176
441e2dc1ab82457ea3574951a2908896.jpg,Belarus,BY,54.542672,30.719123
4e43bb2e49434f1096d2e47dd6e0f679.jpg,Belarus,BY,52.795608,29.407099
ac3f5a6a6a9549ef8d1b500a958b77d3.jpg,Belarus,BY,54.246893,26.328196
e95e5907d216495b9d1a2d4def7d052e.jpg,Belarus,BY,53.733242,23.818957
2caf6ca78b6244cd93b4f571b963b644.jpg,Belarus,BY,54.472024,30.503969
7786d1c7e92a4006b1b4fb76c762ceb0.jpg,Belarus,BY,52.209566,23.969911
000ff4ddb5fd41408eb4adad85c37e7b.jpg,Belarus,BY,53.227725,28.685234
e299d405424843cfbffc85c3555fac3c.jpg,Belarus,BY,51.702531,30.34821
bafeb197c67142539c304ec449859337.jpg,Belarus,BY,54.121223,26.590901
f0105006df5a4a6698a0fdb836afeb07.jpg,Belarus,BY,55.226249,29.985494
284757a25e164e4dad73520894656dc7.jpg,Belarus,BY,54.266668,26.305497
9c3f596a97f245a0b42ddd885be1fc38.jpg,Belarus,BY,54.768076,28.446439
04372647afb8401b96814eccf9c92dcd.jpg,Belarus,BY,55.054708,26.893652
89b7187cb9234b24b41c67af7e69072e.jpg,Belarus,BY,52.584972,27.471658
c350a5d8e2844ccea6229496839dde0c.jpg,Belarus,BY,53.721923,32.024923
3f6a3da0691f448e954f324eb9ea9f25.jpg,Belarus,BY,53.612217,26.177462
36cb6ba55641406aa2141e7b682b6b28.jpg,Belarus,BY,52.239269,31.266029
fea13d2107254dbdac4057b3bf28079a.jpg,Belarus,BY,52.214147,31.482324
3f9a72628b3b42f488690b0f9f2ac970.jpg,Belarus,BY,53.549295,30.34094
005def1af56347558723886d9ddfa48f.jpg,Belarus,BY,53.790706,30.93654
74ba3481e11a4172a46aa1e3fdd55028.jpg,Belarus,BY,52.825518,25.466509
1cab2bcc4dfd4e02a2c2948ec0f09b23.jpg,Belarus,BY,52.359167,30.632976
472ad7bc8c1f40059b2cf408f809eb04.jpg,Belarus,BY,53.246339,29.443691
8e2c56d3283b48d5953f490838568ef3.jpg,Belarus,BY,52.149481,27.890113
dc8b4db7ada6417ca5177ae666cd3698.jpg,Belarus,BY,53.706774,31.742789
75538e3b8fa14e588ea27b2a4c0af2f6.jpg,Belarus,BY,52.504842,27.474795
69485f12c5ed4e3983e9aefdec5699fa.jpg,Belarus,BY,53.215572,28.692562
e048c696fb18497eb220b35f745bd11d.jpg,Belarus,BY,52.468177,27.474117
793ebea1bb0d4523a1e5c3440a4d1efa.jpg,Belarus,BY,51.912363,29.789544
63368c5d15c9461391387dbd0a2f1d41.jpg,Belarus,BY,53.043558,30.550454
3a8cf6d45d194ebcb938cf7e68d885bb.jpg,Belarus,BY,53.454697,26.679343
d749b5c6d12046289856583dc4201418.jpg,Belarus,BY,55.215464,27.91274
ead46208d4fa42f5a110b409dca43621.jpg,Belarus,BY,53.021574,29.710862
c38856319e154aa184880d3bf2e859ed.jpg,Belarus,BY,53.919451,30.469573
5312e1e3b70c45618d3a62e970f98607.jpg,Belarus,BY,53.59516,25.862332
e0a90de085624c509fdd58c4384ef38e.jpg,Belarus,BY,51.635884,29.09308
b04daf5fa6574e0a9860dceede9bae8d.jpg,Belarus,BY,54.814024,30.407963
2e34a356599f48d3ad47d39df61155af.jpg,Belarus,BY,55.862421,28.605279
402c6d4f453b48388f3ee1a83200b276.jpg,Belarus,BY,53.211421,29.39387
bf7fa6c60c8f4724a0d8dec03fbd29fa.jpg,Belarus,BY,55.02568,29.370973
b67f7d7396244e81b3711a4fc94cbc50.jpg,Belarus,BY,53.731438,30.457817
405546594ae94458be762d5801c6657a.jpg,Belarus,BY,53.06727,29.42321
36c0fc647bed458eb2b1b0d165e8b440.jpg,Belarus,BY,55.453307,28.6804
cc6fca223d114094b24cba7ebd10d3c5.jpg,Belarus,BY,55.020927,30.852418
91454d7a758b4b1c9d023b7f4508cdf9.jpg,Belarus,BY,53.622429,24.729773
60772e0f36ec40aab4b337f88af6cc83.jpg,Belarus,BY,52.275684,31.100535
fa18ff8d981d461eb728e07b0a064aa1.jpg,Belarus,BY,55.299091,30.152382
f42a635dc0594a4b84075399bfbc3d80.jpg,Belarus,BY,54.558931,30.45421
a929a6ab62c9495faad31732d8314c25.jpg,Belarus,BY,53.130191,26.07328
d3394540e74346bf8ead3534e1fbfe80.jpg,Belarus,BY,51.640983,29.098483
1d663a2fad7247718351dbbf0ad95d81.jpg,Belarus,BY,53.562941,25.837863
bf2afb328f0442a9b4785f1c18e577e7.jpg,Belarus,BY,53.181685,30.451467
a7de0810e6b14d36927021684565fc76.jpg,Belarus,BY,53.049825,28.063994
d9ba96a641624561901992c1f22977f1.jpg,Belarus,BY,53.917087,25.845466
894305e391444efbb1417d24717f034c.jpg,Belarus,BY,53.902245,28.001327
13e6b8a7f6304f83a76eb33ab79df2c7.jpg,Belarus,BY,51.703745,29.147891
43d97d79f53b45e9a7166ef7e19e93ff.jpg,Belarus,BY,52.996703,27.388711
69b2c09dd1844321a3ffc357e007c8f1.jpg,Belarus,BY,54.153845,27.111581
5b7672710a27499787f7b016efa7f4c8.jpg,Belarus,BY,56.002339,28.64517
9703ec512ee446e1a14a36d31e255c2c.jpg,Belarus,BY,51.676373,30.35687
a0d1ff5ca1144090ba91d4c964818043.jpg,Belarus,BY,55.588243,28.666912
3f43791b34b3425e9f658b2c3fd6b3ed.jpg,Belarus,BY,53.747626,30.13845
7ebb2e69568040919c7d1d63cf7e8632.jpg,Belarus,BY,53.13568,24.258322
976ffb53200a4aeaaa0e21a3d31f7a7a.jpg,Belarus,BY,54.542515,30.194909
73020128ddd24201b514f92f421edee9.jpg,Belarus,BY,53.187543,28.730799
2d341e3b17884c56a18a36ef0dbcd398.jpg,Belarus,BY,54.591302,29.066843
a8d88f893e4447d08ceba60ec035d042.jpg,Belarus,BY,52.927886,30.010687
689f14568fce447ea3b35608342bd542.jpg,Belarus,BY,53.947913,30.46807
ef3e5c860a4e4d22b8b517cc2b506375.jpg,Belarus,BY,52.09437,27.813359
c9629448ce914c88a1cec044b7b1ef0b.jpg,Belarus,BY,54.261009,28.668641
73723b6e62fc4532b5d375bab911ac60.jpg,Belarus,BY,54.500752,30.066451
d2ffa60a0a574eeab068caf61d4bc137.jpg,Belarus,BY,52.169271,23.93522
87a9c80df4354589b2f4b9581ac26b5f.jpg,Belarus,BY,53.769295,23.839714
72ab1a08c8574da78b15770cb9aa5f51.jpg,Belarus,BY,53.051938,25.544566
c13fc4e503934f6eb20386c89c9b338e.jpg,Belarus,BY,53.131743,26.941672
b41d0eb27f61486c9dea3cefb5663b9e.jpg,Belarus,BY,51.63395,29.087356
656c2600fd3949e497d0d46f026459ee.jpg,Belarus,BY,53.420691,27.122306
733d3659aa65465f873de5cc564c7ee9.jpg,Belarus,BY,52.993727,27.295023
0e2835c2d8354ebc9bc2c9f0e9eed273.jpg,Belarus,BY,53.096538,29.767143
dee952aca0b74b9db4dfb03da6de35b1.jpg,Belarus,BY,52.161358,26.090681
1aaa07ee406a42b2a6ad6c518bb25d1d.jpg,Belarus,BY,53.142493,25.946456
45b86a6a8887478c8d2e0823eab45d77.jpg,Belarus,BY,54.508769,30.127898
7712abf623af450f90b3d0eecf45f539.jpg,Belarus,BY,53.893714,27.338725
209b7df6f079498295857654e0702cc4.jpg,Belarus,BY,52.018814,26.3394
57ac4d950d7d463b9df2c5d976119e3e.jpg,Belarus,BY,52.287632,30.984972
29f561e3ac4640b39a9a5e4b2b4f7b21.jpg,Belarus,BY,54.501975,27.159349
03fcc32521a942c0b0c860fa6e1f26c6.jpg,Belarus,BY,52.519364,25.027114
d9140e2023834d4fbf0ef3756e84bee0.jpg,Belarus,BY,52.981241,26.936207
aa1826b0e0a840ef9af77262abc3114c.jpg,Belarus,BY,51.648441,29.108183
9339adea2765410fabe936c2a29371d1.jpg,Belarus,BY,53.065991,27.86868
a470ac98942a4653849d40d9422471ce.jpg,Belarus,BY,53.528624,26.253894
7adec232e87e4ad9bd41e97e0cc02dfa.jpg,Belarus,BY,53.445583,26.508028
c7ddf4ae47be4a038f11aca2c55fa417.jpg,Belarus,BY,54.75235,25.93075
f9e9859afaa448cdb8d43609848ae3dd.jpg,Belarus,BY,54.532042,27.867387
e3c6d573797d4a6bad64a13b0f617f8e.jpg,Belarus,BY,54.056359,27.54656
c6bdf7b7903e40ccbcfcaaf1eef68ede.jpg,Belarus,BY,51.638658,29.095422
2f28aa485cbe478d88c6acca447317f7.jpg,Belarus,BY,51.923326,26.666495
80d7bf9652654dcaa3aa9e3d15b967a9.jpg,Belarus,BY,55.291132,29.619615
70b60c17875b4bd59a0a3123e0ca0b16.jpg,Belarus,BY,53.480877,28.098512
488f1711cc014f8bb42660fa08148c06.jpg,Belarus,BY,54.111764,26.608062
6e95a1069f53417ea42690f018545cb7.jpg,Belarus,BY,55.590397,28.572301
a5d1583f784848efa048d825b34ebc5d.jpg,Belarus,BY,51.636377,29.080056
5fdb8de3949841c9ac13f77c65c27b86.jpg,Belarus,BY,51.942545,26.923705
8d97fde285c145809c7c25dc470ad731.jpg,Belarus,BY,52.499828,24.811231
8cb7147624eb4a5fa2e0503cde6db741.jpg,Belarus,BY,54.747235,25.901959
8372bf9902234faaa66c1ba71ed5208f.jpg,Belarus,BY,53.795493,30.991835
4cc5ac3cf5ec48899032f0f32f41710c.jpg,Belarus,BY,55.707782,28.450978
9207dd2c84cb4b07b43f7971ae9780f7.jpg,Belarus,BY,52.755659,29.398282
af1c01e4f53c4012abae13e36b1d0799.jpg,Belarus,BY,52.464061,30.946138
dadb9ba799bc4f188ce63919707caa93.jpg,Belarus,BY,55.20902,30.147288
1db8a2cba3dd47b4861bccf08853186a.jpg,Belarus,BY,53.976447,28.063213
7dbdeac43360449589d44d8268f5cf2c.jpg,Belarus,BY,53.342035,29.578723
e5f220258a31401da3f07a2094baf9d0.jpg,Belarus,BY,52.556565,25.069216
f6a03cc5091e459ea15c763797c20cc5.jpg,Belarus,BY,51.951409,26.516594
7c6198e1046d43c79f20e6bacf13f12c.jpg,Belarus,BY,55.966783,28.646306
bac3a624cfa345b8918de150bf344ff6.jpg,Belarus,BY,54.120284,28.221065
a425e5d83caa4096b9010275cb352033.jpg,Belarus,BY,55.234503,30.347759
9d126f0a09f149a3b559215bcd38dc9d.jpg,Belarus,BY,55.035073,29.332589
d1e8a9b2f13a4227884587b3d1c484d5.jpg,Belarus,BY,52.561028,25.039784
7400642df39e4f1e9303664bef18f640.jpg,Belarus,BY,56.028255,28.367618
6e858db7e3554f58aaac8c46b95f4ded.jpg,Belarus,BY,54.470087,25.861052
c1e1d7c4bc734db2bcd604d741521c18.jpg,Belarus,BY,52.704815,27.450029
18a1c4cbac164c78bee0379ee474623f.jpg,Belarus,BY,54.561715,30.453413
ef95d45cc0d54169a51bd83951185ff9.jpg,Belarus,BY,55.273471,29.700741
d5c75a2c01434716885a037266208949.jpg,Belarus,BY,54.628375,29.088931
4a14781e28494a2c978d686aebd1ed3c.jpg,Belarus,BY,54.73364,25.983014
d975665caced44948b080ab62b57f57b.jpg,Belarus,BY,52.239405,27.511104
e177b3d5e8524f25b32f1cf8b62ffa01.jpg,Belarus,BY,55.311983,29.553656
4e779c5e64b646f480af283cfccf76be.jpg,Belarus,BY,52.237194,27.55566
0fe2bed47ad347d7a6e4f12231d23616.jpg,Belarus,BY,55.364061,29.16154
0dd508436ad0424aaa4ac5f922d5f3a4.jpg,Belarus,BY,53.5521,27.054928
5f5d72a1773e425085062ddd5c5d883e.jpg,Belarus,BY,53.024953,25.699509
6c184d674f334ca9a51b83e1393e26a5.jpg,Belarus,BY,54.483817,25.84286
0c9926681e244ac3852b24ae46fa9e74.jpg,Belarus,BY,53.391882,28.53611
aa20a95148ca4acdb73ee4b42b257abb.jpg,Belarus,BY,55.607787,28.311598
736f2a670c8b4f799a3e6cb1d54cc6d4.jpg,Belarus,BY,55.316556,29.450466
efcddc47084b4e288f4268c27817bd6e.jpg,Belarus,BY,55.088826,30.61525
da93772ff94d4bed83c13ea4d194f783.jpg,Belarus,BY,53.02468,30.565446
fdf339cd3d71461ead52b221fb91a3ff.jpg,Belarus,BY,52.037737,29.454729
21b452e2024f4cf09e454060ee314584.jpg,Belarus,BY,52.373761,25.950151
a388deb2d1ba491b91e07ac0ed6771c4.jpg,Belarus,BY,52.93188,30.636684
dae04dc70c844523aa241312417d2a76.jpg,Belarus,BY,55.115881,30.517368
0ab351d2784b4c0a8600d942274821b3.jpg,Belarus,BY,52.887352,30.670181
24da27c6ea6940fa80ce4a635be29966.jpg,Belarus,BY,55.234733,29.962289
2a05aca8aed64b4f8095d7f9dc61e69c.jpg,Belarus,BY,53.707494,31.762454
86b6ffe1d7dd4c3c994ddb20257ad2d1.jpg,Belarus,BY,55.391993,29.086734
e233df8f2efd41e39867de256c36106a.jpg,Belarus,BY,53.960304,30.467409
ac1b6318d29f4aa6b116b09c411a9658.jpg,Belarus,BY,52.321045,30.86769
7b2ca5ebd5914c6b8aac571dd1acffe4.jpg,Belarus,BY,55.333601,30.257192
7bfe38871cfa45dcbc590bedbace4181.jpg,Belarus,BY,52.643996,27.464947
4bb1417857d24acb8118bb72c4e5d4e5.jpg,Belarus,BY,52.927488,30.068844
ad19416ac088481fbd837467ade364c5.jpg,Belarus,BY,52.156136,26.091831
4edf4ec4758f40a59a98e1aad2154427.jpg,Belarus,BY,54.773036,28.184641
35378896d9de45239801d1767bfec244.jpg,Finland,FI,65.831182,25.321981
5477f0bf0aa841be9c09d5812dafaaa4.jpg,Finland,FI,66.11567,24.834209
035d42abc82b4f12bc8d57d1398e18b6.jpg,Finland,FI,62.904425,30.219035
e474730f4ba84d8f9d4b481c9de4a1a0.jpg,Finland,FI,62.950203,25.821468
c16e12ce5f4443218719db00018fffc6.jpg,Finland,FI,64.280799,29.840035
96974a19efff4492a4124b0a49f3d336.jpg,Finland,FI,65.543498,28.11578
152e6c2bff394bd295c3e209dbce401f.jpg,Finland,FI,66.341746,29.083927
9f2a58ce5df84261881c4ee0d6caaded.jpg,Finland,FI,61.33908,21.961703
e7a111058be54975b2c9e53122b1bd7c.jpg,Finland,FI,61.322985,22.767447
071fddde5d0d483e9c20bfe13d8bb640.jpg,Finland,FI,60.527143,27.549274
61707b0e8ade49b0924b31fd165284c4.jpg,Finland,FI,67.948201,24.032038
a8314f79c4d34222aafbf6656220c5a4.jpg,Finland,FI,63.642007,26.598409
5f5ad8bf6ce6413c8e0d1309c3a188fc.jpg,Finland,FI,63.461218,22.587565
c1302b7839b141709a1ef8d6a44bd16a.jpg,Finland,FI,65.889458,25.672381
2d222b5408134241adb0a4cd8d9f1bad.jpg,Finland,FI,65.98544,25.06029
7bdf988a624042e587a0ffc1bf77a8ce.jpg,Finland,FI,62.751925,29.85952
d27ea12d26aa42a4b13903aa4d653202.jpg,Finland,FI,63.176112,25.735485
6c1d2fc7fae943a2a0e3f6d2c8e1f5f3.jpg,Finland,FI,64.158282,29.261762
2536e3ed4f134f178085eba33423b283.jpg,Finland,FI,61.718063,23.549185
ed7bc3baa7d94149a96960ef70f46470.jpg,Finland,FI,67.483764,27.894928
6af049878d8b4225abf721bbad0ced8d.jpg,Finland,FI,65.975273,23.984325
24de907b02074f2487f182107cf43fd7.jpg,Finland,FI,64.259673,29.564288
b176710dc98245f1bcf6b5245f10af97.jpg,Finland,FI,63.600648,28.018747
cceb4c02cdfa4ad4905e7eb44943efdf.jpg,Finland,FI,62.298626,22.243543
93df3925f2204735a60b41faf932d963.jpg,Finland,FI,63.499101,22.632764
a1a40f1248e24533ba40d043100df95c.jpg,Finland,FI,63.501754,28.282486
0417da48c4cf41329b52d73f9393b56a.jpg,Finland,FI,63.918825,29.182165
54dd57335463463c99cd72fdb0169038.jpg,Finland,FI,62.583639,27.03097
d490500b319042ff873c2d931892d023.jpg,Finland,FI,67.509368,27.956837
895d3f8570e241be807600a2a7a3a7ec.jpg,Finland,FI,66.064196,24.757129
fef0b35c8efd48a99a5b82febdeaad5f.jpg,Finland,FI,61.109459,21.510456
8725b2bcb234448280234ebf65e1102b.jpg,Finland,FI,62.847344,21.699506
d99872b0333a4e6c841d175777ce2437.jpg,Finland,FI,60.977913,23.214361
61224460a9464735b004248300b839fa.jpg,Finland,FI,62.863506,21.250769
5b13b18061944a48926768e7caa3eeb0.jpg,Finland,FI,62.623377,27.082659
b5ad1f3d02434b5386e6cea10019f7db.jpg,Finland,FI,63.103757,29.815951
1ec5d0b50a464c4da8549d618089e0e9.jpg,Finland,FI,67.50344,27.465031
3703c76c2deb400f85ae3af069dff5bb.jpg,Finland,FI,63.698793,25.909176
bf3b2a5ab739454caaaea54c76f36fa9.jpg,Finland,FI,67.276637,28.261558
dff849d8c25644d0b146cf6e7521a237.jpg,Finland,FI,62.954788,27.771278
1ad9fd20eb38421abea444ec252cb328.jpg,Finland,FI,61.181278,25.629373
cd51de3230b24aa29bffc8da66bf73fd.jpg,Finland,FI,61.832782,24.481911
cbe696bd94874e05b756af6892b05c90.jpg,Finland,FI,62.638995,22.002728
f0d818546816412f80dbd140e7400da9.jpg,Finland,FI,61.841421,29.86528
26f7c90e09254deeb6b5e1f7c8923015.jpg,Finland,FI,61.191026,25.082632
650bf2af1c3a4bcbaf5a208105357a72.jpg,Finland,FI,65.555956,28.184113
e2170e7267ee4c33ac13d0457a4756e6.jpg,Finland,FI,63.656614,27.505823
dcbbf1fee34648268e7ef69d3d0e9762.jpg,Finland,FI,68.025868,26.985819
d2e51041280b41f8b2136db29f8f7612.jpg,Finland,FI,63.201793,22.814086
8ef0acc41fd648739db81a9ce846c32c.jpg,Finland,FI,67.479148,27.941209
6ec2129b3bd2461a9369c4e1c1873f5c.jpg,Finland,FI,65.75071,29.193629
f79314bad98b4a1fa23c2d59c4e8d8ba.jpg,Finland,FI,62.891352,25.813222
c1d454fc94124d88a96522149fe45a29.jpg,Finland,FI,60.694126,24.168639
aed22d4cdde94b6bab7b36e09e070ef7.jpg,Finland,FI,65.48287,25.341775
b3e4802c9d4347d1960a955c5035199c.jpg,Finland,FI,66.383732,25.871219
91bb8db7faf948a8b12a8b1bdbc35a9b.jpg,Finland,FI,63.020673,23.818745
306ffaffc247415c8fb74dc82d951240.jpg,Finland,FI,68.355338,27.399412
072dd6d632bd4ef3a2f1969e0cb0e62b.jpg,Finland,FI,63.610009,29.190994
6e9920288b7c49faa254f70a138e6325.jpg,Finland,FI,65.991433,24.686412
6c3c02a91c584b74a2e760896b11752f.jpg,Finland,FI,66.263948,29.362918
869640907a074e83b5b486d8d351ccf9.jpg,Finland,FI,62.267809,25.682837
e01be665c8fa4523973dadb76742181e.jpg,Finland,FI,60.239856,24.046441
c4144c118e084bd9a14c5dd7e8589394.jpg,Finland,FI,65.395837,27.157416
42f2d7b445e44eb995137c62f23d1571.jpg,Finland,FI,61.09517,25.178308
6e329eef4df342848206d04788d665be.jpg,Finland,FI,67.411314,24.924669
2fb873a7096243b3a8ebe89ae11bc447.jpg,Finland,FI,64.778826,28.301374
d1de978b93694e0984d8aa16e63f8f89.jpg,Finland,FI,65.533409,28.87899
b8a33e630b7e4fecb645ab5a2fb93cc7.jpg,Finland,FI,67.911444,23.915808
e5d3924ddaf84212a2d4f5092fefc2e3.jpg,Finland,FI,64.278348,29.16094
c1a402097616404692071cfd6243ceef.jpg,Finland,FI,63.52358,29.022136
eed85940681b4a5b9302b111c5c26cb7.jpg,Finland,FI,61.702628,23.151498
869709cd5a2d422fb4a5d8885aeb37b5.jpg,Finland,FI,62.955271,28.575472
9e7b5fd3e7f040249e5197c49039c3dd.jpg,Finland,FI,63.945694,29.916284
a1e293b5fdc4400fa3eb5f140134e6ef.jpg,Finland,FI,63.835635,29.464602
56fd4d4be13e489b98f6169fced3821b.jpg,Finland,FI,64.16725,28.545896
82740c461bde4e8d9167d795ebb1213b.jpg,Finland,FI,62.450594,26.811532
9af8206ea9ef4cda9f630189eb190310.jpg,Finland,FI,65.677299,29.109101
44375a6c3ba046f8853f520d68e70e85.jpg,Finland,FI,61.380992,22.699982
aa5670d8c98c42eeb65cf5f16a7c7cd3.jpg,Finland,FI,68.370478,27.415897
c5618a0fa22d44c2ab6dd681f4564cde.jpg,Finland,FI,62.63958,22.766858
e237bcb1cf5d440487fe1fe81946bc94.jpg,Finland,FI,62.189011,29.909463
537389b1f15549769493acdfde2ca8d0.jpg,Finland,FI,62.961849,28.558986
ffb055f03321493489b8b4de0e990c8e.jpg,Finland,FI,65.841099,24.513913
a0d0b693fa4d44f8a5f6d84236abc6b6.jpg,Finland,FI,61.892303,29.797767
6781979427274818b5bef99a5b635e03.jpg,Finland,FI,60.584207,24.251295
7c7125c6eac84354881a8a9a1234c1ec.jpg,Finland,FI,67.554637,27.897383
8357dfa5cfdb4ac5b1949f8a32c61abe.jpg,Finland,FI,64.410855,25.8208
f1e81334fc34416bb745adfd9d31c9f5.jpg,Finland,FI,65.480987,26.797656
b0088b5f19b240e79a01c932fd8872d0.jpg,Finland,FI,62.293657,26.476005
edfbdca33e4045eb87c88c30c0f18e3c.jpg,Finland,FI,66.63735,25.538324
78345652254548cc868b4b498d431b25.jpg,Finland,FI,61.805713,22.312318
31d1c34bae9244d9996bd011e5a35778.jpg,Finland,FI,68.744079,27.450711
7b5f1688e2d045a58198840523faee8c.jpg,Finland,FI,67.105949,28.825053
563fbc9725ce4b919ee293ec9a13c14e.jpg,Finland,FI,67.544548,24.391902
5ff641c660bb4d4ba8a44362d5be46bc.jpg,Finland,FI,63.266013,21.177775
4a15ed02d26348f29493b3602325b8eb.jpg,Finland,FI,67.875963,24.860886
411c3f4d5d0d4ae2b142402177f14244.jpg,Finland,FI,63.165724,28.086182
0ad57f08cbdd480a898fa35bbb967b36.jpg,Finland,FI,65.81924,26.549113
346dc99b7a9247ffb988617b72ceb2d2.jpg,Finland,FI,62.539117,22.041555
7bc57c25ce5149fea0858a9072a52013.jpg,Finland,FI,66.977386,25.295984
c5671a60d59c47d39e6304e2b9c3e7f7.jpg,Finland,FI,61.029319,23.163216
117535e9acf64fa79a13e88020e2d98d.jpg,Finland,FI,60.591237,26.451144
20428192e7ee45f2a4590d1fbb89692a.jpg,Finland,FI,63.679958,26.351708
3e69e92f74814e85baee0fa18b77212a.jpg,Finland,FI,66.932528,28.895161
bc005d841a2f472288f41ee0712f1542.jpg,Finland,FI,60.872786,26.289743
967e7db70f914a4eb0ab3f0ebf566d22.jpg,Finland,FI,61.172788,23.217867
6bc485e8a2c043dfa09cd31cf8862dad.jpg,Finland,FI,66.244943,26.159261
8cd851e919c24b3ea4c8f5bac52c65a9.jpg,Finland,FI,62.972748,25.819001
0e4c3f605f5847949a5a548530eef768.jpg,Finland,FI,63.017775,29.71258
e6dc35d438644131bb0c437f37fabc14.jpg,Finland,FI,67.936361,23.94645
c2ff368c9297429d99e6f2769082f6a3.jpg,Finland,FI,67.910251,23.918936
22dffc49c31b40ca88cf61e0c0cdea15.jpg,Finland,FI,63.877058,25.810765
2a86a2f869cb4afb91b55d05974b21fe.jpg,Finland,FI,62.807034,22.926899
4b79991b4b774dc398769446c000b9dc.jpg,Finland,FI,64.738022,29.787482
0375aab048564dd8bfed5cab97c0778d.jpg,Finland,FI,64.25866,29.170698
9a414f3666ef44179556e7d2394099e9.jpg,Finland,FI,67.117813,25.071383
fe02835a37314e60b1e9817bd778c532.jpg,Finland,FI,66.15668,26.256173
9e98c2c1a3754ef5ae0e3864f25ae37c.jpg,Finland,FI,65.506142,27.969896
2a619b6675334db2b5e519ae70cda993.jpg,Finland,FI,62.302979,27.308843
e921b24bad9e416dae28f89f167f1d85.jpg,Finland,FI,68.862675,27.18628
825f1c8c103b4f8c9446f569afbdc5d1.jpg,Finland,FI,61.352665,27.429725
fef949c0ed1b4df5bbf6834a983dd4c1.jpg,Finland,FI,61.992931,23.014117
614c470a111844d1ae2febbfe77b1e21.jpg,Finland,FI,67.889171,23.996242
6b5bd5074c2141808aea70eef20272d6.jpg,Finland,FI,61.200444,27.511671
9b9df287044e4640a2ad8ed867fad478.jpg,Finland,FI,61.898763,29.807378
74a5c9024d964173a580e2c81c58bd7c.jpg,Finland,FI,67.276266,28.23593
8eca24df6bee45ee956626d367ce88b7.jpg,Finland,FI,62.307525,27.241755
4fe84e7f571a4e30b4abfc2a7eb7dd1b.jpg,Finland,FI,68.379037,27.409327
fc3470ab25d244689eedb244973f5cdb.jpg,Finland,FI,66.303521,28.861826
416bb5495e91455d8d10a94c20fd6325.jpg,Finland,FI,62.436761,30.030559
584b970a330f4886ad03b88ab1986ce1.jpg,Finland,FI,63.015746,21.531076
d6bbef88aca648ad89250a285b92c596.jpg,Finland,FI,63.403622,25.644867
b33032bcc6914de2965161c3062e7f44.jpg,Finland,FI,60.311602,24.64385
61861f8fc82d4354bbe1252021084c80.jpg,Finland,FI,64.696769,25.580538
1b8b5d169082433ebf77864ec7a68846.jpg,Finland,FI,66.895091,25.386463
d63d01473c084f26ad552e82aa9a8090.jpg,Finland,FI,60.646219,23.011552
724749ee982043aaa843649235a5787a.jpg,Finland,FI,63.057436,29.80908
1fae1d5dc1a349eabd5f25809431c4f1.jpg,Finland,FI,63.125484,22.46882
707246814a68494f866fb0db6b256650.jpg,Finland,FI,64.487933,25.68825
f1123ad21d5f41d184490c47f21a27e1.jpg,Finland,FI,61.647403,29.585908
f794ca7012494b6fa68aec7601a94ef2.jpg,Finland,FI,65.413605,25.397876
3080beaaec8a4068abb7195529218847.jpg,Finland,FI,66.261623,29.304173
0cab38b04be143e3b68e1e00185ff1d1.jpg,Finland,FI,62.924687,21.745879
2a4db8adbb174f2e88f43b59bc02e2ee.jpg,Finland,FI,67.088727,26.615216
e248dd6ed62547e29d559b19713ebeb1.jpg,Finland,FI,61.747037,24.348989
26f6e453ab1448368dfedc6f32c79adb.jpg,Finland,FI,62.24952,23.451442
31868e4bdd4c42f0a2e899d54046004c.jpg,Finland,FI,63.941637,26.853145
0dc35990126c49408a55bdd131aa7c1c.jpg,Finland,FI,64.224445,29.361985
5d928b38c4ea4a259e12e12532fd121d.jpg,Finland,FI,65.430789,26.861558
0818d3d55128436697cfd24553368d6a.jpg,Finland,FI,68.371108,27.415558
117c43c037f144a5b2d6e60981c69447.jpg,Finland,FI,61.5096,21.693632
255a2e97d5034c33acc22b985667e513.jpg,Finland,FI,62.599349,21.506946
64fe7ff2713e482aa43eef9c78439723.jpg,Finland,FI,64.723583,28.411671
126a605ad8cb4d519007cdc399f70820.jpg,Finland,FI,66.994231,25.249841
8e5d0939a76b454f9d556fe5339baaf3.jpg,Finland,FI,65.238803,26.453585
bc4a30fbd5bd4d7fa01ce5bdfd607d5d.jpg,Finland,FI,68.678581,23.325838
bcfa4ce477be41498f9bf00a37b0900f.jpg,Finland,FI,65.101683,27.709485
4fd94e7f0f8e4872a75a313a217f62c6.jpg,Finland,FI,66.933512,25.377703
006d6770631844dfb8430961c13f069d.jpg,Finland,FI,63.630349,25.785498
abfca459a4b5427baa13e51cdd85d7ee.jpg,Finland,FI,65.741418,29.173334
91361d087e16430fa1b6d2ff1ea37091.jpg,Finland,FI,62.495581,26.879078
e4749d6bf42447b9a5cc1f261d4a113b.jpg,Finland,FI,65.685457,29.12437
292388f2c8164fe181f786d8a8c377d3.jpg,Finland,FI,64.777926,29.348593
20d6cdbe80ef4a37808eccf72c77fa7d.jpg,Finland,FI,65.501672,27.952634
b881771bafd647f785af8109d57ecfab.jpg,Finland,FI,64.523213,29.725376
4070aebd91a34015aa84bf4a0c90e65e.jpg,Finland,FI,61.549304,24.068956
f528a88685c44f3d9e3c54ca5b652eb3.jpg,Finland,FI,67.489827,24.848709
d3702e2faeb048d1b4cdcb38842c0f2e.jpg,Finland,FI,62.542048,25.89788
958cbaea32f34e84a15481cc36c95d0d.jpg,Finland,FI,60.903334,21.644132
f941328325964d9d8e21357ccd39a591.jpg,Finland,FI,67.139356,28.717167
b5ee14b3c17a4c96b39267972461d78d.jpg,Finland,FI,62.555979,25.675531
ea9afb2f248547df827ccc2fd5d17c58.jpg,Finland,FI,64.770137,25.548143
a777e7de45464338b42dbb2be945c0ca.jpg,Finland,FI,68.018824,26.945526
70f2529fd031428cbdf5daf3e0764bb1.jpg,Finland,FI,67.050313,28.928053
34c41309da004e53b069cb0f742e1e9d.jpg,Finland,FI,62.553793,22.643517
ba1f0c1d0da64f2ba0de4daf711ff780.jpg,Finland,FI,63.174135,28.477162
eeb123845fc4433aa19235f45bc9f172.jpg,Finland,FI,66.093071,28.414964
d43ea22fe8a246e9b5ccc38435925bba.jpg,Finland,FI,63.878251,25.809625
752df4cb14ca40f68fefd4b01c7122bc.jpg,Finland,FI,64.746486,29.483094
ab71d6fd23b74eddb3b4bd9043cb3b97.jpg,Finland,FI,63.146978,28.048931
29fa19e4dc73459daed901b2ab45fa1e.jpg,Finland,FI,67.460373,26.949271
9e48e1fbc4244ad4b48787dd4e12ea25.jpg,Finland,FI,65.777073,29.218866
01e21430df8c421bbace5dda3cc09ecc.jpg,Finland,FI,64.139262,28.007642
bf2a33be4ca9496ba721437c94d6a5bf.jpg,Finland,FI,64.149102,28.25491
0d73f9fd3548419295b71d86d2983d90.jpg,Finland,FI,62.296603,29.843026
63ac856731d147c0a07def0072f4bc50.jpg,Finland,FI,61.241717,27.078652
a821b52ad7cf45039c1f18941875f2b2.jpg,Finland,FI,60.751928,23.429168
f603c6e0b3644972b1cb7324c467e238.jpg,Finland,FI,66.999972,25.217886
a10bc69354d1488784c6f6894fe58a76.jpg,Finland,FI,67.475943,27.961995
5c3252e7ebb7406bb0217246a6a0677a.jpg,Finland,FI,63.17401,28.478785
155ad3bd15b44fa69b5b7423a45ffb50.jpg,Finland,FI,64.82915,29.449727
bf28cc7e2c5044a9ad3f23bb82492390.jpg,Finland,FI,61.6769,26.988157
4c8d9d83b6924894ab78a8ada8fdee3d.jpg,Finland,FI,62.158051,30.057539
f5b7d6489e0244a092fc61ef65b041c1.jpg,Finland,FI,67.129748,25.046206
cc376d0317d946adafd0d85dfc7644f7.jpg,Finland,FI,65.007151,28.839384
462a4e9dddaf42a19df3f6cca9229345.jpg,Finland,FI,63.125703,30.601843
2e5301c1af7d40289762da4399e90ad5.jpg,Finland,FI,62.542066,24.046607
0b4c649c555041ad88dee6e3b2c8179d.jpg,Finland,FI,61.746607,24.34826
201443c427f844afb17e24da17798f12.jpg,Finland,FI,62.40754,30.087501
104d235ddae2412d95ee2dd359f14e31.jpg,Finland,FI,62.632474,29.403171
0f84c2ed1ea54493988fef43fe8bc0d4.jpg,Finland,FI,63.151098,29.765291
abcd7d21601a4dbcbc76e6f2abf1ef1c.jpg,Finland,FI,63.136376,29.792042
f0eaa80e50d34166ad99e7aaf0b89deb.jpg,Finland,FI,66.160254,25.101915
377ff6f38efc4963b079a391d67b31c7.jpg,Finland,FI,67.50503,27.742282
01eab2f6b6bc415b96db6aa460c5b7bf.jpg,Finland,FI,63.123632,22.698514
fa7f7e3c490a44ef8f81f2823071db55.jpg,Finland,FI,68.35944,27.416946
f1090e0a750346938bc81576699371a6.jpg,Finland,FI,67.491003,27.976054
384b2e5145aa498690ce377fa13f348c.jpg,Finland,FI,66.664456,25.45503
4b5bcc07649e4185816ad87ea152cb3b.jpg,Finland,FI,66.115534,28.441219
7f48e0cb96d84a538e61a0ffa201a948.jpg,Finland,FI,62.172736,29.957261
a22a4f1335c34355897bafc7301fabbd.jpg,Finland,FI,63.307775,25.625051
295a75aeb615444d8258c7183596f684.jpg,Finland,FI,67.1615,24.955933
4465d9367d7a4ff2b4d49073fc3ff380.jpg,Finland,FI,63.237145,25.664446
8c76ee99183242448dc03f4c516bca3a.jpg,Finland,FI,65.929477,24.620006
290cd07219074978a938dbe087a5a0d1.jpg,Finland,FI,66.241346,26.162633
3757891503614569b5b6e83a1aa919e9.jpg,Finland,FI,65.883535,25.627005
950106d6aa6f4d3292193c69dbfbfe7e.jpg,Finland,FI,66.241134,25.341481
a7561b1b25e0461da9b7c81b3aab52bc.jpg,Finland,FI,62.502772,26.883848
93cab81be6984e91b1fec75723bb6345.jpg,Finland,FI,65.563669,28.366291
95c48579761a4290868611b8a01c0f47.jpg,Finland,FI,68.679273,23.326173
2ca59707f4bc49c2bac3a1571635ce1c.jpg,Finland,FI,67.014232,25.156054
28878606f2ff40a298f0fe8ec2fc43fd.jpg,Finland,FI,61.515156,21.677365
1988169150dd4ad5bc236057d28457a4.jpg,Finland,FI,64.425479,28.445756
6a3a0732f3034a13b3a9a43e65e47a53.jpg,Finland,FI,64.827373,27.802288
5429ff66d3d0488388f229bcb69d13d5.jpg,Finland,FI,62.456905,23.961477
85a6422d6bc545918a7007b70bbb4381.jpg,Finland,FI,66.726201,25.454301
6249c774729b4bf9b3993a19494c5ac5.jpg,Finland,FI,68.093805,25.451975
f9000805c4b9476d9d959ec6b6841348.jpg,Finland,FI,67.14385,25.010443
65714787cd804e12a103fe36b0e3704b.jpg,Finland,FI,61.872171,24.50747
b73fd2ba60e9457292363a085cfb27ed.jpg,Finland,FI,61.280884,24.701186
8ade06e1bae8429794856fc0f5f981a8.jpg,Finland,FI,66.231408,28.823469
d5d0ff7fa1b943da9c74b3a66faaf478.jpg,Finland,FI,62.233263,23.651951
71b774b291424fadbc5ba9ce7ac5130c.jpg,Finland,FI,68.169352,25.779127
7fe7872b250d496ab17c49cd4c933396.jpg,Finland,FI,67.63009,24.264841
2e4560299d804f5fbd1a89f63a50b620.jpg,Finland,FI,64.25024,29.540679
2551a3bc1525459c9a351970ab484570.jpg,Finland,FI,67.997382,25.181752
275e5155811a464aa149c2c09ac9e819.jpg,Finland,FI,61.916374,23.693425
0ff486f5c76c4ae0abd47f8992983fd1.jpg,Finland,FI,61.420121,22.915087
57ee8ca4a590467dbf6f6026b6168f9b.jpg,Finland,FI,61.939643,29.84355
8fe57fa144624347845e74ee139f8032.jpg,Finland,FI,64.815853,27.812411
39e999d726594a47aa4af2a8922b26ab.jpg,Finland,FI,62.52898,22.73356
f64015b4043f4c75ae7b710d4561ea9c.jpg,Finland,FI,66.157612,28.566838
3cd6cdac96eb4c02ab737c70502bda1d.jpg,Finland,FI,66.073273,28.799317
ec1dd11036564ad89639445da7d64bf4.jpg,Finland,FI,64.36857,24.023755
e353abda80d54a11859b0dc4de257dc0.jpg,Finland,FI,64.15175,25.798782
6b0c157af06548578387b161d02c549c.jpg,Finland,FI,64.824329,27.936259
aec8a01e07bf4bc58514ecf41bc23c8f.jpg,Finland,FI,67.431367,23.81852
19c9d7e968fe4876be330af92a4e3fc4.jpg,Finland,FI,66.27195,28.853477
d22acf34ac2a4ea78709e3979819517e.jpg,Finland,FI,66.516713,29.053126
aa1c104b5e0d4b90b9f9a26357a0ff53.jpg,Finland,FI,62.234486,24.736198
2c66bea534de4e5d812ca2bc0d89e4bc.jpg,Finland,FI,60.276655,23.378266
5d4cf60f6031445c9480c63b3f2b4ee9.jpg,Finland,FI,66.289368,26.038715
d8e61c7669864f389e7c0657a33abf1a.jpg,Finland,FI,62.928149,23.037427
a9fbecfae4c642cb8ff2e0670a3cd4f5.jpg,Finland,FI,66.657346,25.485262
e2d7cd532c0048e1a59d05ee74e97f0d.jpg,Finland,FI,66.932351,28.907266
fe7b5491eff143a1b207d71aa03a61bf.jpg,Finland,FI,61.677783,22.553686
9e75633f0f1d4a52ae1e3d60c78ed5ef.jpg,Finland,FI,67.659769,24.683973
451bf0763fcf480fb3b8c794f0e2dedf.jpg,Finland,FI,63.982229,26.772437
4db991d80a7a411f867f3eda01ae3d1b.jpg,Finland,FI,68.378519,27.409217
12d160dde6f547db8b0ce4ae65f8c144.jpg,Finland,FI,63.053611,31.174255
3432f44a52c24f3c834bf9f0f2d98935.jpg,Finland,FI,64.9382,28.787112
74e0cba696cc4da1b6a9203037608c01.jpg,Finland,FI,63.019146,29.711215
ef84cfe774684ea9b732a2dd0ae140a3.jpg,Finland,FI,61.27953,22.096408
e91911b968804109920c9cccc601857e.jpg,Finland,FI,64.823244,27.944886
449201e5385a4f7a8d25d5bce122853e.jpg,Finland,FI,67.898402,23.954186
aca9fb29a513497e95d0d33100e480a3.jpg,Finland,FI,66.782359,27.330237
200963b7e2d34b8ca3dc0c6c6f9e2626.jpg,Finland,FI,66.980534,25.284476
aa15271766fe4aa6a23752dffad5c5f1.jpg,Finland,FI,67.537401,27.924043
58805ff571404011b9c3cce99a300acd.jpg,Finland,FI,64.193587,28.399941
eb73b251ec3e43fb95301295a7b39ed4.jpg,Finland,FI,62.37608,28.104634
051c6f37b6004dd4accc48cce837a2e3.jpg,Finland,FI,63.404421,25.644565
9f52f035f5cc4352b308ff1d1e8de630.jpg,Finland,FI,60.369338,24.872078
3a3a6178de184ad889e43bc5ab85b878.jpg,Finland,FI,63.069429,29.835529
b8fa012607da48bd90cee2b42cfd652a.jpg,Finland,FI,63.243423,22.840747
2f48d5ff0bff442dbfdc9fc334b16f1c.jpg,Finland,FI,62.294843,29.664285
ffcdbf8199b642439253e80a5eda0b38.jpg,Finland,FI,64.746363,29.495029
6b221411b3d64704ad92995abd060b18.jpg,Finland,FI,60.524505,24.57356
4668f926dfda4900b300131b6843cd93.jpg,Finland,FI,64.802552,25.512973
f398218b91ef42ff97cd009c161f9c39.jpg,Finland,FI,63.141583,29.535689
7cb39d5e29a049879bc64164b031df22.jpg,Finland,FI,67.485693,27.982756
117cf3943dc34da9805e569cb2e285fd.jpg,Finland,FI,61.306473,22.813527
41decc09a5334b6f889df0fcb344f3dc.jpg,Finland,FI,64.004789,27.422327
d2ce5e4794f04d8ea53f5c36ba78c39c.jpg,Finland,FI,61.633318,21.77482
e140fde5b846471d8d8ed542d13ddace.jpg,Finland,FI,65.004635,28.822809
49666edf299a45eabac82e7be5b918b0.jpg,Finland,FI,64.59372,29.681802
5461fc1e08df45aa9cd43a3f4bc31241.jpg,Finland,FI,64.322494,29.829592
dcc6b1d087714bda9e7febfd42b7c836.jpg,Finland,FI,66.234943,26.171025
3886ed956e0243d0a2676b6bf3f8bad8.jpg,Finland,FI,68.00127,24.086555
0c05ebc6ff9c41058298a6d3a58f4a86.jpg,Finland,FI,60.404127,25.79292
918308b896ba4b17bee911a853fc1b39.jpg,Finland,FI,62.839438,22.029673
37de9fca7ba240c0aeb95c95f24cd666.jpg,Finland,FI,64.366725,29.060829
79fb1d558c1848daae7d8e5e94fe0fb4.jpg,Finland,FI,64.128374,28.104289
1a20b835b7b5498b91f2b36f8b109986.jpg,Finland,FI,64.344708,25.877472
b1fb95cbbcf745c5a7197245aaabbd76.jpg,Finland,FI,60.319308,25.270864
4914cd9b6a7c4b41991cb33f29657e21.jpg,Finland,FI,65.068917,28.899168
58269b4909014126ba5c63d5326dff3f.jpg,Finland,FI,62.979075,25.819498
0f4d82f125c64aa88852f372455dd290.jpg,Finland,FI,66.269103,29.402569
b0bc50e536314eb9a31aae2012b6071e.jpg,Finland,FI,62.027099,24.531285
bf000457d5714ab891d48e6d8dbce186.jpg,Finland,FI,62.570099,22.745907
dbb4d047f13f42f6b9fbc20aee8967cc.jpg,Finland,FI,66.857063,28.716738
021088af205549ac822bd29c5cc876ac.jpg,Finland,FI,67.475828,27.96251
ec09c38bf8484dfa95db4adb90ecc247.jpg,Finland,FI,64.574145,28.842264
732164230f1440e19bf10b883c5d3e25.jpg,Finland,FI,65.415062,25.385858
ac04d46c63b14cda8ad6fa79b5155c6c.jpg,Finland,FI,60.485013,24.487691
844f5fc6662a42a399008ab7f5b6a2c7.jpg,Finland,FI,62.613854,22.442443
0c8cb221476145e99cd2214b58892ebb.jpg,Finland,FI,61.473663,24.321437
5ef00ce6a2df43048339efe309f4ae80.jpg,Finland,FI,62.890771,21.22455
82b80dcf27b94fadb480557165c78ef9.jpg,Finland,FI,65.579642,28.919944
5081b9ac7d7d40fd934d5b84fe97ab54.jpg,Finland,FI,68.432631,23.501496
1da59a54301a406d96226e6e6a4ea312.jpg,Finland,FI,60.582499,22.730124
0ed07647a9c94cd5aaad8c2750af6494.jpg,Finland,FI,62.902019,21.211909
fc652b2d5330465e997ede56f55a8b44.jpg,Finland,FI,66.108535,28.575262
ba3a376d6d4742c8af17ecd7310f8a9f.jpg,Finland,FI,61.713536,29.414476
6e2545effa424bc3b49595928eb9e554.jpg,Finland,FI,62.16148,30.060976
638c389d095f46deb7d7148d3a0ce120.jpg,Finland,FI,64.594594,29.682092
0d25af92f931454cb7d3628bfd03e76d.jpg,Finland,FI,67.536336,27.925598
83569ac696f44ea8bc9c6ee052bbdf8f.jpg,Finland,FI,63.778483,29.406286
a3d79999090d4cb1a636874d993a14f4.jpg,Finland,FI,67.432208,23.819598
dba528cafd384c6398f96f287c07145d.jpg,Finland,FI,60.474133,24.13925
308767b7cbf244fba81098da920c08b2.jpg,Finland,FI,65.531504,28.520274
d11c3479bda34406886cbe36f165b8de.jpg,Finland,FI,61.543878,24.303675
6b9ef9f24b314e4bb4853e7d1c05de58.jpg,Finland,FI,63.076756,23.736286
4f516fa2690e43ceb15e0815ccd0395d.jpg,Finland,FI,61.276248,23.472137
771a2536504d4d07b613dfe10113b783.jpg,Finland,FI,62.07395,21.531548
ade2fd39f31a48ccac5dc19ad4fd3b07.jpg,Finland,FI,65.853104,24.532256
5a426dbafe684042815d84c7e779cd71.jpg,Finland,FI,61.596239,27.52327
3a2fddd4d6344cdbbabf31c6e2bbfe01.jpg,Finland,FI,61.29681,28.765172
66ce0c0641ed4d75b839e573381b39a6.jpg,Finland,FI,61.058832,24.083158
cc5762019393485a8059be225b191d7b.jpg,Finland,FI,60.780857,25.027647
77b845b851bd4087b44514278ed6e6d2.jpg,Finland,FI,60.464139,25.761549
cdfd5a11d05f43b7bf0a3fa13d8ded63.jpg,Finland,FI,62.169041,29.964451
33ad011d39124b2e9b650b84a1dd5b1e.jpg,Finland,FI,67.12356,25.058337
88fded7dec7a4937a8ae20b5d5536f04.jpg,Finland,FI,63.144731,28.238901
7711d8a03e59412590ec993560840274.jpg,Finland,FI,62.839839,30.133034
ee90383daeef4f2893efc8c6f666b71d.jpg,Finland,FI,60.492494,25.016808
d4cd6a917fdd48328753f9fb4d66b225.jpg,Finland,FI,61.61598,23.23814
7e650e2aa44147988c4cb94ad3fac55a.jpg,Finland,FI,63.74444,25.340382
16630d19e81148eaacee4d5304ad243d.jpg,Finland,FI,68.37792,27.409526
3854f2eec1f049c8964c42f303e46e1e.jpg,Finland,FI,64.607355,25.65302
9d32032a4c40404bb9a6d5c4d734a41a.jpg,Finland,FI,67.116348,24.773358
c2f8f437df3e447da6574eb58879ee21.jpg,Finland,FI,62.929168,28.238683
84bf3c8b330f42a98cc94099e3ce8797.jpg,Finland,FI,64.309077,29.614764
e59cb70963c04a1c988204248ba50a88.jpg,Finland,FI,61.468915,25.147718
7f61b4200ff64230bd174e45d8cd6174.jpg,Finland,FI,61.802653,24.444865
96ba6b1e3e8549588a284e6bc59ec2b0.jpg,Finland,FI,60.769946,23.428067
7d312676a7a547b8af1dbed122c99469.jpg,Finland,FI,62.47935,23.604645
26d4be663c824d288c1fb19550307b03.jpg,Finland,FI,63.161651,21.878575
88570c16736b41ab8515e9f2fba92b5c.jpg,Finland,FI,65.833478,25.290965
db9630dca952497dbf0e2cf0ba0dd098.jpg,Finland,FI,62.259491,25.674714
422a9ac681404be7a603fb35517b4d03.jpg,Finland,FI,61.099448,23.252536
819cda1b59d449558c253cf0a1334302.jpg,Finland,FI,65.532945,28.87916
711e3fa5e7b74203a1e94a43554b7b44.jpg,Finland,FI,64.787787,25.542515
f996d74ed68a4ee0873c49c46fe53342.jpg,Finland,FI,62.620257,29.490619
2794670e3f45411a8e4034265f69fb88.jpg,Finland,FI,64.042592,29.671213
5c7d00586f724153baada62e26090bc9.jpg,Finland,FI,65.903662,24.10041
f89410da78684bbfb132faa1d61a7a77.jpg,Finland,FI,61.691275,29.674254
78350dd80a004ab5a5d36d4ae97c8fdb.jpg,Finland,FI,64.054233,29.144659
1fef5d0d3ec44e80aa51aaa6ec7b0a47.jpg,Finland,FI,68.360777,27.41541
40e103705eb048a2bbacbd76bff987ba.jpg,Finland,FI,63.614558,27.677383
fad4b692f15446a988873773e285d6a1.jpg,Finland,FI,66.231306,25.33308
e946310a6a75408aae992c3b42e8f04b.jpg,Finland,FI,62.469414,22.050425
8a02caa054114e00b05eaab7299ced66.jpg,Finland,FI,61.70945,28.033044
87e2dddf05f545c48e679e1d6e7d471e.jpg,Finland,FI,62.026523,29.486027
83d2ce7196a74cb383c069fa7ef2a2c9.jpg,Finland,FI,62.554176,22.838149
838bec7a3d8043ee9278d276092e1204.jpg,Finland,FI,65.823742,29.257103
12b8a7559668448183d0d4ccb0a26b0e.jpg,Finland,FI,62.631924,21.53094
866333ccb0534e60b6ae68f1357face0.jpg,Finland,FI,63.20799,30.949348
268879dd3842476f8e49ad95b063b657.jpg,Finland,FI,64.160183,25.799596
21fd438dab804c22ae9810a5039a2690.jpg,Finland,FI,66.657978,25.482965
eefc5123abe74e59ba77b110f22bb6ef.jpg,Finland,FI,62.147318,30.047574
28683d3bed084c1885a120b37a06e2fa.jpg,Finland,FI,62.210596,24.763815
93a93ee567fd43ebb841a60b17be8e18.jpg,Finland,FI,68.385087,27.409191
f473b2c975ac4a948d5ad3b5910750e1.jpg,Finland,FI,62.414786,29.889803
fe22ec8b200c4c69ab84e0df9761fe79.jpg,Finland,FI,62.364718,28.095367
c3c67de04df44f4dad71b66757a6b75e.jpg,Finland,FI,62.301981,26.998262
08eb138b06e5485bb4382c681951e6f2.jpg,Finland,FI,61.728771,29.699428
99af2160bf41459ca005e6d81eb03bd3.jpg,Finland,FI,61.731686,29.390917
8f8b8ffdeaac4c169784bf5eab5d0d27.jpg,Finland,FI,64.591353,25.668091
52abc630d71246d49162b184f35f1d1e.jpg,Finland,FI,60.593473,27.977427
6b229521ed7e49a89112270eeeb96402.jpg,Finland,FI,66.668381,25.441364
f89460ece0244827bb0ed7db42da008d.jpg,Finland,FI,63.662532,26.567647
c63747dd8b534806b1560e1749a78548.jpg,Finland,FI,64.422415,27.674665
dce13b92ef18493da15e5f75b5fec0c0.jpg,Finland,FI,67.814461,24.792823
e1c406bb8aad4b9bbba1451772d0835c.jpg,Finland,FI,62.326128,26.948462
79a814dc8eb048e6b34b6cc19a837b5f.jpg,Finland,FI,63.911557,26.729255
9bd78cda74d14cdf8b248fb21b7b8b03.jpg,Finland,FI,68.499001,27.478275
41b4f28b51c64131aab8833a4109f1e2.jpg,Finland,FI,61.216867,23.33803
072574beafb3476ca6705a9cf3f2cc7f.jpg,Finland,FI,62.145001,28.526011
45d0c781be7c4d8eaf91e8662c935927.jpg,Finland,FI,62.292163,23.704413
dcb80be8c1484a4c851374406513d2d3.jpg,Finland,FI,62.949782,30.097127
bd90c1c76ce34b52899d20791f16d7a7.jpg,Finland,FI,64.817401,29.338791
95ff9ec642c848e1959caa3870d67657.jpg,Finland,FI,63.655323,26.611841
213ba62e23ff4528a1b1402cdf725ca1.jpg,Finland,FI,62.867699,21.710726
93496687c26f46a5b30e7a55cf2f14a5.jpg,Finland,FI,66.862371,28.720318
bf65ede3e73d4e90901946372f1c1298.jpg,Finland,FI,66.687303,25.406064
92e2b36fc0504cd5a9ab306a5daac784.jpg,Finland,FI,62.646533,25.49426
f723a6c5ec184a508d4b895d1e9bb5b7.jpg,Finland,FI,62.347669,26.673625
c93fd583252a40028b87d403a5a8fb64.jpg,Finland,FI,62.262973,24.653811
2180fb04faea4de7a008ef7627964103.jpg,Finland,FI,63.160986,21.943244
8e1a3ec4f3e242b99c232985fbed983c.jpg,Finland,FI,61.183006,21.961342
74de821fc8a248a2b789eccca38b4fab.jpg,Finland,FI,61.12339,24.665995
d48c23d65d2e4e6194486d22612e58ca.jpg,Finland,FI,68.097884,25.459827
a466e5fc77fe456ba1eab7c0f0bf530b.jpg,Finland,FI,66.094553,28.406416
8f8e94534c5c45718dc3dfa51b41e906.jpg,Finland,FI,64.294019,28.211137
48c73efbeaf64b648bfa335af4142cc4.jpg,Finland,FI,65.480003,25.344841
6a40ac64068f4c0dae2d51a756f0dc5b.jpg,Finland,FI,67.555689,27.893339
2bdcd3ff2bdb4d458aa4c40b57da1ded.jpg,Finland,FI,65.394511,27.065485
f96f08b13e42475db2ce9a0c6393b7ad.jpg,Finland,FI,63.133474,29.745083
5c80824b7d8c4a71bcfa9ddf834efec0.jpg,Finland,FI,66.005837,24.702322
3d92bcb8c21e47b09fb087347d274a65.jpg,Finland,FI,62.405718,30.088962
e448bded86bd4552b4e1b95183ed0988.jpg,Finland,FI,61.625174,28.221773
5fc4a0cce2934639a9a4e481e79fed5b.jpg,Finland,FI,61.181298,23.85222
27c472bbcf8943909ad86c3e2c488091.jpg,Finland,FI,68.363119,27.411966
584cb42a5070459dae95ae06a035262b.jpg,Finland,FI,63.417186,22.513511
281f44e3f5424afe87ae1a5e0976855a.jpg,Finland,FI,62.929162,23.038082
000f306e85ea4f5ca0ba89e76b6d698b.jpg,Finland,FI,67.673233,24.221374
3078131983cd44f6b1e354aab7acc991.jpg,Finland,FI,64.704692,25.572879
358e44cea1ad402094f9a1bc1bac1a6e.jpg,Finland,FI,62.666242,25.742619
e6b33a9754464ce384ee1cd8ecb36b9a.jpg,Finland,FI,64.076247,29.192025
c3fda65c92534c1c9fc08356960a5ca5.jpg,Finland,FI,63.103346,22.189698
f6f595b590114dd19be1d2aadcc283f4.jpg,Finland,FI,68.559403,27.503438
212f530406de43d8ba27bd3127f52d58.jpg,Finland,FI,63.34256,25.60384
83d384686efe4dddbac3f368c9a9e753.jpg,Finland,FI,61.133682,25.633391
919958095b284427a53ff93933d7a3e0.jpg,Finland,FI,61.564863,22.566757
d90527e33bf242ca80204b6e7e0f7a4b.jpg,Finland,FI,63.541396,28.945601
018c77531a4841e790523dc752ce83a9.jpg,Finland,FI,65.4812,26.797539
6af30a0774b24ee4bc253d6d57de9c83.jpg,Finland,FI,60.253674,23.472703
2c3e8b2ff2e4488a968705d9a15f40b3.jpg,Finland,FI,65.928897,24.619141
752d2019ebd043b4890a03f0d76b268b.jpg,Finland,FI,63.613282,27.684746
7633b8895b4744c2b7bc741d8676758c.jpg,Finland,FI,67.813946,24.794459
9aa0513fef5e4e5ba187aaf74e3c5c48.jpg,Finland,FI,63.191106,30.518393
88fbb93246294516af2cbd1a2482b002.jpg,Finland,FI,66.261907,29.33451
9d7363ca4d57497ab203e13c0e09ab18.jpg,Finland,FI,60.97258,22.904695
e0a6cd6125c047488a27a14650e540ca.jpg,Finland,FI,60.636461,22.978176
b2d47a5ec085417a8dc0957b0392793a.jpg,Finland,FI,66.875414,25.431186
3589dd715f7e477c8649575d2681a650.jpg,Finland,FI,67.544841,25.77623
994c85ac35614d03a73d014025ecea03.jpg,Finland,FI,61.938177,21.628179
5c85d158377f4a75b420a58442c505f1.jpg,Finland,FI,60.804616,23.191844
c5fb9bc0b1e74c2f9ad6d21ffb24bbcd.jpg,Finland,FI,62.904603,21.207949
2cb3a78f35ef423b955c390ab31e914e.jpg,Finland,FI,62.314962,22.883705
d44bf264641c4b2b879f31fb506fa848.jpg,Finland,FI,63.33203,29.995646
d242844c6d414ea4bdfd6230d7483e19.jpg,Finland,FI,62.346175,23.823572
d7073a2504be4655a897f29c3168eeb4.jpg,Finland,FI,66.661498,25.438167
59030ed948af462495304cb9f1fb0cd6.jpg,Finland,FI,62.930238,28.068443
339631c348484d239a48a9d616f4f90c.jpg,Finland,FI,60.611929,24.856437
3d08c4aef7ec432fba3d4f3ed5a19b38.jpg,Finland,FI,60.728185,23.567713
af2abc8c70ac4a03beeaf93dd23f3dc5.jpg,Finland,FI,66.680404,28.924532
38bf79aba0404841b6dea9c1d8f57f60.jpg,Finland,FI,64.657272,25.61598
09dcc5208c664cc7bebc6d421b39e389.jpg,Finland,FI,62.91159,28.765358
96fe73aaed7448d88e6c14579cdb4c4d.jpg,Finland,FI,64.167787,28.986931
09fd4abdf0b547fcb7a572a2bf3bab0b.jpg,Finland,FI,65.725181,29.154556
e61bb6a41cd24c449e79105677ab63d5.jpg,Finland,FI,64.154122,25.799014
d4540ccc1e034355bc6737659af0014e.jpg,Finland,FI,62.314165,29.831165
ded62de2d77f4e519bf8921daa3bb00b.jpg,Finland,FI,66.895846,28.770135
495e1495274f45a1a17abe19f17c83ff.jpg,Finland,FI,61.637853,29.568197
35b150e312e9463e8280da6e96bb0890.jpg,Finland,FI,60.979188,23.63445
12d2f21e29ca44119b849d04f5918f54.jpg,Finland,FI,63.918834,26.879408
533d57e1b72e477da584929cc55ade09.jpg,Finland,FI,63.935415,23.440532
2e9dadae91a34996b706c52fc0c1292b.jpg,Finland,FI,61.451603,28.429783
cb0ec58655464d90a331e4edd74d11eb.jpg,Finland,FI,64.842564,27.786258
f66fffaea7aa47809204e2cec79980ce.jpg,Finland,FI,60.7015,23.536228
c105c0349f3742429ac88057c7a49e4b.jpg,Finland,FI,62.434618,26.761369
8c6e28fe6552479998c1cec14a52f802.jpg,Finland,FI,63.676005,26.500564
9a352cc3fdd14d57b70d7ca72a08c3b2.jpg,Finland,FI,62.963087,28.419332
16ff9a7df063410a86b6bbcc735da683.jpg,Finland,FI,67.328666,24.907612
49063b9efb884d7b8d9d72dc9942f4f6.jpg,Finland,FI,64.71005,28.459498
2c3feaec02fc4e0d8da004a25805a8b5.jpg,Finland,FI,60.631396,23.938559
004ebffb76f84ed8aef5b1dd8cc3764d.jpg,Finland,FI,67.124174,25.056933
9afb3ebdda204817820ad3890f3898f8.jpg,Finland,FI,68.372411,27.415088
b7d6fd5bf9904999b604d82533d3dbf8.jpg,Finland,FI,65.00938,28.858275
e6f24d4ba99d468a829596d3062d5c54.jpg,Finland,FI,62.620464,23.862498
958fb16d0ada49d9b12b02a6436060cd.jpg,Finland,FI,64.420799,29.67788
af78de68883b4e54b72a313c91e29765.jpg,Finland,FI,67.628723,24.204512
6279348b4f3646aaa2a920db7c8aa1ec.jpg,Finland,FI,67.554351,27.900815
40d22cdca4fa46b498425e60005c31b4.jpg,Finland,FI,60.996162,21.981878
f9535ad87a9b4f149b4ca209a5ad002d.jpg,Finland,FI,61.959233,22.8661
1c436ca621c54ffe83c0183a38b1f8aa.jpg,Finland,FI,61.314102,28.496846
4e94c45601084d46aeb3d18109ddf1ef.jpg,Finland,FI,61.349159,21.647828
1140eaf096b44173a4a00bd1f627377d.jpg,Finland,FI,65.291758,27.485023
b4b6a7f42c8045739b5e6b1d41076f86.jpg,Finland,FI,60.263201,24.17803
2744f2b59d9e4127b333e5c228f7c44f.jpg,Finland,FI,64.017193,27.437409
d23658ba75e44bd8b06ea352a1cec65a.jpg,Finland,FI,60.624597,24.353904
dc532460533540d586bdd41d8cc981c6.jpg,Finland,FI,67.996322,25.181564
deeed17f4d8c48e1b0e5c736cf022d8c.jpg,Finland,FI,60.647759,24.225133
36b243b0b36c4471895fe56f5b846127.jpg,Finland,FI,62.725724,29.018005
46b76abb3bf74d05944a64058577ec10.jpg,Finland,FI,65.193534,25.450627
b5f908138700404d8381d0d246615850.jpg,Finland,FI,61.800039,24.439971
31802f84c62643178be84c035ca48d50.jpg,Finland,FI,68.097726,25.459562
15053bb906a948d8a1ee6b9d8dbeb130.jpg,Finland,FI,63.220594,28.257878
f4f7516ab4ec4eb79b3304324d27e954.jpg,Finland,FI,66.739567,28.835579
f4fb95dd26634526b548056ca8efc8a7.jpg,Finland,FI,61.106178,22.877677
0136861569f44336a7e199f9d4049bdc.jpg,Finland,FI,61.938738,23.963101
fe5a1aa034954ecab7a2abeda0aca49b.jpg,Finland,FI,63.613929,29.189811
8d77528bde0e4816b5c45fee10e90d53.jpg,Finland,FI,61.782048,29.845352
0755e2a791a94fe2bf81f17ef7b729bd.jpg,Finland,FI,65.909199,24.101246
a2c0530e094f4d8185dabd6e4906fa57.jpg,Finland,FI,65.008989,25.585496
5294c15deb814ce7abbbb8fa207a527d.jpg,Finland,FI,68.384737,27.409228
e98cc9ed63bc4c72a325597e1bb1f33d.jpg,Finland,FI,65.759223,25.293917
c19f7011acbc405994165695531c741f.jpg,Finland,FI,61.28127,28.806198
3ac0f97435c24412947d704efa005ae0.jpg,Finland,FI,66.838861,28.680561
2602ab8151cf4e54b20a668520e2eac0.jpg,Finland,FI,62.791735,22.832842
13c54be115754fa5870b5b3b7eeabf5c.jpg,Finland,FI,66.096795,29.145661
168036b40cd349549bd027410ade00f6.jpg,Finland,FI,64.745671,29.484226
4eade06b56374a41b7429e8e8b4d1a21.jpg,Finland,FI,62.026453,24.529548
6ed1809e9e364b298622b5caf84c447a.jpg,Finland,FI,63.862601,23.253221
3bf172b5f555481b88ab894027bbd0db.jpg,Finland,FI,62.455777,22.234715
e895ac4715184fa6ac67faa411394c93.jpg,Finland,FI,63.626288,25.784915
8136c972473646539e6850e21f6809a7.jpg,Finland,FI,65.724833,25.203418
c65426fe4c894b46a898c403a56b9c42.jpg,Finland,FI,61.296514,28.766024
9cd33686560c4605bce7ffc098ea0629.jpg,Finland,FI,61.531291,24.252295
d402bc62f6984d5785ea24187ddc7432.jpg,Finland,FI,67.294944,28.151831
a0ef86ff4bd3441794757fb54c7b8c0e.jpg,Finland,FI,61.381113,28.56632
8978ab194b5f47d9983755d91ddaeb89.jpg,Finland,FI,67.084424,25.081534
21cf108094064c6eb61e1b18cf71dc1b.jpg,Finland,FI,60.305007,23.805664
6b54708d9cf64960a4b4f3700240a012.jpg,Finland,FI,66.106675,24.810967
dc0bad6b03024865b7f4f5d847733a59.jpg,Finland,FI,62.635205,22.429143
80693b9cc4bc46a4b371705a6813e63a.jpg,Finland,FI,61.902054,23.706904
6d8450956d6849f9801d8e9e94d811ac.jpg,Finland,FI,65.551363,28.159291
2ab4d5a40dab4c34863df762e99782a0.jpg,Finland,FI,64.748403,28.330205
d84c7200ba6d4628be02c2813c2f384e.jpg,Finland,FI,68.36029,27.416246
a37c24442f2d4ab1969b32f8d0b4828f.jpg,Finland,FI,61.09127,22.957754
1cf698c6beca470a85eca63388cd928c.jpg,Finland,FI,67.983386,25.164929
1d6d8c4d7f6a43638056329f5f6da0c3.jpg,Finland,FI,62.373424,21.406026
1dca84ab8c354f2eab3854900eb81524.jpg,Finland,FI,67.545593,27.918662
7911e62574494b91871dd307498bfa7c.jpg,Finland,FI,61.842109,29.733893
2672fc971988404d88c34d8bf72d68da.jpg,Finland,FI,62.525664,21.782142
c95a758fe3224f8f98af40e522047767.jpg,Finland,FI,62.559236,22.035833
5d6bc5b61a414677b501d7f66d4a1013.jpg,Finland,FI,61.693866,29.687774
4f791214bd874922a531fb92b50b79da.jpg,Finland,FI,64.519959,24.366139
efeb98dc4d564ac4b9109959ed070f75.jpg,Finland,FI,62.568713,24.466897
df28d4330376438f8dde547dc787d04b.jpg,Finland,FI,66.698726,26.251123
f48f54d961af48cb8d398d0737b34315.jpg,Finland,FI,63.597622,22.762011
c2b51b4444e748449c95ad85610d1f1d.jpg,Finland,FI,67.886607,24.00856
c1035b5220e44248848dc360314b47ac.jpg,Finland,FI,62.210531,27.933213
c58d9f8ba1ed46d4aa8a6bc7fb536c3c.jpg,Finland,FI,63.012098,22.12502
e5e90be4d651490ca912ea800af3370e.jpg,Finland,FI,61.290735,22.170811
50e472e8c51e427b9bc79d578ee93ce9.jpg,Finland,FI,67.525319,27.939589
a2b7e16bc30b434d872072f8e55e139e.jpg,Finland,FI,61.740981,29.824882
00d57395be3e4bcfbc668d57f7abba53.jpg,Finland,FI,60.393724,24.43317
ff5efda18d0748ba96e90c0eb9ef670d.jpg,Finland,FI,64.153153,29.928197
1e24ce9005cc4af6b2d1872f171b5b85.jpg,Finland,FI,61.272505,28.944147
ab815c1fe5bd4aa087122258c4560cdb.jpg,Finland,FI,68.50969,27.513921
8b2c9baa9d644e4cbe64f9c16ed538d2.jpg,Finland,FI,66.599134,25.922703
c5271152651c4f76a6d6fa1b4652e16f.jpg,Finland,FI,66.069208,28.875043
037cdf8262754229899fd6d08c536f91.jpg,Finland,FI,64.707721,24.869883
0af6e0b5482745168dc2fa8f5725edbc.jpg,Finland,FI,67.077335,26.562892
539235ce649e4bcb8a1161d755f9438c.jpg,Finland,FI,65.487875,28.79542
e6e80965db0f479bb6d95cec6f93c3ac.jpg,Finland,FI,63.147365,28.049237
718dde12c1f6480baf43353d632f67f7.jpg,Finland,FI,61.647707,28.224475
f2abe5a8daa246c399fe87ff62c3e671.jpg,Finland,FI,62.629163,25.686006
87646959713644e68b04ed25d73c2a3a.jpg,Finland,FI,63.954574,26.838124
98587d4cb4914d25a82e22694355ee7c.jpg,Finland,FI,64.316096,29.099932
5e23c18b9e0c4bffaec22b1fb908ea5c.jpg,Finland,FI,62.890427,21.724026
5e7de4f8d1994fbdb67004457a7e8552.jpg,Finland,FI,67.925353,23.866442
aa9e12ee2eab4309a7b46b09141f8dbc.jpg,Finland,FI,64.393847,24.058792
1f53755055a647b0a530b64fbcbbeadc.jpg,Finland,FI,66.099693,23.920341
9740a24e251e402eab9e257ec7608857.jpg,Finland,FI,62.606023,22.749685
83245f968dba4789a9870be8794b178d.jpg,Finland,FI,68.008903,25.186969
0bff774e058c48bfb4845a3a70c2675f.jpg,Finland,FI,61.88773,28.741298
6e294f941b49472b9af9e9d566a4e263.jpg,Finland,FI,62.900644,30.212119
94977fdd82164a8db87bbc816933d827.jpg,Finland,FI,66.856983,28.716797
c6046e55f47e4b6fbeb2dfcdaddbf817.jpg,Finland,FI,62.214179,30.096282
f365c77afb0e407fa66082f6ccc7cb89.jpg,Finland,FI,61.742984,22.139353
965b5c70973c4890be6672464d3caab5.jpg,Finland,FI,62.935637,23.039241
d2b514e63e494d468ef6f800d635976b.jpg,Finland,FI,65.261506,27.538558
000f6b23adde458090bbbd202dcd7a30.jpg,Finland,FI,61.488511,22.70362
9370b4bbc9f24bbabc555ab8978b2ce6.jpg,Finland,FI,61.677678,22.55367
1816d30402784694b5506062b9fbea52.jpg,Finland,FI,66.272711,26.136948
73577ddc34574900a5f907d49479e86b.jpg,Finland,FI,65.699168,25.161729
7f70059c1e0348bf9351562f6cd3159c.jpg,Finland,FI,62.931814,28.041395
d6c11ea84466459d8cc190e3263d5883.jpg,Finland,FI,66.035261,29.129666
7db420583d154826831e8f10cab50f9c.jpg,Finland,FI,64.126339,28.06992
e58a4a4e0f3e473e82a463b437bacced.jpg,Finland,FI,63.508109,30.01536
5e6e81eef9494250a51c7266cab85708.jpg,Finland,FI,61.486386,24.670022
a88ac2920bce437b93543ac43a53a25e.jpg,Finland,FI,63.689793,29.319848
5e540705c87a420283cfb364f3b1fef6.jpg,Finland,FI,64.656354,24.46336
511a6e08641445c582cfc3e3dff00c49.jpg,Finland,FI,62.040821,23.663412
2d7a599d964e4864a425a43387d3e4c1.jpg,Finland,FI,60.242717,22.947205
970005b2526a40afb4983fdb2fe42a02.jpg,Finland,FI,61.648481,23.537009
02486e64fed044d9a123ec5b319d377d.jpg,Finland,FI,64.415905,28.438687
c1064cd9e3aa4000ae37156bf648e738.jpg,Finland,FI,61.814422,24.460896
d70f50cc8ef54d6287c3bded82b6291e.jpg,Finland,FI,68.15734,25.762579
c30a4950b3e54d22a323ff87874bb824.jpg,Finland,FI,66.138562,28.489213
72d90b17cbd94980abdb2ebf80f98ec1.jpg,Finland,FI,61.673612,27.049963
a97758969f77413fbd78455df85e2996.jpg,Finland,FI,60.909591,26.289136
8da9d6e20047454eb2039d902f282ef1.jpg,Finland,FI,64.124499,28.123653
9fca12b4f3864491a1bb73bab68b149d.jpg,Finland,FI,63.487282,28.303028
14122c86b01649bba1bcef3b19600707.jpg,Finland,FI,64.380888,29.053629
d353e4cf89b84018824cafea2cf2dfb2.jpg,Finland,FI,63.31794,30.189953
9bf9bbf4442144818ee52219f423de2a.jpg,Finland,FI,67.614927,25.402213
ab544e0adad44e37bd1b4b24a5c8cc7d.jpg,Finland,FI,68.796682,26.574339
ce7b8cf6c58343b292db9d5baf5415cf.jpg,Finland,FI,68.372554,27.412926
bc1503557b5642d9a01e6f3b7aa2d3df.jpg,Finland,FI,68.346501,27.399579
23de39a4877d4dc4ba191a8ac9028367.jpg,Finland,FI,64.519036,25.662061
91743b3655134d22a1d591dbcfc000ca.jpg,Finland,FI,67.198057,26.67986
ab057285c05b4695b0edd44c4e1fb65e.jpg,Finland,FI,60.322894,23.876627
abe38d465a824fbdb63375f7417e4bf0.jpg,Finland,FI,63.795966,29.189846
02c6013afbed4707a6b0c5bfd58bba2c.jpg,Finland,FI,67.674354,24.220713
fc7b489b69c44d2387cfce73d471c916.jpg,Finland,FI,62.52329,22.731959
da6d64d7e46f4c809b4e72fbfcc29c32.jpg,Finland,FI,63.55207,29.120257
b5e1a219e14f40919560c0546f2edfe3.jpg,Finland,FI,61.337578,21.843519
a262e7630e5f4afd9a5fa7b419fe918f.jpg,Finland,FI,64.918752,27.614709
20b7a4eaa6574bebb194f7a142d3b327.jpg,Finland,FI,62.138249,28.550666
d8b501d2fb4c4aefa7a0a1bd071e5446.jpg,Finland,FI,62.850334,27.697184
69c1fbe3ae0c4b3792f28416620bead2.jpg,Finland,FI,64.532596,29.005045
cb605c1d13f944cc912621530ffdfe1d.jpg,Finland,FI,62.256311,23.498542
4dbaa20be5ff40dbb57f1fac125951d7.jpg,Finland,FI,64.309639,29.119438
f28ba57d9a88427189ce7ccec8c0a751.jpg,Finland,FI,61.910671,22.662953
56a924ceb92d43d08193711b45e91bdb.jpg,Finland,FI,65.393088,27.180634
1bea2a68ec514c96aaa7c74ad1292d3c.jpg,Finland,FI,61.229169,25.346442
253f6c1c33fe4912aeaca0bb5674161a.jpg,Finland,FI,64.337273,23.959168
cde2718349834dff97ff11b8ead27530.jpg,Finland,FI,60.498959,25.051039
aeb1549f09314de58341bf41bb9f16dd.jpg,Finland,FI,60.527296,27.547288
50ca6c2bc53b44ac814204b19f73ea51.jpg,Finland,FI,62.637052,22.430047
84844c76f1dd4a998ca731f775a4791b.jpg,Finland,FI,62.015428,23.660301
c8cb3e2fb212478a9cdf0f4db191f99c.jpg,Finland,FI,61.654994,25.28434
2e173c6c06554bf1b04ee72469be9c13.jpg,Finland,FI,68.357795,27.400849
1ca063a018df496eb57753d26dcabbee.jpg,Finland,FI,64.82365,27.941439
79d89d2b4ce74b89bdb49ed595d4d6d2.jpg,Finland,FI,62.10994,28.585284
d3fec2508afd419fb03acbbf13fd6f78.jpg,Finland,FI,64.022299,29.462077
9b95f0dde9b84614978c7fda5de449bf.jpg,Finland,FI,63.637319,29.198484
bfab171586b849679becdfb56d75b4ee.jpg,Finland,FI,63.339899,25.606026
4eabd2bc45804096a12e6b750d23b9fb.jpg,Finland,FI,67.947838,25.072786
21abfbebdb4f4007929e840c02c50fb6.jpg,Finland,FI,65.869549,24.118966
1a4122950f144592a5c3870d02ef31f3.jpg,Finland,FI,66.107047,24.811739
de5327e6367c4b519f2426b851227614.jpg,Finland,FI,62.981193,25.820086
c5d7c3b50db14f7db46759ad35c6400d.jpg,Finland,FI,61.8653,27.776802
6e8ef7def46c4d7fa4e76358e44778ef.jpg,Finland,FI,63.815708,29.193987
40743fab8bcf4f5faeb1313c45f496b4.jpg,Finland,FI,63.72945,26.929663
b1c8c24e60624d42aabc73316944d0bb.jpg,Finland,FI,63.004689,22.310788
2e519f606f2e4fcc8ba03731c1e5c67f.jpg,Finland,FI,62.256307,23.748561
fbc31e776e15466181e179500e5a3b9d.jpg,Finland,FI,61.93088,24.7247
8fa24212d78143da97f7f0fbeb13697f.jpg,Finland,FI,61.025435,22.96541
9bfd12f167474fb4a6abf0dfcfef87c2.jpg,Finland,FI,61.024046,23.163469
565ad493b46645c68de3ead89f066b93.jpg,Finland,FI,64.384379,29.050382
b9bac76e002247778974acc356a04359.jpg,Finland,FI,61.748476,27.457391
50bb66d00d174d86b8a7a165eab612df.jpg,Finland,FI,62.526436,24.016911
c21de4cfc10248b1bc3f860dee8a8dbf.jpg,Finland,FI,60.746034,26.129088
9a9266b03d3240e2b67593c78cecccdb.jpg,Finland,FI,61.197643,25.232576
81370e484d97465eb13b4e86de163b44.jpg,Finland,FI,65.157292,27.662605
16f7a975105d4f54876c7ad4bd1de8a9.jpg,Finland,FI,62.969804,25.819453
b102d6f6a25f40b68011d29df1470238.jpg,Finland,FI,67.427241,24.937528
0b3b86592e154ea589941080826d5f68.jpg,Finland,FI,63.16107,25.913248
dde23ac5b49f4a9fa251ca111998464b.jpg,Finland,FI,61.457804,24.746751
8f8036e09fd848c89be07d45ad440451.jpg,Finland,FI,60.945981,23.239374
37378834d7c345dd97578155494b497d.jpg,Finland,FI,65.679861,29.114293
9f625b743bb04565a45b28743ba1295c.jpg,Finland,FI,65.422309,25.387218
7f375dddde754b2cb35c49526ff996db.jpg,Finland,FI,61.656168,27.146455
5e824409577f4b66b7349646ed3d2c57.jpg,Finland,FI,65.747505,26.579166
c1fa14fc71a34947babe94ce76222dee.jpg,Finland,FI,62.640303,25.090395
387cce3346014fa3847be536fc30e984.jpg,Finland,FI,63.782579,29.408017
167dc89624984ba8aa0c94d2143cdf85.jpg,Finland,FI,63.065591,29.85433
084714dde65046578900a7e6055fe0f8.jpg,Finland,FI,67.682854,24.865754
fdfcb1fecb694957ae6cba61070b9420.jpg,Finland,FI,63.299987,28.374453
9377a784670247148e52dd187bfbec3d.jpg,Finland,FI,65.569793,28.922892
5eaa903ebbe743eea0711255359e71ef.jpg,Finland,FI,64.162756,27.824154
5431ba3da64240b8b7061c25c0df9ad2.jpg,Finland,FI,61.865383,29.741291
d6b7008b0c3c4efda9b35b2fdd51ae45.jpg,Finland,FI,61.767932,24.362808
f01d670f10d24d65b7bfdcd5711de60f.jpg,Finland,FI,63.081532,22.155151
279cf119e757476e8a2989066fdf5eff.jpg,Finland,FI,67.615641,24.58289
84f731e43397487f859e3bacab936eee.jpg,Finland,FI,61.115098,23.199209
c551d71bf8a7457798ce78b018c6ad1d.jpg,Finland,FI,60.525856,23.610809
348036c06def49738501803e4d72d6e0.jpg,Finland,FI,62.626092,21.526014
6199efe016b544c08a7a5282f1b5f226.jpg,Finland,FI,66.662138,25.463644
3c6796b7bcaf40d1b49e4d90d1d7697b.jpg,Finland,FI,68.363535,27.391015
4b11fc3e19994444af4e929dfc44cdfa.jpg,Finland,FI,63.330447,29.994058
5240c79a2c654397a3813fad4d8e1c15.jpg,Finland,FI,65.25382,26.500389
57efd500f9fe4fce8b10fcda1d678911.jpg,Finland,FI,66.57139,28.423003
a4100010acfe4107bf1b3edec1347d8d.jpg,Finland,FI,68.357118,27.401346
2c29d4b1e7a043488faf3f563f0ef874.jpg,Finland,FI,61.940198,22.786027
8e58a302fb3a4cc98597a70e63648e08.jpg,Finland,FI,61.292058,28.734114
82852341cdfd419ab0d5b2f2966908d3.jpg,Finland,FI,61.137429,28.087668
530a12aba89244258de83c2525598a58.jpg,Finland,FI,66.840689,28.688462
7691e62a7c8043659057a5db3aa8df85.jpg,Finland,FI,66.992849,25.256661
36faa5f83e964fa5ac26edd87e2db374.jpg,Finland,FI,62.851369,27.698972
0d7e49be675d4b64bdf182bff7caa096.jpg,Finland,FI,60.984228,22.089863
986b4ebe2e564dec9dfc30904333dc7a.jpg,Finland,FI,67.92091,24.513736
b7e07f17c0864496a64a5f8af7af9baf.jpg,Finland,FI,62.30716,27.96757
9b097c20defd470fab9e324d21289147.jpg,Finland,FI,61.630466,28.220323
70e25afc311f4c909c488fc27bd7204d.jpg,Finland,FI,62.528151,28.772305
14e5cab3aad84a89b802472c25af3b93.jpg,Finland,FI,65.515081,26.775105
d0b5bf7945b54df0915e306ee94ecc99.jpg,Finland,FI,60.493836,26.85648
051ed89945584dbc845e74defa7874cc.jpg,Finland,FI,63.536019,25.748219
9cf0cbf2f2704b98a102fcac0d7532dd.jpg,Finland,FI,60.319549,24.527475
8f9bcca199a543ed8e27e444e393f359.jpg,Finland,FI,66.191625,28.611127
49f22f4da50341f78cfe428608941cf4.jpg,Finland,FI,62.665652,22.447857
af7c297684c84822acc16495668ecab6.jpg,Finland,FI,64.175424,27.79155
bc71ec7fe3b844aaa188514facb706c5.jpg,Finland,FI,67.481408,27.918788
b30fb82c8df543858d772154ea027212.jpg,Finland,FI,67.98955,25.180279
1ec590fd16a5476386d0f527e35f3749.jpg,Finland,FI,64.804849,26.009087
611eedb71a3442fea1232768114ec2f0.jpg,Finland,FI,66.876698,25.463651
70dae8c6d80a45d69b93b7dbb18210db.jpg,Finland,FI,64.821072,29.339583
654328a8aa764d0fb90937f4fbc560c1.jpg,Finland,FI,64.212071,28.953605
98827dda7e8d441eafdd649cb365e55b.jpg,Finland,FI,65.034421,24.592728
9c7551dd688c48c9af918a1360803a15.jpg,Finland,FI,66.909681,28.806228
a96e5bd0a4794be2ac1643da1c42392f.jpg,Finland,FI,64.013968,29.486737
97ce386518ce4a38950219f9c8cd60d2.jpg,Finland,FI,64.403874,24.094132
1809aa7059e04f77a86ae9a1430c43a7.jpg,Finland,FI,61.021183,23.171153
8e94d1f508e549eead05ceb32e4d6018.jpg,Finland,FI,66.105934,24.810868
f173dfaef80f434f9a28df9a55041d50.jpg,Finland,FI,61.180659,23.002175
062ba9f2d82841ec93fc441df69677e2.jpg,France,FR,44.650906,2.271396
07d8124eb0724df0aad37210bfaffdb1.jpg,France,FR,42.108165,8.659787
5fdeb49503d34ac0b862c2f4b8777baf.jpg,France,FR,43.570236,6.126872
4ff89b0525524252a0a9ee236d70b641.jpg,France,FR,43.755638,6.219259
955f565b4f214175bbbcac9ac5b5e204.jpg,France,FR,49.941339,3.242309
b2e573a5200f414eaa6761c549c7369d.jpg,France,FR,49.32617,3.671397
d7a14f2df20447d08ddc4d4224cf40f9.jpg,France,FR,41.566957,9.273613
3f7b50a5a2ac48ee9f5c3448cf75eae5.jpg,France,FR,45.079301,0.061473
5e0379f771634321b54364abbc6c10af.jpg,France,FR,44.424481,2.131212
7c36e8288de34cf4a18cd9b47880376d.jpg,France,FR,46.414257,4.433881
5ff6ce99335c40b5bcf59703c4685f4e.jpg,France,FR,45.946213,0.439878
d75f9ad5eefd40fa83cc8c0eb6e2c98e.jpg,France,FR,45.672626,0.006687
fd39b35e73eb4df0819b42127d1d08b1.jpg,France,FR,49.54541,1.512449
393668af144c4981a32306520284311f.jpg,France,FR,48.554634,-4.678858
9a7d5f9d40a04a6f88a1d6a2997f0443.jpg,France,FR,44.573892,2.17357
277b972635804cab851bf4fe1e29895a.jpg,France,FR,44.573644,2.158079
da30156d477445bf8cb94de43bc38277.jpg,France,FR,47.46486,4.041621
f87f27e8141f438ab7b8c3ec51e4e9ff.jpg,France,FR,44.282114,2.661655
5b0d51b0ce874772b10305c5f5808841.jpg,France,FR,46.172395,5.288663
c26c261c4c39455eb384720744acca68.jpg,France,FR,49.198823,-0.29326
705767761e4a4146a5e91569fa85f9a2.jpg,France,FR,45.964968,0.809058
01d314a2d5234c0d824d257ec1266d5a.jpg,France,FR,43.668955,0.535842
9ddc90beba2342068a9dcc62f44a2031.jpg,France,FR,44.325544,-1.097516
5c1c7782ce754751965e4147126831b4.jpg,France,FR,47.909911,2.734171
b1d57a92e52a4e828fd0fa1ba5bbf2f8.jpg,France,FR,43.127024,3.123935
2153389cb20c4fed93d65793e73c0634.jpg,France,FR,41.906117,8.67474
29b8a60c40784e4a95be5ba494592c63.jpg,France,FR,44.272177,-1.183754
668595cd77254aca95803cf256cf5ba8.jpg,France,FR,43.774598,4.891925
5957c0f81e9d423f98ea55901a5931bd.jpg,France,FR,46.556241,4.366981
267c77590cdb437abb546c0de839d6d9.jpg,France,FR,43.941698,5.105108
02467a44220043d5a7d79737566a7c55.jpg,France,FR,48.257256,-4.538719
4dc16039659b48a88d40c6739cb8acb6.jpg,France,FR,46.194636,2.076894
dcd1992e2c644881b1af5fe1cb7450ba.jpg,France,FR,48.30188,-4.151144
45f804ab719844b4a5d0be66c90e5962.jpg,France,FR,48.554479,-4.656976
7ed5e3b7c3a44862bc29fadb9ba55a5f.jpg,France,FR,43.256793,6.521564
a33358cdb6b54e9b8e3c4804bd947006.jpg,France,FR,42.177576,9.529494
9e9481d8e58b472892ba39766977b926.jpg,France,FR,48.789244,3.032109
9eff71d204f1413bb4d3c69865601ef1.jpg,France,FR,46.821993,4.014207
78e775fd9ad348ef840dcb89a752f461.jpg,France,FR,48.146609,-1.118458
6f97cdd8a4904743860f790fcc665733.jpg,France,FR,43.280181,0.109793
15c7d8fb55044879a40b503b19914d8d.jpg,France,FR,48.159422,1.255136
bc72941f14fb40adb91d7412ab7ba39e.jpg,France,FR,44.14806,-0.986995
26c9373ab2124227848be8d85d7ed507.jpg,France,FR,45.927315,4.14926
c1317aab70984c76bd592e87d78a11ba.jpg,France,FR,41.892012,9.392696
3bab09815fab45c5b42c95216a7d4f21.jpg,France,FR,47.852602,3.597091
1741d9a65d9442d890f35d0cd20ca2b2.jpg,France,FR,42.02809,9.414713
30466f2f878e49eda3f5d7707c661010.jpg,France,FR,48.802334,6.025052
a4de410b253f40fb94c4a4803d425b93.jpg,France,FR,42.976644,0.708042
b53e0b4eeae546f5a7db6856cd8476bd.jpg,France,FR,41.980368,8.720721
36fb64c70951410994ef8af02cd0c906.jpg,France,FR,46.45796,-0.873574
0742eee3051f4845a6bf8724b9d87ca2.jpg,France,FR,49.303198,-1.458641
1da95a80c8894af6ae75dae7510c69f5.jpg,France,FR,44.88852,-0.742298
eff249ce79a14479a427f29f2a5a6aa9.jpg,France,FR,48.530023,-4.619672
a854564dac9e4d00858900406d5492d2.jpg,France,FR,45.689551,-1.021596
43ffd39193fd49b99d5195eef8eef40a.jpg,France,FR,48.653212,1.963364
e2fbcaa483da4a70bcbf6a4bac756bbd.jpg,France,FR,41.578553,9.243642
81b0e55831024a5ba5b6d80bb77f08b8.jpg,France,FR,43.786895,-0.936213
257c43e894bf4ed48ad8a6eb23adfd2c.jpg,France,FR,47.302233,-3.08681
ed8e6fef5db9441aa4eeb7b9a235d3f4.jpg,France,FR,44.861058,1.56494
235577a1dea8491da64fd108815848d8.jpg,France,FR,46.188391,1.933822
256cdeabb1d1432a859a014f4307e1d2.jpg,France,FR,49.655832,-1.2545
0f59fc7a0dc846c8bd63e9fa76dff23e.jpg,France,FR,44.848998,0.939576
2e9f372d6dc94ad3b2efa556e459dc14.jpg,France,FR,45.410017,6.00905
3c1100e8b0c844c7948b0386a93b1290.jpg,France,FR,49.619285,1.521688
a0b730c0362c4f0c99b2da3c0313e7bb.jpg,France,FR,48.229456,-4.502675
d502910dba3d4f9a8aec5ee5ab5b0d6b.jpg,France,FR,49.303244,-1.46278
9664cd04a2b148ad94f8b4f617ba3243.jpg,France,FR,50.177156,2.795795
a2ef3ef029fe44c5ac810b4dbbab5bc1.jpg,France,FR,48.772813,0.966726
223ad69404974cf995bc5ad82bbb077e.jpg,France,FR,45.191673,4.876267
1d85a8caa9434e0082f357ee69375776.jpg,France,FR,50.785612,1.95219
5aa61e5cd5ed4ad281ffc0536e31cece.jpg,France,FR,48.549198,-4.704527
2f3f2edd6e3e4cebaf4f2b4107205acf.jpg,France,FR,44.094448,-1.318053
9c33f359a5c2499b997d947248a03255.jpg,France,FR,43.442281,6.078668
7b6a2d3a233e45eca333ee693fc46183.jpg,France,FR,43.877962,7.451246
f32dd195611e40829f3edce67e273139.jpg,France,FR,48.205362,-3.820791
fed9fcf60156498d8c43ee2f86d501e4.jpg,France,FR,47.774731,-1.162269
95b28029738649aab4507ed86d07672d.jpg,France,FR,43.571669,3.980269
5839485ed2c54425ac2a334c8e379238.jpg,France,FR,45.624812,2.716712
953692b6464b49e9ace132af6c585a33.jpg,France,FR,44.704727,1.541044
05c49f8abdd745cbad341673486cd0b3.jpg,France,FR,48.341266,-1.720121
fca934e6840346cd9acd771046fff6f7.jpg,France,FR,44.173996,5.901285
a3f3e65875a84db88c08b864420cbec9.jpg,France,FR,44.184349,3.435827
2238967145884c64b6dc60966f551776.jpg,France,FR,43.951631,5.046759
12e5fd329caa4a78a3bff562731199d4.jpg,France,FR,41.649835,9.20827
7791758ff3534689aca390923a56df2b.jpg,France,FR,45.786002,3.014495
1f545e33ad4e4c15bc2db1fdae38a9e1.jpg,France,FR,48.031,1.301797
16b2c929d3bf4df49c5da8203ed5e688.jpg,France,FR,46.348986,0.186287
0f0586f2917c4623a38803e4d4cd584d.jpg,France,FR,44.684883,-0.533954
bd810c760f6e4bfba13233aa5c8b23e7.jpg,France,FR,45.697205,3.748992
d515eb36e96541d4bd6b368166541d90.jpg,France,FR,44.224642,2.772608
cd2fd4010abb45e89e30cd53fdfaf604.jpg,France,FR,48.062061,-1.977106
96f2b35248784c69bf54c584af9e7de7.jpg,France,FR,48.191396,3.449985
52b003f372a94a718d5c76e42de0c230.jpg,France,FR,47.254909,1.935427
cf6889ddc2f848b990453b36f8f4f059.jpg,France,FR,44.632143,-0.846068
b22d6192ec864f6a972057a270b6df1d.jpg,France,FR,47.933668,6.475264
84c1a29f94a34bbdadc374e90661c686.jpg,France,FR,42.537289,2.546719
7f224d375dbe4f949d193725f00831a8.jpg,France,FR,43.802707,-1.379171
5c6839dd30b74577921bfc2c7cf816ce.jpg,France,FR,47.799092,-1.334456
dd96254a382f42ffbad18fe733478f20.jpg,France,FR,48.062521,7.038664
d763d96e10384cbf95c81b639764bac1.jpg,France,FR,48.610277,-4.533113
232f6b82dec441dd8d5126bc0a5f3f8e.jpg,France,FR,43.483449,5.68614
3ccff29f210e4ea192778233beb4c66b.jpg,France,FR,45.625961,5.538923
35dfe69ab56b4902a9c321ff21ce94a3.jpg,France,FR,48.47549,-4.579769
66bcaccd0cac433889c8068bfd006966.jpg,France,FR,41.832903,9.403586
7e90abd8b7c748bfa8deac81523eb212.jpg,France,FR,45.024511,1.977663
30ccd8202bf84878bd8966679100dd10.jpg,France,FR,49.405679,4.041008
aa14a237a34e409eaa7add6551292e6a.jpg,France,FR,41.744882,9.405779
30deb653d20e49598630589e75e8337f.jpg,France,FR,47.210922,5.274055
7cc3084d9ea5491ba06c24acd2f26abf.jpg,France,FR,47.508065,4.3255
b510218ef76744569f68e3d14cb926e1.jpg,France,FR,47.245993,1.990044
2288688b3aa94d00a7487dccbe34b2d6.jpg,France,FR,48.378409,6.14214
eeed583d81f04ddfb8d3e61d41077dc9.jpg,France,FR,48.21973,-3.990445
3331eb1c4eab4e79b50df30b984e53c6.jpg,France,FR,47.55493,3.407495
ef78a27b0c6c49c985164d2daa64b85a.jpg,France,FR,49.338508,1.518027
fc846adf827040a5901e9c3b22c69f55.jpg,France,FR,50.355237,1.733259
a269b35cd6b045fe92eb7965e189ee7c.jpg,France,FR,41.43118,9.188322
2abe55272f8b4a229dda5886834bb1e1.jpg,France,FR,44.521995,1.29165
19ab10c8976c46e2816f6d1c787bb4b0.jpg,France,FR,48.936198,1.556934
a2a687703be049c5b35b30c52909f098.jpg,France,FR,44.500189,-1.053215
3a5ba27578b24b93aca0c7990b81988d.jpg,France,FR,43.125825,0.318229
d265fbdd96324eedbbf6243039e74e11.jpg,France,FR,44.629129,-1.157099
2840ef6054404162b75fc2cdbfcb76d2.jpg,France,FR,44.079734,-1.00317
dda142890c2e42b29163ac3647999e84.jpg,France,FR,47.936553,5.940765
f0a2dd23b5734193a20240346750970d.jpg,France,FR,45.003865,2.025047
0b94862c0f894281880e6915e9ea209d.jpg,France,FR,44.377523,-0.841028
7e6fb5afbfc94871b5f7faa17e527e31.jpg,France,FR,50.545104,2.475844
404525a6746244a58bb5a10166a5325c.jpg,France,FR,48.043558,-4.467635
9e23789201d8447bbbae906c16e7061b.jpg,France,FR,44.227046,4.80048
5ea87c62bac1472f891726829e219a75.jpg,France,FR,44.375603,-0.841857
538ccd1f839b4cb9aa494fe6756d99fe.jpg,France,FR,45.953445,-0.554727
51b69da2a64a4417b16844e710777d67.jpg,France,FR,48.045137,-2.900435
1c0f89d505ff447fa4d31f9d5bbd1287.jpg,France,FR,49.229324,6.060934
c4d84d2520714c3fa5669617b24b0559.jpg,France,FR,41.634377,9.231767
521af041d9ee43808604bec39a11560e.jpg,France,FR,44.554741,1.100156
172df88a965549baa6b0aba885c3fc98.jpg,France,FR,50.470094,2.977522
5a8417a81ed34829b0ee850d5894ee12.jpg,France,FR,41.594061,9.324456
394b5c075deb436da61911ff8d69e334.jpg,France,FR,46.607638,0.604418
7e8387b9d53b4043b94bc3f241c26d79.jpg,France,FR,44.025512,-1.327789
751db20e519a4a73abacbd70c3ccb73d.jpg,France,FR,47.832511,2.842163
bbb38542b7394e37af6fb055dd8280e1.jpg,France,FR,43.271279,5.683453
473648cecb804f679d810fe4145d0108.jpg,France,FR,49.646897,-1.244611
d03e9eef7574451c88dc51cd51cc6932.jpg,France,FR,46.161105,0.171344
66495737445b402eafc4a4ccba8512a1.jpg,France,FR,50.293993,3.14714
6ab7874e912e495e81b30fa807607cd0.jpg,France,FR,41.644318,9.211905
c9c614b5494c479ca99bed5fd517dda8.jpg,France,FR,43.847305,-1.172178
386209f926f145649276f752f982e763.jpg,France,FR,48.258588,-4.621273
48cd2aca6b8940dc9c917b5462e7be08.jpg,France,FR,44.687391,-0.537311
85470a823bf54b6ea17c94a2fa6743b8.jpg,France,FR,47.135668,5.59369
1b1f46f7d36f44ccb6c3f58f93903975.jpg,France,FR,48.570357,6.70657
7b4da6161742429d854eac27c55ae81e.jpg,France,FR,43.811529,-1.370474
bed8c29f30bc4399a43c0fb5c7bc322e.jpg,France,FR,49.29135,2.453289
3d0fd437fe1e4b809e2c3868a833e6b4.jpg,France,FR,49.530902,4.421843
5efa6afa5c49411c80726113531440e6.jpg,France,FR,46.470417,4.013727
b40ae1808f54466da9337f22b7170810.jpg,France,FR,47.844537,-3.762955
b67fd210d8324201a33eb3bd26c58c68.jpg,France,FR,46.097166,3.987008
15b34039702f453b9903e7edebda0941.jpg,France,FR,45.36972,-1.076177
cc5ba81578c74f6d81883334be939568.jpg,France,FR,42.518416,9.397703
aa16155c3e7c4cb7a43978467bec4bae.jpg,France,FR,47.030354,5.550213
e4ca00e3b50c4f15b3ca25c8ba8d90b9.jpg,France,FR,44.775531,1.293269
cd4a2a557bc14c6b815691f639af85e4.jpg,France,FR,49.53202,5.827367
72d0599879b646759beb763d0257d100.jpg,France,FR,45.006966,0.375337
4c9a76f251bf4e6189816caa683fe080.jpg,France,FR,49.422375,1.05173
5a641d0c19cd49baa0870e1c97a118d2.jpg,France,FR,48.373221,2.199084
1cb3937c93334b7fa039fe67a23e6fd3.jpg,France,FR,49.25027,3.368665
31797a29a5a342879a893e3b9243dc13.jpg,France,FR,49.242238,-0.134976
6fe2b6ef20684531b219124abf1a2f4c.jpg,France,FR,48.28086,4.127953
9b0c3014fd5e450a9b7ddf442492681d.jpg,France,FR,45.374621,-1.08086
499b01c4c5e54b718440706dbe7bd68f.jpg,France,FR,45.679567,-0.897135
28c3898245134a968ac5d2bfe8f49a9a.jpg,France,FR,49.426979,2.694839
9c12836067404d3dbe39ccd1536407aa.jpg,France,FR,48.553248,-4.699288
6043f37340fc4684bb86987ac50c9635.jpg,France,FR,43.189635,2.606075
d4e24d25e0e74695b990576de40182a2.jpg,France,FR,48.28813,7.62586
0cd334f1cb424bc9b74bf09e7d88a35b.jpg,France,FR,42.879917,9.477492
a1ab33492d26408ba0728576259e7911.jpg,France,FR,49.304136,1.12845
c15ed40732fe4832a425b5dfd485ea6b.jpg,France,FR,49.029692,7.915394
509d4dda8a14491aaecfdb1267a4093d.jpg,France,FR,46.122586,0.766276
0e6a79c0e7f44c58a96d1d1e2e45bb6b.jpg,France,FR,44.599639,0.897113
599c9f4e0ae9445b9b86bad03d3f027d.jpg,France,FR,47.969539,2.282805
2e24356a11ce421fbd34702f70ba6b38.jpg,France,FR,43.942412,5.913589
6c4ef433cc144fc2972f280ccc759944.jpg,France,FR,50.116599,1.865785
a794178f07e64b32b54fa00ea65ee940.jpg,France,FR,43.236962,5.504842
87e0f862bb4d4bbda443ea27beab015a.jpg,France,FR,45.69699,5.178455
5465a6ea8db84d328214645a7784c1d9.jpg,France,FR,48.585429,6.44637
68a30f49deed43c6992a164e57b3aa95.jpg,France,FR,42.98385,1.571075
50266ac91de5463faa5dffe0d74c0c9c.jpg,France,FR,46.605511,0.606093
5514d3f041cb470a8541c45557e46b6d.jpg,France,FR,47.139572,6.277155
d6a6d742c83c4740a16c1a9c54fd0e0d.jpg,France,FR,41.707778,9.383497
1cf621d229cd4ebf90b6d1aa1e82ef82.jpg,France,FR,47.977211,-1.203199
ea8fefad8fff4d17a47cb619dfb0c283.jpg,France,FR,45.875846,0.860005
acbd209369aa42769e5471b3659e8dbf.jpg,France,FR,44.350657,5.046733
2824016490944b3085907d49ffaa052e.jpg,France,FR,46.738069,4.58365
328863523e434191b8bc9d2dba9e86d5.jpg,France,FR,45.332094,-0.249805
69a888cb3c934cbba3d699469f51e5fa.jpg,France,FR,43.582194,6.635795
083559d1008249b1b9e874df157b3342.jpg,France,FR,42.285407,9.121775
8d80f928c7fa447fbffe7cd42af515d9.jpg,France,FR,44.066333,3.385927
2a7049b0087147a4849c82f31946b490.jpg,France,FR,44.976626,-1.078499
d437c0fa37ec4ef79d10fb850ba49da3.jpg,France,FR,48.214231,4.882232
ed55d6b72f9940d1865c23679da3e064.jpg,France,FR,49.257578,0.053076
98cfdb2aa208434098f8212adf0c3def.jpg,France,FR,43.528238,6.927551
0dc54f57769d4075aeca71924efd659e.jpg,France,FR,48.797528,6.017837
c6896bcf462f4e24a657fffe4458c4ff.jpg,France,FR,43.31846,6.354939
e7ee5d7cc3e24a358d78ffbd10c53bfb.jpg,France,FR,48.667676,-4.311517
767ecddb4c1447f699a2810ae005bd92.jpg,France,FR,47.212777,0.071246
138d3acc821d4b3899b6c329d7714c27.jpg,France,FR,43.942444,2.167756
5db52c01edb0470b8e77d4a9de7a6d30.jpg,France,FR,48.498506,-4.538353
8a36dd7cdf6e4ed58dca0f67556942b2.jpg,France,FR,43.398501,3.354541
1c974bf2f9cf46b8ab6a6b394386569e.jpg,France,FR,47.748205,3.569187
5066bd3bded7460bad77f1af6817610f.jpg,France,FR,49.216169,-0.383786
abef441737774d10baf3fa645633dfa8.jpg,France,FR,43.019473,1.963161
38fbc5893b5b40d9a7c1cfa5d7698c6d.jpg,France,FR,46.374316,4.188939
6ff9604b2c6f4c279189bf95e00f7d5b.jpg,France,FR,43.600697,-0.800645
d0e6951ffe5e41c78fe639f33d4aab2b.jpg,France,FR,43.032723,1.553615
3041706ed43c482b898233a0f7cb4c6a.jpg,France,FR,45.761142,-1.228955
9eb71003b917432bbdb15dacb395d66b.jpg,France,FR,50.202248,3.782629
6983441be7754cae86de9d590f17f8e8.jpg,France,FR,42.086544,9.496937
4e7a1c06072f4d7b811f4c6f092629c7.jpg,France,FR,44.562195,0.905743
7ad2794fd7294302900ee5b7589c771c.jpg,France,FR,50.796974,2.746503
0f99250f67c048c691179d6396bf6e11.jpg,France,FR,45.840867,-1.148554
ed0b1ea0b85846718edfeab7afb16166.jpg,France,FR,46.859451,-1.206017
e9bc8716a1824d6bbb311acc8baf49df.jpg,France,FR,42.628014,9.356277
00cdd5e5637641948ccfa56664dddce7.jpg,France,FR,46.297168,3.43746
e13cbfb55de94b0ba825be52225a0c4f.jpg,France,FR,47.890379,3.239056
afc1c809b90747279b4ba2a05fe7f456.jpg,France,FR,47.525253,3.570431
7e6072eebcf345afb9bffadd467b1a99.jpg,France,FR,49.584025,0.246717
826c26d42671428786912e8f586ffe0f.jpg,France,FR,43.710767,5.597279
9879a20755254e02adafdd11f0e4edb5.jpg,France,FR,45.744849,3.793346
e68089a29bc84c34a94825c25b9aa18f.jpg,France,FR,43.701882,5.582655
70bdde0cbe8e42c2b36e7c750ac274ee.jpg,France,FR,46.809702,-1.337613
9f1f17c4c52b41b186da514dc9dd386c.jpg,France,FR,45.977121,1.431962
8ff3b5ffe99d48a78fd91af3afa21650.jpg,France,FR,44.486302,-1.072024
4b3488ef8b8a4d799a2ca9aab75299f3.jpg,France,FR,45.903716,-0.959794
93b7e1adfe2e4967a4420da33a7a939a.jpg,France,FR,46.182598,2.083808
51ac622a683749e0ae1e62d35a6cef4e.jpg,France,FR,43.634223,-0.934776
18bea262518c4d31923af173066355f7.jpg,France,FR,49.302571,-1.263666
eaec9d26b78a4d9faabaacb280e19a1e.jpg,France,FR,47.214483,2.240798
419fab621dcf492882c079eb01e8044a.jpg,France,FR,43.697751,-0.377
22d99035eb9b42b697356fc38a3f7c0e.jpg,France,FR,43.1426,2.727564
b122ab66323c43adae37e5388ef75905.jpg,France,FR,45.212192,2.825538
beff8cbd059c4c7990ae07972070fff9.jpg,France,FR,46.510408,0.158576
27905a13f00b4be88edfbfc95f7f6e83.jpg,France,FR,46.239396,-0.073219
c2e2fb53eb2441858d6cdf18d8562bee.jpg,France,FR,47.679242,2.739832
f8b15eb77f874c77aeed755ea4a9c725.jpg,France,FR,49.174273,-0.35376
b5d9d2d178df40138421215cdacd8084.jpg,France,FR,48.878142,2.97675
3a4d7bcb6e2f421ba1a66eee7ebd0dbd.jpg,France,FR,47.862651,-2.524701
f890f4571d064f029d171e16c0b9fc08.jpg,France,FR,41.593333,9.315243
afafdfac861941fe8ef351f41deddfa6.jpg,France,FR,48.563927,-2.574114
e9d18f58258d49969a895df1ab458130.jpg,France,FR,47.794766,2.184555
1f60d168012146609615a55c035f07e4.jpg,France,FR,47.033685,5.825506
18c3c17653714856a79a131b44c03333.jpg,France,FR,45.37206,-1.078116
ad438fcb63564fb6b146d0dce9d7e505.jpg,France,FR,49.801249,2.043512
4ad004538b2e4fbe952538306938c788.jpg,France,FR,46.375004,5.971699
770263a0b89d447db105220f8206addf.jpg,France,FR,48.833381,6.255258
b7b0f85f6f7045f68082dae2e349b2d2.jpg,France,FR,43.644337,-0.894385
da7f750935a14a20bbd10f646f9e765a.jpg,France,FR,48.793436,-1.514373
78e3310180de496cbf5cebe31864ab9d.jpg,France,FR,47.543567,3.452662
5da83ddc06964a69ac4ebe21cd0502c7.jpg,France,FR,47.123191,0.978057
d2888e4d91de4d398ddf25f3145a97c3.jpg,France,FR,47.213943,5.294785
2d36fb18aef64d94b6e17eaf0fb9ef9a.jpg,France,FR,44.55499,5.872598
9450923063724607b9e63e6b12c6d5dc.jpg,France,FR,43.752959,-1.380459
8483a9fed25b4fc49503f4cff9d08276.jpg,France,FR,49.13933,-1.336914
99d00c411f954a97a41a4aa489f7e8cd.jpg,France,FR,43.465404,1.181204
1f4070189152482dab6a5a136fb0f8e8.jpg,France,FR,44.152966,-1.298368
e919b06631254bf986b2acb0c3b3dcac.jpg,France,FR,48.155107,2.343306
f376399f3e0c43329dbc62cd310be014.jpg,France,FR,45.658693,5.615884
050610f384af478ab6c60a60a75993d9.jpg,France,FR,44.006018,-1.027782
7b5b5a33a293415f902d1fe63147be1d.jpg,France,FR,45.93007,0.198103
b0738ba5f27041ad9067841505efd8e3.jpg,France,FR,47.437329,6.723494
7293c080fcdf422898515228f71a75ac.jpg,France,FR,47.985125,4.895342
90d0e2fa28764e62bddf2506a697659b.jpg,France,FR,47.785803,5.592106
db3e92b434f04a4ea08ce1e11d7c684c.jpg,France,FR,48.625259,7.725444
2f716bda5a374ed38cfe81cd3afd79da.jpg,France,FR,47.491178,1.217014
3962200b48df4041940da0c61143b68c.jpg,France,FR,42.985131,2.973048
045451835e3f4ae797b03a52f941c174.jpg,France,FR,44.685847,-0.86745
762c960ea33349629177cafd4bc25135.jpg,France,FR,48.279094,-4.500337
18aac20d790a484382f21f9a89fcb116.jpg,France,FR,47.909739,4.718497
a25e2f027bc9435f983cd3456aedc774.jpg,France,FR,43.546161,4.812498
e5be7994848c4059852f9cec1dd443b4.jpg,France,FR,46.117055,4.948186
976f78ee1ebe4441af5bc1665540f734.jpg,France,FR,43.572758,6.804976
64203472b62d495bbe28ea6f5b2c01d3.jpg,France,FR,48.067272,-4.568772
5514c2748f384a6f9ef70a7b77c107ef.jpg,France,FR,49.093138,-0.25942
571d9d34d25548d59b6720b1e018a96f.jpg,France,FR,48.367242,-3.789908
c80f65ac207d4748a66287a06635bfeb.jpg,France,FR,47.107156,0.313831
69e901ba710842a381895cb9c4aaca59.jpg,France,FR,47.921112,4.772134
3eb3046ff37442398881db310ac7217a.jpg,France,FR,44.989833,1.07675
3ca85bc6aeee42a385f9224041847673.jpg,France,FR,47.97629,0.830089
51c6bcc43c114f5bb7b09270e196a23b.jpg,France,FR,44.69824,3.023086
aea72eb765b6413ca755daf9dfa660b2.jpg,France,FR,47.525681,3.684241
e71cd9e988c94079bd799c22229bd627.jpg,France,FR,42.506531,2.651461
1bad4101a9704916b5ed99fabb4f3274.jpg,France,FR,43.941183,5.05781
12a6c57904834e9d89674b74d52abbd4.jpg,France,FR,49.241383,0.099733
206f35da53204a0984af3ae6bf36d19c.jpg,France,FR,43.842928,3.742679
12d00d3d760544a8851aa838de407b45.jpg,France,FR,49.655349,-1.416967
6b5550e8a6e443f7abbb4069e373142b.jpg,France,FR,45.602265,2.727763
9dd8a946fd5747f98cbbf57f179c562e.jpg,France,FR,46.229828,5.354255
12e3964343dc4d8b990bc018608051c2.jpg,France,FR,46.388097,3.885522
b8746a4f792b4dd9a15c77abfdc5bc2e.jpg,France,FR,46.445537,-0.035939
32b8a6c154f2409eb197eeed5b78a85c.jpg,France,FR,50.156859,1.739208
2f1d670716c246e79e2806c7689e0946.jpg,France,FR,46.827573,6.091404
089c554c5cdb4639a09c077054540de9.jpg,France,FR,48.735921,2.986122
60b6fd0a0e7a44bd8b8f43ca49bc4db7.jpg,France,FR,43.730084,4.062347
d02f063c6592477095e73dcb5f759013.jpg,France,FR,42.20833,8.65199
92fe8db89c54424c9657095a432ff42c.jpg,France,FR,48.598309,-2.824497
f59f71d433e84de6b84efe6b8b8e0ce4.jpg,France,FR,44.881332,-0.662645
719f15340532489bbb305c7cc3d2e25f.jpg,France,FR,42.552534,9.460755
c91d1ac25ae44f52b9adb17c98b3eaa8.jpg,France,FR,48.562012,2.196442
052b421b96fb40579bb0c3bb9d45f007.jpg,France,FR,49.020105,2.702849
0fd8cfbe19284020b5c20ee921ef27a0.jpg,France,FR,47.006103,5.390624
aae3b10e7921421e870697374f99a41f.jpg,France,FR,42.010395,8.747433
735f71a3fd9e40b0b8f151837ec40670.jpg,France,FR,43.460191,5.001122
ceb0eb6ad3944f45a957ae58356c62c1.jpg,France,FR,41.995491,8.730614
e128093b74e3458f87193df182897ef4.jpg,France,FR,43.985798,5.928253
624f4a5b61f04e2db9e2958c8efa9fdf.jpg,France,FR,43.665106,0.566328
429c3d387f3a4916851da4e9c2ce1f40.jpg,France,FR,47.971248,2.78064
f7efa2cf5bc14535bc15b5861223ffa2.jpg,France,FR,44.06645,7.589423
9072639c294a4ffa8c2cb1e82d4f4f77.jpg,France,FR,44.460269,-1.09402
1c85efa56b3142cf8fd6d0f5878436b2.jpg,France,FR,42.193651,8.628155
3c8327601cd24c2389cdd1d6fabf7f59.jpg,France,FR,43.172637,5.698183
a17c60cbf4cd4cda831d00678eb5e583.jpg,France,FR,45.366231,-1.052541
484d085b286049a78f99b1e6eeb47047.jpg,France,FR,44.170353,3.694881
bb798679a96d4b588e462f708c64e5bd.jpg,France,FR,47.650713,1.122088
18259e2d52c640a5af5bd03847d31d70.jpg,France,FR,47.135262,-1.581232
b4ca5edc13054302abedcc1c2c2e6bca.jpg,France,FR,48.999284,2.136712
f0d788e624f74c90b873eb9f2a61e2eb.jpg,France,FR,44.955045,4.687367
b464c2bce652483a9221b3055640f460.jpg,France,FR,41.652348,8.932397
8741e9847a24405f988516d410c5a381.jpg,France,FR,47.76826,3.936872
a8607b0d86a54ce7958d2ac409504d4e.jpg,France,FR,44.237495,-1.128811
93f429e4463d4ce995b3b0a492580251.jpg,France,FR,49.145494,5.377584
df77a783a7e44ebe88220e7282e4020f.jpg,France,FR,44.446846,2.699506
86ba2d7f32254b7ba13a8cc3040b4fbd.jpg,France,FR,47.498053,1.298743
2baf3c187cd848af9f69abc43f7cbd27.jpg,France,FR,41.470449,9.225225
ac3f20d27faa461fbce9a7c57c336a22.jpg,France,FR,41.485247,9.240302
ebbf65f133ae4e44a034de5788a2ee96.jpg,France,FR,47.317085,1.399597
8b323c2b18fd4acb8980b396ec95d685.jpg,France,FR,49.468449,1.036082
f360d4373eec4e04889762cd021327b4.jpg,France,FR,47.993644,-1.201938
baf31be2366441418aa8897937604066.jpg,France,FR,48.149411,-4.235565
c032b28a199c45909010d7cccfcc09f8.jpg,France,FR,49.169056,-1.516176
635770ffb73c4e369a11221eb39012d5.jpg,France,FR,46.849925,5.914687
83a19507d52d492bbe84a7a3c55ec0a7.jpg,France,FR,44.419577,2.317002
8b20d3539e2a4c34aac25d0930642440.jpg,France,FR,48.240707,5.480299
a500be2f72214120b09f478b0b64cd74.jpg,France,FR,49.211842,2.369643
524bd553247c42ee85dcf7c223569acd.jpg,France,FR,49.263229,1.544308
aabd27d762b54ff69fd449575511e5bc.jpg,France,FR,42.621449,1.822425
55c5ede5d18b486c925b0f7b186513c5.jpg,France,FR,44.154553,-0.959047
d5b298b91ef94878b64f192be42c0c93.jpg,France,FR,41.82091,9.403181
a4102b5c3eaf440b99ab76e560f2cee1.jpg,France,FR,45.552667,0.175833
988b58f2e4ca4fc4abd06c10fa1a9d39.jpg,France,FR,44.239722,0.59674
f49d414e432b4017a36e78edd9b6f2eb.jpg,France,FR,43.541191,0.465658
ded7d47fd9c84fb798bdc49a1c83e926.jpg,France,FR,43.337603,6.318008
d66b55692e644d3f854c976545917166.jpg,France,FR,44.360411,0.716375
675506586e384873873677d745f76d2d.jpg,France,FR,44.99362,2.14673
c58dbd005d164fb5857a6e08dc7d4ef0.jpg,France,FR,45.769138,5.911194
32dff61c4fd64aa3a80024730ad5a669.jpg,France,FR,48.029955,-4.612747
fdd0211c5f8443ba9e4b0437b753419d.jpg,France,FR,48.627067,-3.747634
9b4d7192e83f4524a219e81cee40ab56.jpg,France,FR,48.445178,6.61971
3628046bebfb445fa81b1dd4de24f528.jpg,France,FR,44.093315,-0.499746
169b9824a12d4f0c91c185c111ca795e.jpg,France,FR,46.161159,0.032102
697d46b2696043bab147007526db48f0.jpg,France,FR,45.966774,0.204876
1f5f10aa1a4a4d7989939ae27d7e4654.jpg,France,FR,44.716824,-0.564098
299409f7bdac4c92ae82331e3c71cac0.jpg,France,FR,43.961609,6.494882
d66cae0cdfd44aae8683ad77ae793033.jpg,France,FR,44.448475,-1.244972
50ef25b5fa714d0986053be84242e7ef.jpg,France,FR,44.487337,4.674636
f4fcffc0794f433dbe0e56a47ccc278e.jpg,France,FR,44.099341,4.628578
18a889c525ac4c9a80c21f3712437eab.jpg,France,FR,44.51101,-1.235219
f98914ebb264432caa11639813b1529c.jpg,France,FR,46.98522,5.146732
f38dd826c88c458bbe427964395be82b.jpg,France,FR,48.555877,-3.355627
254f93ba7645404cba8b06bcf2504c0b.jpg,France,FR,45.775945,3.739319
9adad98635d24ed1a022bd7003a756b6.jpg,France,FR,49.543608,-1.699227
d5955d3cc9e04af1836a5a54d1b96e77.jpg,France,FR,42.092946,9.513861
0c1766c4c21a4c2593bf42ff8a138b0b.jpg,France,FR,47.842127,2.686006
8060408909364da5be033f2295d4badc.jpg,France,FR,49.561628,-1.316647
8866d39d52324b44bdb9ac5ea9acb0c5.jpg,France,FR,44.639475,-1.116209
bb2530e09a43491283c10724b636c0a2.jpg,France,FR,48.291781,-1.238757
616fbaec68974fbda121ddef021e1715.jpg,France,FR,49.833129,2.073239
37607e5fbc4140d1b5f2323f203df4ef.jpg,France,FR,48.408696,-4.371644
ef60e63afaee4f8e918194c68a22329d.jpg,France,FR,43.36477,3.17846
54bce5d230424a27823776ccf4c58a91.jpg,France,FR,48.529572,-4.619243
fdbf4ab79c0848fc893146d68ff76d3f.jpg,France,FR,49.994325,1.737158
ff9f1101d1c34e7ea86a83329a9db6da.jpg,France,FR,45.034663,0.475515
a0135e5e0ad248b3b6389668e87753ef.jpg,France,FR,49.549179,-1.714638
1740bea1a4e841a2b4d8fa9c0da8431c.jpg,France,FR,46.568884,5.992501
298ba9fb0efe4d74903569f985742d14.jpg,France,FR,47.633338,-2.989563
03941a5d67624d7aa8a32f9a1f7fd670.jpg,France,FR,46.190241,2.080769
e376b40a256e45639365d8c7ea7bf738.jpg,France,FR,42.762955,9.46738
ee329defdd3f4f6b98e2c1e8f6fa218c.jpg,France,FR,45.475836,-1.147614
9d6e96cddfd3487f801e8b3fd1524924.jpg,France,FR,49.643606,-1.488336
70ec5e501b1b47bd89df146dbd1f3386.jpg,France,FR,48.498398,-4.506924
cf88cc90008141a28fdea5d0dad9244f.jpg,France,FR,49.320661,1.411134
5c2df5956f234b678df7cb51ffd39cd7.jpg,France,FR,43.237116,5.502842
c0a932d776d343dab249ea95682eab48.jpg,France,FR,45.520643,-0.861232
57bdf2b5e4e54df4ae193a60e0bb74ba.jpg,France,FR,45.702243,5.121857
133b6e151a6642b78cf80b9a66ec99b1.jpg,France,FR,49.087573,6.13898
1a2d4d75af034f8fbd4d5bee0c247d56.jpg,France,FR,44.511916,-1.235432
2ce71407477147ce990eb4dde3d5dc13.jpg,France,FR,44.118076,-0.057828
8dc44a48b7324f549cf32bdcc8ad5dd9.jpg,France,FR,45.545315,1.800104
283a79a98e8d4b968669495b7df61747.jpg,France,FR,45.845665,-1.156624
cf4274c4fb704cd7a57015d230520c8f.jpg,France,FR,48.128611,-2.181528
703a3dc490fe44f4ba809a2d295ffed2.jpg,France,FR,47.375226,-0.414861
a0a0e314b74e48fdbf75fb843a02170e.jpg,France,FR,43.991427,7.546897
e9127288d78243bcaa8b479bb0bddedc.jpg,France,FR,49.512661,-1.290838
3330bf71cbbb495c861c8bae65422ac8.jpg,France,FR,44.614127,-1.103238
1366557290e94d16b2cb1c11849ac392.jpg,France,FR,44.648167,0.591893
77373c9a3b754c5294e988812b0a3509.jpg,France,FR,43.941326,5.057642
ece0eabfc26d4ca4855f04b2ca14075f.jpg,France,FR,47.755922,1.108391
c0ba65dd0b164b87bf769c39be9c0c3e.jpg,France,FR,47.144607,-2.13345
9c60e3ea74e64600a02dd113d0500a75.jpg,France,FR,50.834187,2.051282
a1db6af4de174adbb59b60d7b45b0910.jpg,France,FR,50.176373,2.734334
c23e6b05dc474cebb4b21294bf7d8bdb.jpg,France,FR,43.758281,-1.394736
d56372a96a864610aec48210a38c5bc6.jpg,France,FR,50.318031,3.774835
2746479d0f6943e98149956ce233fe45.jpg,France,FR,45.243601,-0.868203
9d138c3a577146e1ab906d27e2bf916d.jpg,France,FR,48.628972,-4.510165
f83f5ffe3e9a474d82ce4bc0dde67870.jpg,France,FR,44.614416,-1.090318
aa08dfe6a2d24d0d8677e166334aac01.jpg,France,FR,47.220166,-1.833826
dac2876e989c43a088b06b6f0f2aed77.jpg,France,FR,43.821977,6.897407
122435dfeda849abb40b89fbfe2c6616.jpg,France,FR,44.676929,1.747264
3bb8647619084fbaa27d1f8f82484fa8.jpg,France,FR,47.677672,2.149171
7d0ad1cf62a747c09b6a6183b2563ba4.jpg,France,FR,44.112291,1.308214
d96066ccdab94cffb263a6fb5662f450.jpg,France,FR,45.037651,-0.739115
0255439713a5460394aa4fbf413bb932.jpg,France,FR,46.002457,2.193933
81dd848c14a641d4a7fb7384496c2644.jpg,France,FR,48.039563,-1.784924
59f2ef1d91be436e9e021b9560d835cb.jpg,France,FR,49.705064,1.963422
fc93fe942cc247969334c3d0ceefcc51.jpg,France,FR,48.3861,-4.761849
ff17918215de4a378dbde8f4c8991567.jpg,France,FR,43.992367,4.336861
2c71e9838127427c8a5e69aadfd32126.jpg,France,FR,47.602684,-0.335128
00368a72f2a9491fba0f2fd1ea95bfbc.jpg,France,FR,45.374921,4.68234
0b948ec1224a40828702fc9bd63743b5.jpg,France,FR,48.340432,5.404579
9aca7a456c354b3f80c871c899ab8639.jpg,France,FR,48.530172,-4.620303
575fc48001e3420b9035e6bd2745e707.jpg,France,FR,43.597519,6.857185
1958bb86eeb241198febc8a4b825e47d.jpg,France,FR,44.485385,5.385263
0ba5031a0621437f9f35df96b2f63764.jpg,France,FR,50.377558,2.089803
164852ef1795466ea7d74c893a4d82fd.jpg,France,FR,42.738458,-0.00898
316e9b0dfa6a4b74882178833166cbfd.jpg,France,FR,47.398473,2.792689
acef0f908662468bbda90a638538a55e.jpg,France,FR,43.342539,6.697776
4f0cf94955d54eb18188c9bff5fe90b0.jpg,France,FR,47.962593,0.291386
fcc82a502a9a432eba84a8523cef8137.jpg,France,FR,43.445493,0.31345
6fe39927e1304d7e90b65301a3ae2e0e.jpg,France,FR,47.591357,-2.980008
b1b41ffe0f4c4aabb79a01810bb8cc23.jpg,France,FR,42.237992,8.634028
327bd4c46c724e3e9a52e225344251e3.jpg,France,FR,49.246821,3.368984
42052aa04bd74cf1a362078e2ab7541a.jpg,France,FR,44.412479,-1.157394
1e8ed4a0b60d4bd1afcbc210dab23912.jpg,France,FR,45.363684,6.519744
7de8a74147d249aca1a18fd157963e6d.jpg,France,FR,43.427985,0.047997
34a514b6f7a94ec390e37b011057b809.jpg,France,FR,49.290472,1.47945
a27201a08b8345e0ab4d618fea81aa81.jpg,France,FR,44.161989,-1.078002
54bbbd38b4f94245a4063e2160861e0b.jpg,France,FR,41.824636,9.402043
2c4bb779391d471ea196c230d81e5c3c.jpg,France,FR,46.612769,0.600643
426bd2f23e424b968565efaaf561564f.jpg,France,FR,46.465732,-1.299564
98c2041bc7dc4e1d8305984e37c27fc7.jpg,France,FR,47.475103,3.809731
4a7113631145441aa24febd1853cadce.jpg,France,FR,44.699525,4.826393
0aacc91e47c7467594e58902b8dd628e.jpg,France,FR,43.781889,6.361586
8c34a9143c9a472a9bb283310ee0952f.jpg,France,FR,44.16342,-1.031942
a07ee3d019a941d69a2a53dc96b9f28c.jpg,France,FR,47.834133,6.434561
255a844abbb34332a3b666cbf513c3b2.jpg,France,FR,46.88227,-0.742145
915a592ca6734faab8c7cc5fcc67b79a.jpg,France,FR,46.128702,1.434443
a2fea83377bb448d90c93360ac4a24c5.jpg,France,FR,49.840568,3.078557
5121e71efc5d4a55b1dcf56562a5684b.jpg,France,FR,45.767725,-1.229854
6310e81d76bc40eaa7192d764bcb2a5c.jpg,France,FR,47.30832,4.112524
cb8923c8acc84a95a424d7e3e57e602a.jpg,France,FR,44.628297,-1.15735
a9eb905e6de443bcbb9edb3022dfafba.jpg,France,FR,45.454263,2.071068
ac44de46343a42bb9bb96ffbc7512e16.jpg,France,FR,44.169215,5.83925
3ed51c3164c44ba6b6a45cadf8f612f9.jpg,France,FR,47.552516,1.539215
9d70865a071b4bbab988d5345f98f1ae.jpg,France,FR,46.234088,-1.018614
1164dfe7ded14ae98c1c9baa0e7fa48d.jpg,France,FR,47.705529,2.533509
6ea0c7b1b25b481a85dfecbef28df851.jpg,France,FR,43.769083,3.791606
4d51735b36d144259796cbb18fb7c2f1.jpg,France,FR,49.186167,5.809514
c0b9d2d017d743d08a134d4c6e8e4b12.jpg,France,FR,45.358459,0.098982
c994ecda902244fbab270a75cf906e70.jpg,France,FR,48.432297,-4.500673
0ab429089bb64a09b114c124e60ede1f.jpg,France,FR,44.320824,-1.101936
c84431e4f2194059b1764a1a9ce16088.jpg,France,FR,48.601527,-2.979748
c063b290cf8f479e9753733f1a9a6255.jpg,France,FR,44.410575,-1.074512
4694feb77bce421bbb866b3bb6bfb932.jpg,France,FR,44.887437,-0.667241
512c4c3c0cfa4686bcccd0e81ea7072f.jpg,France,FR,48.57987,-4.510059
b0c6066a50d44e1daedfda1c90fe4f43.jpg,France,FR,44.271386,-1.18401
c3f74d2cc2184f7895e6433ea69e230c.jpg,France,FR,45.197348,0.158143
f313fbee5c604448a891498b24c2ffbe.jpg,France,FR,44.184237,0.029006
ae3f285d33c141f091ebd9e7c7676a9b.jpg,France,FR,48.90494,7.70726
60265652cade4605909ae49d6c02e0a3.jpg,France,FR,46.568469,5.993139
2eb08b46de644edb87f91257d443f99e.jpg,France,FR,49.696319,0.53088
4ceb6a1314c949118e65c7a4f46350d7.jpg,France,FR,44.185302,-1.292811
92da5af2d43c4ffc9d416efc2f113d15.jpg,France,FR,48.50272,3.771698
9cae9643229843f4a2ebc16d4905d89c.jpg,France,FR,46.885916,6.236643
4a4df1ad1dd542feaf0ff4633d7253da.jpg,France,FR,42.211866,8.656618
ee23fefc63fb432c9e16b460da8a764d.jpg,France,FR,45.053917,1.020083
ebb92539dab34faba8aa79832be20811.jpg,France,FR,47.237574,-1.343408
b9f21c58d5c241a895db90f734021425.jpg,France,FR,49.924965,4.646958
4d96fe33d42841eb83390b03e8c6379b.jpg,France,FR,49.011569,-1.428763
2e261e5f2a734464b8e0dfaf200c4b01.jpg,France,FR,44.187302,6.042735
e88d709e6778475a9b0736cbbf0d951a.jpg,France,FR,43.695075,4.540955
5525c989c7a740f0b7d8ca4ca97e3a7b.jpg,France,FR,48.450049,-4.487558
12af8ea9b0744424aa78266f99cf87b8.jpg,France,FR,45.830071,5.640525
6f32fc5ded664f108c8d53478f83b438.jpg,France,FR,43.136877,2.729555
f1f1a71ba41349a49503dfda4d4698df.jpg,France,FR,46.087008,4.087836
6fa7dd1011d749049a55267d03526ec5.jpg,France,FR,43.613065,0.944861
cd45dae97a62460ebfb80c62b66a6dfb.jpg,France,FR,46.196292,1.788028
cfc552076f0c449798c317fe5c58651d.jpg,France,FR,45.14525,0.056276
e1211d52cc0444029d793bddfe18407c.jpg,France,FR,45.182423,0.181173
07df25b84a9548328ffb16c096efdb55.jpg,France,FR,43.630315,-0.931072
cc45e30b3d0f4cd29abe20f1e72ed9da.jpg,France,FR,43.380781,6.503368
8a7c851221164b2d9dc50cd2ba7a0200.jpg,France,FR,47.042449,4.339953
50e18740617f4612962afc961cadefb7.jpg,France,FR,44.639717,1.538495
c7f9f9c268a14f6898a980407a2dc9e5.jpg,France,FR,43.417517,3.30788
567b0aee47ba4788b7181c6e3f74bb16.jpg,France,FR,45.151862,-0.805173
1050ad2a9c30407cb005d78ff61462c7.jpg,France,FR,41.673453,9.31374
c681e2b5ce46438ab03fa022d99d4842.jpg,France,FR,47.936168,-3.478184
a1c1088145074f6aa6af1c89a0f74f3e.jpg,France,FR,43.185393,6.472581
0921848fae494c73b87e661567872aa9.jpg,France,FR,48.358327,3.984238
56c6edb8ad25483daa74982bbc63bc3c.jpg,France,FR,46.554869,4.293959
5e1a285c7650486da470b4a7f40461e6.jpg,France,FR,49.378158,3.368019
2db35f1eb4ab4312ae7e0af4d5dbb554.jpg,France,FR,43.627323,-0.928263
c25cffc7b44346f18d8e8819f8b1ec7b.jpg,France,FR,47.446445,-2.260486
0c8be74e4bab40b4bffd8f0add31fde5.jpg,France,FR,45.807773,3.319766
75120b6c6c154a74b42e4ad805d3439f.jpg,France,FR,48.930283,0.806903
51849527e4c54a90926aba02ad08325b.jpg,France,FR,45.837847,-0.411092
1fa9f102bbbc492a9731cb6e289a4c38.jpg,France,FR,43.971117,-1.063066
4208beddebe244f289c773b8b7be45bc.jpg,France,FR,48.064387,-4.594373
b98ba2cb184442d1b6ba1346f1d5e2a2.jpg,France,FR,48.341386,5.406431
fd32ff3327e34d22846571b93738d48a.jpg,France,FR,49.17094,6.823893
bc876a8de7a6492f9340a97c24f37412.jpg,France,FR,47.774509,-1.35045
e8a8a58c548040d6822e5fa37e0bee25.jpg,France,FR,44.085089,-1.001165
e841587a899c4906a2aa028edfc935bd.jpg,France,FR,47.412727,0.609483
b9a2d91679884c16beeda9e347d9ee2a.jpg,France,FR,42.369339,9.529649
9256c7a478594893a5337d3d32e5ca28.jpg,France,FR,44.474481,6.315997
39cdc7ffa3584c5fb13a2be15ceb1e90.jpg,France,FR,47.534837,1.307801
4b7362c646c14b13b26c6937fff9ad5a.jpg,France,FR,43.504551,1.149117
f6b263cb722e47998e76bd8613e9597e.jpg,France,FR,47.279471,3.86013
855deee512564501b269ddd347c850fd.jpg,France,FR,50.198954,3.252086
df73d6906ff14f538d477e1ceceeb427.jpg,France,FR,42.463386,9.496508
ec869fc071d542b6a8984839ab18cab2.jpg,France,FR,45.864535,-1.198733
311ad03d436548209bf119219fa475cd.jpg,France,FR,43.838792,-1.177892
d569bba11d2844d7ad9a342a63723b11.jpg,France,FR,48.564373,-4.51663
e15eb196ec6b405584cee70c4c9e2152.jpg,France,FR,48.649486,-4.430597
a50c3e7ec2ee445ba9b3435fc293e083.jpg,France,FR,47.334217,1.992622
0113aa74ccb4409fb4788ddb41c60d6a.jpg,France,FR,43.1632,-0.109384
de2e2f7016fa43b2a31921bd25964ad1.jpg,France,FR,48.504377,1.974034
4d9561af2cfb48e0bf9c43f7c0d98acd.jpg,France,FR,42.961222,9.400118
40da82d5f8624c0dbb39d125efaadfd2.jpg,France,FR,47.712332,-3.472722
1e1f6245faa042c1bbf23907002a7223.jpg,France,FR,48.387093,2.125488
cc72ee919f1d4a949e246c91ebe0b049.jpg,France,FR,48.546943,-4.505528
b71d57ce2b274bca939b4284bb24aca7.jpg,France,FR,46.870227,4.572111
42e50d8455ed46deaded016e2c08a221.jpg,France,FR,46.434166,3.083105
b02606bd42314275945595cc62904c64.jpg,France,FR,48.553453,-1.79099
f1dacb1de0f74cbd9898b6e45a84bdbb.jpg,France,FR,46.829666,-0.247771
ef57497d73ef421387fcaf3a0abc1d00.jpg,France,FR,44.530403,-1.014092
45b8f987527148ac805f971a3a51acc8.jpg,France,FR,48.37847,-4.601458
5f565518449b438b8902d26d29e136d8.jpg,France,FR,43.567578,-0.817382
f1220d394c2f44b8ad9e4632b5b0abb2.jpg,France,FR,43.157206,6.455058
19f749bbcf8545cca8140087208b3431.jpg,France,FR,42.049035,8.752334
62bd49e391ee4fd0a5be597fc752d754.jpg,France,FR,47.304451,2.469252
361d7bf480bc4c3d90af171398ca2d27.jpg,France,FR,49.539075,-1.466038
97936f3ec24f40d09434544b941e9c31.jpg,France,FR,46.622256,2.556343
e04c08eeb18f4304aa41db929689b654.jpg,France,FR,47.435252,4.092785
4fa42700be7946c68b3551621513a3c4.jpg,France,FR,50.527967,1.584723
e8d9732ee0094c1284d572ba831620bc.jpg,France,FR,46.610421,-1.635159
81bd9a992eca4060bfb76d37b87cdf2b.jpg,France,FR,48.14346,0.972931
649da26c10f24437afdc9861a3029962.jpg,France,FR,43.64727,-0.906021
fc6edcc352f5413ca5c9e5ee869988b2.jpg,France,FR,43.79423,0.824933
c20f191ac19647bea1ff87a54dfc3557.jpg,France,FR,48.128184,-2.178469
f033f10bc9524ac69a1ab80b8242f64d.jpg,France,FR,47.554581,3.411008
e18229ffa8654f5794827a3c4f13cb83.jpg,France,FR,44.242028,0.663451
5ebcdd48025e4a5b87402f77337537de.jpg,France,FR,43.441053,6.850058
395bb0a00c5c462bbeb5933e216ccb1f.jpg,France,FR,42.539268,2.254169
81ce4a88bff14fef8420bca42019b12b.jpg,France,FR,47.585855,-2.971004
b3a73f630e7644b7bebf873ec8d6267e.jpg,France,FR,43.490688,5.662337
e469e1be1ffc438e915e88d2f5621cec.jpg,France,FR,45.615129,5.803492
edb257cdea174bd28acc6f57d9a5d73f.jpg,France,FR,44.656498,-0.927089
7d73aa077bc2476087485628cefd8344.jpg,France,FR,48.521396,6.23012
93ea97e4cd8b4363bb74f29874feb00c.jpg,France,FR,44.204107,-1.214225
85cf8bffa7f04e61bea02f761a459829.jpg,France,FR,48.21379,-4.523894
4ad6b7a10f9e481b97cc502b8823fe94.jpg,France,FR,47.922951,-1.426644
ead7386dd36b4cc9a33ebc59762f9f35.jpg,France,FR,49.096856,6.142576
f562693ba83146c18aae4f11afaf611b.jpg,France,FR,47.121864,0.308062
7765dd6681d148889c59212ddc374fff.jpg,France,FR,46.438084,1.08089
7d361abeb07c4c85b55751e9a56ace74.jpg,France,FR,50.284515,3.662148
c7070ce4ab65457080a3439a605978b8.jpg,France,FR,49.82919,0.912648
ba389401beaa45ba9cd911126cb0ac90.jpg,France,FR,49.667399,3.264503
33d09338b5e44b5fbce47689505392c0.jpg,France,FR,47.189441,0.105315
3faafd47db8f40b5a6b32797495c9e11.jpg,France,FR,48.414704,-4.791487
dac5111c6291408896efa1a31755b55f.jpg,France,FR,49.468833,-1.789601
d3903dd052504f0ea4ef76cbc79ab90c.jpg,France,FR,47.246236,-1.436118
f263ffc062a8470d8e08b02a4e121276.jpg,France,FR,47.347926,-0.457613
e9fc3452558841a7be2a254cc42d0247.jpg,France,FR,43.51043,6.761436
78dc2a340a69407ebdab69b491c68439.jpg,France,FR,47.931747,-4.370533
4bc27ea830404373977e26112856ef38.jpg,France,FR,43.666893,-1.392568
e8a04276637449b4bc9d2707975bb1ca.jpg,France,FR,48.255853,-4.531581
2f9d538ce04841c1abb4b5f5d8c5aee6.jpg,France,FR,41.65003,9.194713
115a47a1e3f84de8bed84e5fbeff504a.jpg,France,FR,48.792682,1.194648
7361f14ef6864488bc699385bcbb8185.jpg,France,FR,47.212696,5.270874
2c8c587b859449858926175941aaeba7.jpg,France,FR,43.800218,-0.913701
d9f30b8a022a45efa4ffe33fa2aec1c5.jpg,France,FR,46.185313,-0.979341
b103279b57694b46b43d3e49e48bf78c.jpg,France,FR,43.905822,0.334496
dcd03c0df7c541e7a071793d0f160ec9.jpg,France,FR,48.7689,2.862954
1c5edc1d492647f19272d95beb286f9e.jpg,France,FR,50.323721,3.769712
78e7c64b0a9c4ceda73024b43e03543c.jpg,France,FR,44.388842,2.040605
7fef46d5e8804788b1aace77038f8901.jpg,France,FR,45.96757,5.430747
6bd1b81e99ca4c03b13dcbb217380a6a.jpg,France,FR,48.356407,5.639006
5f7f46d6eb534026870aed501fc48923.jpg,France,FR,44.133625,6.13159
95cd286154e64122bd8148d2eab28703.jpg,France,FR,48.24428,-1.699972
51821bd7091c445683dc5b2661036cfd.jpg,France,FR,43.214925,6.498748
40de54470c054a8b9754885f8012db7d.jpg,France,FR,46.704282,1.113523
89a3986f147b45f0a56fb93a53ffa39a.jpg,France,FR,48.302319,4.334165
df530303e7cf4b1983c889c11de01eaf.jpg,France,FR,48.01381,4.36943
8b6e8efb7aa647d49896904e62f42637.jpg,France,FR,47.197124,3.979852
6795adf263544ad68ec222ec0bd3a630.jpg,France,FR,46.741738,3.594093
32d080b4d96e4880912f76d509a59783.jpg,France,FR,48.33665,-4.753852
c251123b36c248688120cf4d9a16d570.jpg,France,FR,48.577364,-4.510391
9c784dd2debb4269bd96d7db29164802.jpg,France,FR,46.211985,5.662597
449461bb72704ee2b85b2f8ca32faf76.jpg,France,FR,48.818064,5.022291
1c54c1e093e94a4d9792cf8531f037e6.jpg,France,FR,48.773356,-1.540852
7854cd1ea3fd48ab8b6dd1b138c175b0.jpg,France,FR,44.239828,-1.127176
dfc84d576af94706a678e8dafc9c89e0.jpg,France,FR,45.8433,-1.151418
895787fc4cea4c498b27c28e77643def.jpg,France,FR,47.076502,2.769543
898be4c2ea314797a20881c849417516.jpg,France,FR,48.342153,-4.576636
0b2392dc1e9f43529c2cb631df6ead94.jpg,France,FR,45.564208,4.998964
3d299037fa3b491c9520af4faf33f5c7.jpg,France,FR,45.22711,-0.57373
f811738bb54a411284b46c30de6cc067.jpg,France,FR,50.043414,1.392481
7dbf219369154cf5a1b4b84ab10d2355.jpg,France,FR,49.673245,5.081747
57168fe64a234a45a774890ef9a9bb99.jpg,France,FR,47.562966,6.861212
e6e15c62b0bf4246b925c06685c9e14b.jpg,France,FR,48.231975,-4.500228
b66016e60fd742df93066955e9e72f21.jpg,France,FR,42.088504,8.710679
9a3c3805121245bfb94e6947657d5fa1.jpg,France,FR,46.601816,5.636847
8322832ef038490b9c8338385c3c1ccf.jpg,France,FR,45.151805,4.384477
749c6a7670104332a5636ed4b59d9298.jpg,France,FR,43.85156,5.032602
3aaa7e9874cc489ea3ab48734b0e8dd1.jpg,France,FR,47.882254,-1.584929
59fdc5f34a554c549a7b5fb7f83a32b8.jpg,France,FR,47.908792,3.510844
08bba0c47b74404db368fe02a5aff9e1.jpg,France,FR,45.534759,2.353654
73fc039f5b6b42d1af36cfb5a375504d.jpg,France,FR,45.232722,0.07279
c0d693614952436ea74d3c2b26e91f95.jpg,France,FR,46.312042,4.961355
f4677a586d6e45f7975844f6f8b3386d.jpg,France,FR,46.417708,4.9402
7f3a88a3321a4a12bf21d3ddbeea51a8.jpg,France,FR,43.770575,6.160239
ed42862a86db468f8b25f92bed305fc7.jpg,France,FR,47.654714,-3.025495
ff62d6c676af45bd945c67654f99b9b9.jpg,France,FR,46.404639,3.311373
b5ee962280a943b48fb230ca88caf62c.jpg,France,FR,43.622517,-0.923664
8420d0068fd84fe1b8f0f66e68b5c0ef.jpg,France,FR,50.045754,3.229318
b5fc2fc4afa449cb90a6a3768ffc54d6.jpg,France,FR,49.091797,6.627939
b96f8daf530243dc875b3af5813e4793.jpg,France,FR,42.172352,9.528403
86d9ae910e0e462797a87e642e53a8f0.jpg,France,FR,41.740019,9.405671
a9ca233b654248ce8700d14917c28ec0.jpg,France,FR,48.630405,-4.518757
a2ab6ce858294e1da6c06d0b0a11f093.jpg,France,FR,47.741256,7.505727
5f2bccba885c4203ae84b284015fe6b4.jpg,France,FR,48.180685,-2.23578
1d8704b76a98439cacad5667cb169ca8.jpg,France,FR,48.201847,5.578815
7fc05dd939b5441ba688c79eff9afb7e.jpg,France,FR,48.388625,-4.630203
3da036bf1da54487a50b25edd0a33b8a.jpg,France,FR,47.119156,5.371658
af9f915b1cf64f08b31013fae3e59a34.jpg,France,FR,44.545985,2.715446
815361f1b33a415ab6d5f56371a609a6.jpg,France,FR,42.679888,9.384133
06f499472eb44eafb9efcdbf50098cd8.jpg,France,FR,48.547602,-4.680939
7d930ded78284deba94055f3b167ee4d.jpg,France,FR,49.150955,0.770498
25352433cf2e458684e190f8cc954ca9.jpg,France,FR,45.070601,2.579257
aa53472c4144442b8e4765eba4fede9c.jpg,France,FR,44.55179,-0.934463
941cd0a68ebb4524896304cde756e9b3.jpg,France,FR,42.888519,1.400863
bd8db1be1329474bb07b51add2099f16.jpg,France,FR,42.243436,8.795804
16416931b1cd4f37a2af64b7b80fe286.jpg,France,FR,44.591233,1.959399
787a2f1cddb7494eabafefee6999ffa4.jpg,France,FR,44.942239,6.568655
463f96bd224b45d1847d986b3d2e6c94.jpg,France,FR,50.599382,2.158705
f5b39c2d2b23463cac44de386d4bef07.jpg,France,FR,41.787916,9.397172
fae676f29f5b48c4bd636898ad5e4073.jpg,France,FR,47.5104,3.741117
70109bbfc52b49dba44652a7be5becef.jpg,France,FR,43.262292,0.504415
cc995c430c2a4d1cbae122cfcd7f53ae.jpg,France,FR,45.373897,-1.079638
77f7aad7bb06416f897f2d8794007e0a.jpg,France,FR,44.521028,1.55325
1c1cdc5c56124a55b494b695cf9a0742.jpg,France,FR,48.476178,-4.58356
ce537aa9acb644c091f9bc7aa4fff725.jpg,France,FR,46.611409,4.889067
549272161d7a4487bc4545a7882d4e10.jpg,France,FR,47.958474,7.392711
7bfcd733dbb64321b3fc71db665a1d86.jpg,France,FR,45.591976,5.082627
a1655ef6b49143d3bb8ffa99fcc1f350.jpg,France,FR,44.086921,-1.000352
a0c28c311bea41db857778ec0d7580bb.jpg,France,FR,47.950927,4.152887
c4f2f26b2fbd4608be9eea7cc10665bc.jpg,France,FR,49.174018,-0.61689
3741782bb9304a68901ae139ea322dbe.jpg,France,FR,47.578246,6.126839
ddf675d7c46e40bf844fe3e0d60194f1.jpg,France,FR,46.418634,3.065332
66af189368cb4dd09a131f7d084458e3.jpg,France,FR,47.33744,1.702782
e92d7e67020f46e7bd1b3218091f745f.jpg,France,FR,46.504489,3.818491
cde05db22b3943e4ac3cb2800590450a.jpg,France,FR,43.040346,2.834333
f6489e0823f648afab80b9a1618b00b2.jpg,France,FR,44.034086,6.08792
b3cc3d4ee69e4519b081d9c485622238.jpg,France,FR,44.084387,-1.310524
28b11dfafbc1419aa2ad6353c93fd58c.jpg,France,FR,49.38389,0.589043
93dac9dbcb3c417194fdafc9eaad493f.jpg,France,FR,48.148855,-4.235381
25776ceaa1c6415d9a971196a6279c87.jpg,France,FR,49.115787,6.918481
176daf1daaf942b0bd476d91426cb4cc.jpg,France,FR,49.1228,-1.503591
6d2e75b69a4c403ca3ce65f8c919be70.jpg,France,FR,43.828315,6.196318
4a5e87b6985845d68bb9e486933bfa03.jpg,France,FR,42.516519,9.433522
0f96e27a49454116b6b3f8ce84252f48.jpg,France,FR,49.249601,2.586671
9fb44ec17dd04116bf242c4b543ab88e.jpg,France,FR,49.523653,-1.872275
5b38bedcafab4dccaf54824c0a418854.jpg,France,FR,42.89183,0.37322
af21df7daca94ef3a42bbc7eaa75f375.jpg,France,FR,48.218659,6.268391
59920ace1a94468195650a10f2f98bd8.jpg,France,FR,47.980674,-1.791415
038bf801b12c483c8bbe81ccc36020cc.jpg,France,FR,49.514203,3.765998
2c9d8ad1316249d68097da50547b902b.jpg,France,FR,46.262355,-0.092799
1b85adf59f84480caea8b35a6ae5ae0a.jpg,France,FR,45.529555,4.516941
f2cfc0d1fd3a479e88501bc6981383c3.jpg,France,FR,46.609599,2.032052
d920fe6ea4ab4f64822baab4ee837c93.jpg,France,FR,49.387939,-0.963889
f5502109d8e04eaaaa4506101cf1578f.jpg,France,FR,49.414637,1.04436
65fc7cb4796147b28d59f15d95d12254.jpg,France,FR,49.589714,-1.681619
2fbe520fd6ca4d45b9198abff4a557cc.jpg,France,FR,43.78482,1.323272
e533c1825f7d44be99bdfbfded44ea5c.jpg,France,FR,50.152868,2.486335
3164a981332644cba01457a90ec3f99a.jpg,France,FR,49.115878,1.867653
7333223877424f71a5bf5d0f2367d95f.jpg,France,FR,43.513348,-1.090258
597797ae8db0418fa0c2b8bca499a9ea.jpg,France,FR,49.178649,3.370074
39a32179624a4f8882db35c844bba8bf.jpg,France,FR,47.628623,-1.862795
9027855d58bf45c49c9351be0bb0bafd.jpg,France,FR,44.492942,5.373397
03962144350540879ded8f31d4994eb7.jpg,France,FR,47.133667,3.881387
67faed969a8745db90ba1a21943b83d9.jpg,France,FR,48.177673,3.113227
0052dcb578f74ec9b8915d16979c8ae3.jpg,France,FR,47.520819,4.324779
3b170d38046a4f5281ea4f9d6dd8a172.jpg,France,FR,45.276021,-0.875506
c93472d8977c4bc5bd87b49732293c16.jpg,France,FR,45.793745,3.300974
f9337fc93b4a472dad5e45424f2853e9.jpg,Germany,DE,51.115351,14.931644
295190f42ca449399dc2bab5f2327979.jpg,Germany,DE,47.659986,10.740767
a15dac8d02864e49a4bcb711fe86fbe2.jpg,Germany,DE,49.97477,7.704498
08901cc0307b437e885d9c4f61a2414f.jpg,Germany,DE,49.829537,11.383239
b2bf89541a4a4982ace01539cdce6f1f.jpg,Germany,DE,47.772924,8.264256
ec41ce4e767347ba83860cf53de88780.jpg,Germany,DE,53.823182,9.601256
24bcc3fbda154f59af25e4b3f75fba45.jpg,Germany,DE,54.564042,9.837347
4806d145e7bd43958639cbf4c01bdf14.jpg,Germany,DE,51.787159,13.665057
28db44d4e6e549c98ed6634d8e4b7955.jpg,Germany,DE,48.970225,9.863937
6c5beb757345435682faeb232570a7eb.jpg,Germany,DE,52.26065,12.049264
44b07eb619f2428f96bdb032473354fb.jpg,Germany,DE,54.639823,9.750953
5048b6396c8148698ecdf2deaa67857b.jpg,Germany,DE,51.474048,7.635217
4e9248046476424d892b18d901004434.jpg,Germany,DE,49.523044,10.094488
d71851dcc5f34c5f812d4b0250941052.jpg,Germany,DE,48.488715,9.880833
fbcb9519525c42e8a37fb2a9aaf3e303.jpg,Germany,DE,53.742047,9.336188
0050602ff67c4226940f39601ead69fd.jpg,Germany,DE,51.058411,14.616768
37f68dd24ec1488fa9f7a74e533326ae.jpg,Germany,DE,51.317257,13.623711
4ed01f85342d4c73987773142b530fb7.jpg,Germany,DE,52.356261,7.303027
26ad95a428e14e24842763fcb244b14a.jpg,Germany,DE,50.365148,6.551673
c82c46286bbb4c2fb807e65a362daba8.jpg,Germany,DE,51.329307,13.350659
3ddefc3819f240ce90d5a12f9c783cd8.jpg,Germany,DE,50.578327,10.936993
9b58b4f868fc42b0a0695bebcb50b556.jpg,Germany,DE,54.539908,9.896519
6163d40fdd82407c84bc5a2abcdcea3f.jpg,Germany,DE,47.708571,10.95021
ac9250dbef3f41aba9ee24aec474ff6e.jpg,Germany,DE,52.370253,11.774952
4b8fb1010201448bae1bd3ef2f439ecf.jpg,Germany,DE,53.664453,11.222042
b7d89099b9614637a590cd6a82ec4aee.jpg,Germany,DE,50.686509,11.159992
c00d5fe1617f45519b14e2ac8bf1235f.jpg,Germany,DE,51.839736,13.036492
d9f6f21c3844480d814d6a3501fa0852.jpg,Germany,DE,51.681152,11.283396
09a1b6fd80274a3898648e5384f56075.jpg,Germany,DE,51.788599,12.82498
3052d79946f84e80bd0a86aafd505a97.jpg,Germany,DE,50.321171,6.621669
b695d5eddd444df4b8659787c9c3dcee.jpg,Germany,DE,51.109962,7.817565
6135caa7f7054f9785445293ba735c60.jpg,Germany,DE,53.92582,8.956855
3be21986e27c4a2a9afef1ac6d40ff3c.jpg,Germany,DE,47.801872,7.839574
1690cf75b2ec475db6bb4d2d56bc33db.jpg,Germany,DE,52.852131,11.391801
1368adb8117744ba9ebeca9bfc35dd97.jpg,Germany,DE,53.860053,10.328226
79359d916cbc4b43b8bbca57bee8219b.jpg,Germany,DE,53.463519,7.556725
645a9f15629c408f97e23c3e540351a2.jpg,Germany,DE,50.807634,7.169985
bc55b69e81fe436d98a0d29f25cd688c.jpg,Germany,DE,51.032173,8.668183
8500bab161b54dd6b32af18f419701e1.jpg,Germany,DE,50.280287,7.441146
55b464a65b044860a378b1fb359777ab.jpg,Germany,DE,54.460877,9.147172
9ab2c09fce7748b2a3c8afa0ae97b5f4.jpg,Germany,DE,48.635987,8.202713
cab73543f535457d8924aedfa12913c1.jpg,Germany,DE,48.244285,12.845721
e22b69cc423b419ca4ea3424896a6261.jpg,Germany,DE,50.633125,12.64889
5e9977fa453d42819d3ce97ec3fbe5bd.jpg,Germany,DE,47.855604,8.595836
478ea648a3c0447791d00324d4696cd6.jpg,Germany,DE,51.899111,12.408854
66246befa17a426fbc9a80146c2dd7bf.jpg,Germany,DE,51.495669,14.680962
4941b3c402a54622ae22e8a0fa376d65.jpg,Germany,DE,50.158089,6.643577
2fed79d0b6f64bc5a9b68c088d4a4b7e.jpg,Germany,DE,50.526521,8.142195
6e7b392e48ee4b2eb0d3c328427fd02c.jpg,Germany,DE,51.573899,9.261534
c0fc5ab0be9d492487634b0c8865373e.jpg,Germany,DE,50.24087,9.002845
4d0d728dbbbf444690dae17745f28d7f.jpg,Germany,DE,53.543606,8.13631
4cdd0cc88db44f10b83459385d13e5be.jpg,Germany,DE,48.357057,11.597362
507977cc951f41f5a30a834920089ae1.jpg,Germany,DE,53.365745,7.369852
e87dd927acf54d909727b862858b3e73.jpg,Germany,DE,52.324838,10.827175
1e17bcec513440ab9beb5f4f38d8b464.jpg,Germany,DE,48.167884,7.721377
ef19913cd5254d3ab94aa1a7c0f66c6a.jpg,Germany,DE,50.488534,12.973709
f6cff2354ecf42e793d3fe3b3390575a.jpg,Germany,DE,49.883692,6.618844
e61d68cb6b124daa973862eda3298365.jpg,Germany,DE,49.306413,11.120816
7430742d795740d79abbeedde58f2765.jpg,Germany,DE,48.082727,12.569816
a0d27dc8a8004ba6b65d90355f06ecac.jpg,Germany,DE,49.5408,7.088954
02d5e9738e0c48819240dd2b4d26af0a.jpg,Germany,DE,52.716155,12.452907
882e31cca3e0417baa36718550539b91.jpg,Germany,DE,54.531682,9.825026
04de89624887493e89dfc5dedfb20959.jpg,Germany,DE,52.889452,12.265368
110f0e88fcbd442991422dc89a250b66.jpg,Germany,DE,48.718365,11.172499
a683c8ed9c064b29a214c072bbfb63d1.jpg,Germany,DE,51.039147,13.520706
e263a0e6c0d74b28b4cb1d05d6e2fde7.jpg,Germany,DE,53.867233,12.190548
9fe11d99ff414fe59e1ff34b6ceb6cc1.jpg,Germany,DE,49.229025,9.690034
3ec2b85b25f94957b08571d5a6847bf9.jpg,Germany,DE,47.486762,11.227257
6dd5fccd0f584b619a11c65569124cbc.jpg,Germany,DE,50.73684,7.198546
d8a4e4bac9264be786e47cdb5ddf51b0.jpg,Germany,DE,47.838156,12.335204
c3e4ddebe0e84d7c83d394cbc1d7b297.jpg,Germany,DE,52.054588,12.500035
2af0eee2e263426391c6c4cb97930def.jpg,Germany,DE,48.468236,9.716554
5a05dfcbd2e340f5a7a33274f081624f.jpg,Germany,DE,50.873691,10.969218
345dc05a2ad64ae385484e71c06977bf.jpg,Germany,DE,53.192195,7.7251
55b8508c8c2a417bb3da0389eb1a23eb.jpg,Germany,DE,52.556188,14.225522
3e1a6883e1f3410c99771e5066678fcc.jpg,Germany,DE,54.559499,9.595981
e5f4c08a2a664f2f96848d5b979f67d5.jpg,Germany,DE,53.073057,13.91858
ec9ae4c57e5f4a6bac3f3018de5ffbdb.jpg,Germany,DE,49.178872,7.524534
b2266a5f99584651bf90cc9322a62f12.jpg,Germany,DE,54.791932,9.390087
75509dbca9a541a58dd582265d1c49d8.jpg,Germany,DE,54.474197,8.850906
dff3ff49cc184788ab0a0fd675c06196.jpg,Germany,DE,51.632525,14.448222
9118c406ba7e4e3dba45e4b502ba207f.jpg,Germany,DE,52.819171,9.637205
6de982f3a6744058b12f6815b095449b.jpg,Germany,DE,51.85685,13.237698
950173900a8d4df287a9458fffbcb19d.jpg,Germany,DE,49.311141,10.188513
468ed84a2a304845b6d8ebb1eab63169.jpg,Germany,DE,50.492264,10.208583
54f684b34d38418780f09459233f8901.jpg,Germany,DE,47.97772,9.295304
7f8b06df1b8341918b31f51413e0b7a3.jpg,Germany,DE,51.332183,10.492773
20edb80df4024f0eaa61846c3b6eab8f.jpg,Germany,DE,50.725449,12.577159
543f041a613f472f9604adca358921fb.jpg,Germany,DE,47.908264,11.335501
2e27371b1fff407db51ff172cecb70e6.jpg,Germany,DE,51.57148,13.903785
2e837faa0282474d8844d00d08270e9e.jpg,Germany,DE,52.83536,11.051674
e3f871f13fa54d5cb46b58962d14cdfe.jpg,Germany,DE,51.231721,14.666123
fe5692d94a2b4a1788dae2a41f80aedc.jpg,Germany,DE,47.968789,11.407
d30e2169ead1483499740ad2586ebcc0.jpg,Germany,DE,52.484582,11.684961
4a7b74f6daa049f5b8a20225d1d221d3.jpg,Germany,DE,47.980245,10.899062
db326f49b1df49a5bcca6ee2659e9549.jpg,Germany,DE,50.619016,12.641705
824c4d9290e341b98b1036864f78275a.jpg,Germany,DE,51.076696,8.63294
1ac1f368525741abb183dd145475d77e.jpg,Germany,DE,50.296588,6.502155
1b35ce19b2d2413596c221d3dfdd726a.jpg,Germany,DE,51.711139,6.681668
09481d0de3ea4340a5bb65c193606745.jpg,Germany,DE,51.393839,6.472458
05784411cf3644069aa39771da9908b1.jpg,Germany,DE,52.49548,11.026611
146247f0ba974b82988cc12942acc3d8.jpg,Germany,DE,47.566076,8.386487
fa09f2730b7c4d9bbb85e8683a0bcd66.jpg,Germany,DE,48.766381,13.729983
6fae3da18149483598450bcc2d800342.jpg,Germany,DE,51.752153,6.239854
6256c41a75c64c3bafd0ec31db01299c.jpg,Germany,DE,53.480627,13.226439
224f48e8c71d45e0b91f8c5bca1916f0.jpg,Germany,DE,50.891208,8.276213
383433b087624c2db0e71effd285246e.jpg,Germany,DE,47.830898,10.29488
61c33b7314224820974e08f9cee4ca35.jpg,Germany,DE,50.701858,8.645782
06e84c3027e4458f9fddb235dc735907.jpg,Germany,DE,48.97679,11.311517
5a7728c4257c4c29858bf518bd234046.jpg,Germany,DE,51.228503,12.750939
429b97941bc74088a0ecb9969a4ec7fb.jpg,Germany,DE,53.601067,12.015274
08752f31443243b488cae954648c974f.jpg,Germany,DE,51.713992,6.388821
00b08cf54351475abbddcc7500120f13.jpg,Germany,DE,53.264812,14.34853
a0ec52205d624d1d8fa747f4d56b04ed.jpg,Germany,DE,53.483962,11.860258
a34e89ca305d47aea208af01224bbe8c.jpg,Germany,DE,53.077526,10.073367
833ec3d9ac7441fea18346e136152681.jpg,Germany,DE,53.18952,11.678114
2b18e1fb35584200ba150622ff4b0c82.jpg,Germany,DE,53.3207,8.485345
a6848a74f5a84ff3a88d81bf3c6a2ae5.jpg,Germany,DE,48.00025,11.096244
e4491d147be04feeaf3d1c0e5f66a842.jpg,Germany,DE,53.473662,9.029707
c51a2d62ce654955a50b11f17098feed.jpg,Germany,DE,51.536783,13.971422
027d74a0e6d4499890fe7102dfd6a483.jpg,Germany,DE,50.161007,7.94395
df73a69d271b4024ae0877c32269554c.jpg,Germany,DE,53.426505,13.818748
7275a941d1974855b1605bcf4d055dfb.jpg,Germany,DE,48.288451,12.527007
be646b8777954af2b72dc6e4b556fbbc.jpg,Germany,DE,50.737885,6.75871
36d0717960a44efd96c3a4fef69999b9.jpg,Germany,DE,49.177403,8.20596
7e7e640f51464c5198caba3640fb7310.jpg,Germany,DE,53.444042,10.894591
cab8d25400fb4fce91441f53d46b6cba.jpg,Germany,DE,53.369152,7.330128
0660a5f1d0ab4494b248f4266126f7e9.jpg,Germany,DE,52.429465,7.036078
b6c932ae269d4e7fa8f675ceb40fe8fb.jpg,Germany,DE,52.329533,10.205829
d7fc3b65d4524942b672082f352b78b9.jpg,Germany,DE,48.127169,12.317079
e94706e53c674dd7bbf4bc999c842bd7.jpg,Germany,DE,48.938642,8.332953
303b668ac0ef4608a4d2c655317fbfe4.jpg,Germany,DE,48.020281,8.080641
152c9ef3167446b3a601ff36ca99e57b.jpg,Germany,DE,51.461705,12.898447
70ae61278ab94ea4b8bb55e7a415982b.jpg,Germany,DE,53.115671,11.074495
e74a2f14814a4d10ba5fe5a1665b8ce4.jpg,Germany,DE,53.190254,7.191864
4e84ada1e5f548998c9fd37cd4ed42f7.jpg,Germany,DE,48.754269,12.987729
35312193cef54d7fa2da10db15e0087c.jpg,Germany,DE,51.755362,12.984194
a4e71b203df945d4bd147b2a0da9b881.jpg,Germany,DE,52.796138,9.938574
9ca5d7090daf4b929769805e19781dcf.jpg,Germany,DE,50.360241,9.255665
8c22389be3b54565b2c4552e0c17f886.jpg,Germany,DE,54.261964,10.364753
75dce4f5525948a2a664ac9673a680fc.jpg,Germany,DE,52.06319,13.220625
2f08ee87b74047949fa707c4632168f0.jpg,Germany,DE,48.747978,12.880488
daf61373ac8943fbbbfaa389a4e4bd34.jpg,Germany,DE,50.173689,6.629151
287bd11e618d47bf8cfb610980f291fe.jpg,Germany,DE,49.602831,8.101491
213795ca7d334f42a5af9cb925e002b6.jpg,Germany,DE,50.748791,7.392092
1faf99d2485a4546af309fab9d13ae6d.jpg,Germany,DE,49.779177,11.368432
193fb7af25ec4174aef778bcb94d12e5.jpg,Germany,DE,50.557983,9.453182
ec8c730567b242ffae8a05d9738b602a.jpg,Germany,DE,52.47004,8.365829
d0493c99f1e64535bc043e4d4a60d77a.jpg,Germany,DE,49.750467,8.528452
9bdc5e94600d430fab75e2ae839efba1.jpg,Germany,DE,51.527312,12.935344
deb432b59e034bee93e295d3a81ab0a4.jpg,Germany,DE,52.204555,13.185441
986a49159cfb401c8bd4b05d21285faa.jpg,Germany,DE,54.772613,9.245696
615360d01348415ab19a3d3c20cc6ff1.jpg,Germany,DE,47.746983,11.640578
2600b0bbbaab45a195b5608b03de18e1.jpg,Germany,DE,52.00415,12.269366
78058608d2b447e99a6673e6db4eb6f5.jpg,Germany,DE,53.762852,9.299304
b6d72e9d96b14f269b02501068de09c7.jpg,Germany,DE,54.796921,8.976985
49ba82e66f9442c6ade7c8b5daad6ad9.jpg,Germany,DE,53.98442,10.071185
cd97cae59fcd47ab8e41fc0008d556a5.jpg,Germany,DE,47.58059,11.381919
78676f39170840fc802f6dafce900872.jpg,Germany,DE,51.671062,9.443881
855b02b553ec494c9814180edaa04f26.jpg,Germany,DE,52.922383,10.366615
72d1b95cb8504d9ab49f7490212db1b0.jpg,Germany,DE,51.285586,6.584971
c89675b3ee114f8e92e298de61e77f0d.jpg,Germany,DE,47.836155,12.336856
df8042fde8cb466c96846884b42a63de.jpg,Germany,DE,53.829853,9.167
f5d2f898b5e540e098848d467fb7d14a.jpg,Germany,DE,52.842536,11.331514
387cfd24c0c94219bdd332fe9b248cc8.jpg,Germany,DE,50.553965,6.850089
69bb0e4c46d546e5a0f73f109004d2e5.jpg,Germany,DE,49.279339,10.928837
df30aee21550467ca0711a7e690f6b6c.jpg,Germany,DE,48.856466,10.849821
5ec6bdca45c242ca9b4d8f9350b80730.jpg,Germany,DE,52.116113,8.205775
dcaa07669cfb4801a8040498e0e4d820.jpg,Germany,DE,53.30387,12.56104
f2c1ec729ca94a57ba532527959bf746.jpg,Germany,DE,51.99864,9.856611
029e81ada9364b89aa7de702cf506c14.jpg,Germany,DE,51.044009,11.542572
584de4b90b2a4a6bb857d5934dea058d.jpg,Germany,DE,50.891988,9.993804
3f584c319a1c46fc837569ae5546a433.jpg,Germany,DE,50.820256,11.390461
e0432326af3448fb8a24e40e1251b25c.jpg,Germany,DE,53.091262,11.291951
3f54cffc3bb2454aa03909140cbd03c2.jpg,Germany,DE,51.258564,9.945034
eb7fba610651475c9c8c2d7eb3e80658.jpg,Germany,DE,48.426187,9.325146
a8df051e717f4dceac334a4a32768964.jpg,Germany,DE,51.942316,10.468874
b93b15fec1dd45bdabb2a8745b716fb3.jpg,Germany,DE,47.805091,10.264952
bae13f8a8a514330877e672894fc8fa3.jpg,Germany,DE,53.782348,9.30698
94ea2a64aabf411396d06a63703cd5cc.jpg,Germany,DE,54.348578,8.691335
136ca674ddac4466b5bf9370b3c2edca.jpg,Germany,DE,50.406464,9.297596
67feb1fe6e8a43ef8fec130c938eeba2.jpg,Germany,DE,51.883315,7.015623
3696efd0486d454a9bc2eb81c0928260.jpg,Germany,DE,50.451678,9.139756
95b15ac04be5461092e545d4b478e969.jpg,Germany,DE,53.439128,12.340412
a2401d826fb24c4f9eb8ee6992711b0d.jpg,Germany,DE,51.772927,13.271293
821489177ea24e5e8e9ac781ced18619.jpg,Germany,DE,52.114748,14.422463
b98e0b94800a4140aba4e0b1d72c42c2.jpg,Germany,DE,48.657661,13.362701
0bcbbe061b0b4217a98ebe37c9a11e24.jpg,Germany,DE,51.651684,6.355795
cbea6d372f9840539b37834a5341da37.jpg,Germany,DE,53.757152,10.316938
33d57a7a9c414dc687780f87b58e2ac1.jpg,Germany,DE,51.796118,13.755521
172e317dbae44fe286f51337894a76e4.jpg,Germany,DE,52.044924,11.878366
f47169d2e0934d9bb390b0932e0b58dc.jpg,Germany,DE,52.899441,8.414155
8cb707f2e105472db9c39a017294f9ce.jpg,Germany,DE,54.902839,9.150451
01204bb1cc974cebb6b59957b76bc699.jpg,Germany,DE,51.46135,14.74825
cb4c6f59930b40aaba748e83a0ce5a17.jpg,Germany,DE,51.46145,11.024036
4f165c407a5b4c6a8549c4697fe424c6.jpg,Germany,DE,51.847743,6.165924
2e73f5c4d77a410ba6a9131daf8e8de8.jpg,Germany,DE,52.212747,8.994441
d70b1555fb524b38858072165e650cc5.jpg,Germany,DE,49.72925,8.417897
318bca29a6ab4ba8a1eb0aa50a63424a.jpg,Germany,DE,51.620887,14.184331
be9c68ff3c2842a0b0edb247f608d5f0.jpg,Germany,DE,51.855376,6.225472
03790fc9dd444549aad2c9acdf063bea.jpg,Germany,DE,50.084061,10.965625
68c1da180d9d4940afd95a83fe87f07d.jpg,Germany,DE,49.533903,9.851958
fb6f4a0dd17e4853b1d95a5fa4a58679.jpg,Germany,DE,50.183277,10.110673
cde6c97555744a6fba71bc0f1ae7c84d.jpg,Germany,DE,52.460993,11.092875
29459b40295b43b7b40d4e4faed6926d.jpg,Germany,DE,52.17672,10.481295
38ded8735d964b529f2dd63180b901ed.jpg,Germany,DE,53.31132,13.933292
256e67e52be3428ebcea2b333ecda7e5.jpg,Germany,DE,52.149365,8.450019
a2371b2a380d4368a1755fc68f5454c6.jpg,Germany,DE,50.212763,11.144669
8b1f1b559e674d98a3fca14741e18542.jpg,Germany,DE,51.752342,13.888441
732ce7c6978447fa9766f600691a4fd2.jpg,Germany,DE,52.30227,10.257636
21dda74df71b4f1ebc3cc5eaa4025eea.jpg,Germany,DE,50.963286,14.933365
2becb1dc3c8142b3bad999b40cf89ec2.jpg,Germany,DE,51.40101,14.94923
81bccc68df7f452c8274ae04ab8581c4.jpg,Germany,DE,54.060049,10.145483
652087d6e5ff43eb9a56d601f4681005.jpg,Germany,DE,51.12765,7.354771
7831ab5b10474d2289b42eeeac77fd76.jpg,Germany,DE,50.844976,8.776967
35aac1a9a3294a27b9e5fa915cfada60.jpg,Germany,DE,52.475422,13.828399
af3cd0aa6cc045f3b2dd668d310245c1.jpg,Germany,DE,47.856465,10.896259
17f2f019a4554cea9e73c5fabd85e271.jpg,Germany,DE,53.067468,13.2877
5c27a767528f4d49be7a5eae773c18dd.jpg,Germany,DE,49.649627,9.166706
a087c43d1ba94b329fddf1026facdb21.jpg,Germany,DE,49.702736,7.388237
42d8136a80934c73ba4a370b68519f7e.jpg,Germany,DE,51.170003,7.680249
d5e17402e70f4ed9a810664985900890.jpg,Germany,DE,49.562134,10.324151
5efe7f8968a44576a1cc3c47e0a3ac8d.jpg,Germany,DE,49.980618,10.426633
e15f8dd744c84d28be1ba66e4fe0dac6.jpg,Germany,DE,47.98923,12.846518
cad6cdf0ea5d4e0da046ba8a179cb23d.jpg,Germany,DE,51.301835,7.023162
8f6720ec79b342519d2104ebf37c7e0e.jpg,Germany,DE,48.384373,10.364397
fd6ba2c2bcb84ce7946db0585077ff41.jpg,Germany,DE,54.052473,9.983646
8dcec5d34dfb481592c33617dfa2bc85.jpg,Germany,DE,53.147594,10.095165
e9c00cda74bb4eeb9d00613687e3a626.jpg,Germany,DE,53.183613,12.033052
3d5a374f842149f99ec74f33873a4a3d.jpg,Germany,DE,52.732333,12.287436
6373ac7b42ef423d97de5027bfeb016d.jpg,Germany,DE,51.764687,9.501507
a66fef3be23348be824fb966e6c4527f.jpg,Germany,DE,52.981844,13.835228
affaa8ea7ab548ebab5e4947af1bc852.jpg,Germany,DE,53.503283,11.834907
1d2b10ce194440b0b73a6c0c2ddedde6.jpg,Germany,DE,49.087048,12.401995
96b6dfdfc730405eb9c759804937a542.jpg,Germany,DE,50.588855,9.311462
9ce43f9c53e7487a96e858cbd7bb538c.jpg,Germany,DE,53.991302,10.141287
6d1c140e0b3d4eb8bf881ae93df8c15f.jpg,Germany,DE,51.963929,8.263869
dc82d3e78b9b45a78aca8f8ee4e95c70.jpg,Germany,DE,51.219511,13.073628
a1757d58d02d4adcae8071da06a7eb8b.jpg,Germany,DE,49.842917,11.662596
095224997ec745b796d7636e7ef5ad95.jpg,Germany,DE,50.898492,9.423125
ffb4df833cd948d781af9e7859aed07c.jpg,Germany,DE,51.996815,11.557226
a205f7bab07745a9a852452641e02440.jpg,Germany,DE,52.788186,13.736857
cdcec128ab9e4d6090dc97684012e2f1.jpg,Germany,DE,48.820933,9.936475
fd6a76e1162e40a1b913297da522e4b1.jpg,Germany,DE,50.12901,9.39222
8359204c3d814998b3eb539a181eeb78.jpg,Germany,DE,50.479003,12.973328
49bb9f5239b24b868dcc593f63903e96.jpg,Germany,DE,54.244428,10.590835
2c732df02a2e426bb9191d2ca021bb37.jpg,Germany,DE,53.291017,7.742422
d902841c6dd8442a8df72bce1c186102.jpg,Germany,DE,53.369239,8.470098
c226b64238c348cb8a4ec99396e43968.jpg,Germany,DE,51.134121,6.577352
2b31073ac3444ed3abb24f28b8fdd3a1.jpg,Germany,DE,51.216348,9.893292
08b54238fcd547d89f19ab65de38e95e.jpg,Germany,DE,51.033131,10.436047
804da716464e4be8860e7feb55d81f98.jpg,Germany,DE,54.503088,9.043323
0826d3f0f56442beb188b658b68235d7.jpg,Germany,DE,53.727359,12.796905
6201c3b1a8d44705ae1bf25d25b51674.jpg,Germany,DE,50.049652,11.318586
1e6da03f92994be5aebdefff26e04354.jpg,Germany,DE,50.96977,12.794626
9e705debb0744178b6bdd6e5c73606df.jpg,Germany,DE,52.448097,12.508369
f872ff9e54c34d96a3cdcd43f0c8848b.jpg,Germany,DE,53.297859,8.354596
490ca2f59c004b768250607c8ec16222.jpg,Germany,DE,50.134696,9.403593
081663b20a734e71be16f91514fad3a6.jpg,Germany,DE,53.089773,11.289851
b5b0ec243f4b4ebbaf361cecb4d80888.jpg,Germany,DE,51.815334,6.921769
213876ee9dda4bb1b19d532abccf754b.jpg,Germany,DE,51.037375,8.230619
346c223646c24ca98d1b55af6e32acf5.jpg,Germany,DE,51.375593,11.089958
f9435f572cdd40a796871b231c8666e3.jpg,Germany,DE,50.000302,9.334376
f9f5136047f14960b7bc59bb029b7fe0.jpg,Germany,DE,47.705085,10.03544
316b8973bcda4e1da72a7892dbace087.jpg,Germany,DE,54.141228,12.002187
6bfd70cb31e94ddd9f0cbbf4a64e8081.jpg,Germany,DE,50.456173,12.100972
a3195b185fef4896b7bf8798142079e1.jpg,Germany,DE,52.782624,11.104961
eaeae6071f2242768e531f566e5c289c.jpg,Germany,DE,49.932232,8.459739
1e9c7ff023da407995e80a078e601485.jpg,Germany,DE,51.423993,7.853761
345d1bdd59f347399d6a2e7d13a66716.jpg,Germany,DE,48.197931,12.359153
14991449bd8241359d6a4a52b1cdbae3.jpg,Germany,DE,51.622136,14.08093
7cac02d3b5754543b6ac360d6350342e.jpg,Germany,DE,53.234732,9.999449
835c5836a09646d5b4404b727c2e7848.jpg,Germany,DE,48.063777,12.095955
1b66fddc1ab74a6b96cc77e01e2bfb72.jpg,Germany,DE,52.167056,13.035331
319cbb83264746a68e6b2cd8b96ed727.jpg,Germany,DE,52.186165,9.27995
ef08a8b6ee61477397cf4abeb6060a64.jpg,Germany,DE,53.346478,10.635902
4f8e89eb57da4f448dc0b32703cb2160.jpg,Germany,DE,50.270555,9.83762
c6c0f256d39b4409bc2b94cb777cc423.jpg,Germany,DE,51.504959,7.957443
87d78e9569c5461fb65f68a26c6f2dbf.jpg,Germany,DE,47.618087,9.785285
9618382e6dc64411a52ba84883c2b474.jpg,Germany,DE,48.536445,11.692141
4e196240f9214ca785568533fdad96f5.jpg,Germany,DE,49.700818,7.392852
4972ec6cecb949209808d5816a165e14.jpg,Germany,DE,51.683241,10.214574
7e0f270f68b14c10bed3a4dd8fc88acd.jpg,Germany,DE,51.846054,6.158205
232aba3e15ae412899b369ad8216348e.jpg,Germany,DE,49.967649,8.798602
6c4eb63dcbf048d1bd33074e12eb2df8.jpg,Germany,DE,49.000609,8.881824
f3269eb7a2484c4a9de4d90eebe23fcb.jpg,Germany,DE,52.901862,14.059489
24562a5b70774397ba48cde2e9c85596.jpg,Germany,DE,52.286476,14.281298
4af5a65109914e95936fdadab5a1cb77.jpg,Germany,DE,50.169099,8.807887
530e91c59ea249458a289eb6f9c8b64f.jpg,Germany,DE,47.580528,10.60527
0c4d978580384ea397396cf93c9c9fc9.jpg,Germany,DE,49.205723,7.076011
3cd7576b456b464ebf7d1682a73972c5.jpg,Germany,DE,51.038639,10.443183
b6ade67148354cf281811b9daa4a5c9d.jpg,Germany,DE,49.520647,7.675764
edff774456394f4586f57afddef8189a.jpg,Germany,DE,48.871313,11.090097
5bed37cfeb3b4ceaab1f1178def064d4.jpg,Germany,DE,50.38936,7.682787
5e351fbaee9d4ec5a266d5d2675a97d6.jpg,Germany,DE,54.53198,8.595765
1d8bc974e3b545b5a455a7a8603d22ae.jpg,Germany,DE,52.556555,12.62964
9d22de5a19f64e718e66b1ee7cc3a8b9.jpg,Germany,DE,47.888452,10.672733
6c1cc3a6edb147b48dae5c96307d3258.jpg,Germany,DE,54.423636,11.172715
8907b053ebf3434197fa1a0f10f992e0.jpg,Germany,DE,53.824837,9.593526
bd1e822b6ff546c18f4d6babd44b240e.jpg,Germany,DE,52.023061,13.612706
1f0e482238804c2bacce0f1f118e39c5.jpg,Germany,DE,50.495732,12.974145
2a439d6e2cd2406fb55f65d70c6715e8.jpg,Germany,DE,51.500331,8.341294
16548bc111e9455aa749b24d5154dfdd.jpg,Germany,DE,48.085524,8.341286
e8baff9c8e894ff68aae7ff589acf1e9.jpg,Germany,DE,48.300984,8.871537
079ee9f630ab47f39cc0207835460c1e.jpg,Germany,DE,51.985655,13.926189
5a17170a8c8a44a7b6e5451854925952.jpg,Germany,DE,54.885871,8.870235
6f77711698714674aed505206c45a910.jpg,Germany,DE,51.4969,14.307091
80e2e368b7cf496182d41fb53d1b5ac1.jpg,Germany,DE,51.380188,10.379012
9b07ba5991cb481e9b36a2859d30812d.jpg,Germany,DE,53.8256,12.138375
36039dba168e49efba1967f328c17411.jpg,Germany,DE,52.535197,12.757741
49a0a8dafa394d3a929c7911c04a16ba.jpg,Germany,DE,49.997644,12.392598
12d9d642f661440cab463e1ad5ca8e36.jpg,Germany,DE,50.857133,9.985912
95065e106ff244699a6e58faecf46db1.jpg,Germany,DE,49.775741,11.39054
15c73ff37cb54598a1128a7b1a009680.jpg,Germany,DE,48.831689,13.329756
465fbef9ff354483b15e072571d9cf85.jpg,Germany,DE,51.448111,10.67327
5321ffd22a2740e8bda1e42bc4725621.jpg,Germany,DE,52.643084,13.756178
110296090d874356b7934e53a13592b7.jpg,Germany,DE,49.26116,9.024749
93c3456eccfa49559085b18043a10330.jpg,Germany,DE,49.093376,7.882327
a15c50fd2ce542b8b71d4616a76a9424.jpg,Germany,DE,48.977213,8.075099
7cf4673616904072908f4d4e2cf5a14c.jpg,Germany,DE,47.930142,8.378795
6bcd4c4adeb546cd8eac094c5b19b61a.jpg,Germany,DE,48.332528,10.245098
02bd464c45204d89b79820055f487f68.jpg,Germany,DE,49.734777,11.693424
1e8f06c3c25b4301bf6c27d42e746ad4.jpg,Germany,DE,49.802499,7.254314
9e38ad78d4244546ab8613fb601bc5f7.jpg,Germany,DE,52.93412,10.331489
2111bf5fbc4544b08b379703b4215962.jpg,Germany,DE,53.766891,9.012731
b89543db7f4a444584c4219f1d628191.jpg,Germany,DE,51.042588,8.651111
faafee10ffff49f8825faebb70d698e9.jpg,Germany,DE,51.846408,12.319028
fc9ba81cf924427db7efeecad0684274.jpg,Germany,DE,47.898262,8.094647
bc8bd78e8d23430ab1b973558439986a.jpg,Germany,DE,52.743155,7.207171
29431cdd74674f088d92c37ba901ddc8.jpg,Germany,DE,49.022165,7.870251
59fb93aa932640d08efd4b7f58cd801c.jpg,Germany,DE,52.804894,12.133277
c507dd368d714e7ab11d2f1a206c71a6.jpg,Germany,DE,48.060954,10.024301
71fa97059463496db88abfff1d29ab8b.jpg,Germany,DE,53.605215,7.1682
19e147bcb8744845949c2a33f90162b0.jpg,Germany,DE,51.156396,7.029348
647a07fd0eeb436ca4e98253738d7adb.jpg,Germany,DE,47.844851,8.276853
a006c5f4997b4b65adfc1016911b1982.jpg,Germany,DE,51.02413,11.217547
38202b57d85f45d0b41e1775004d6622.jpg,Germany,DE,52.217331,9.896734
c85051920e8a4af9a45b61138f3b7f59.jpg,Germany,DE,49.341053,11.973974
cbcfcaef15e249369515e0b272e691e9.jpg,Germany,DE,53.291893,9.237803
b5262413d75e407c9ee9651c418cce37.jpg,Germany,DE,53.385144,9.442847
aa131b562e3d47dabdf81a5c21688f1f.jpg,Germany,DE,53.486864,8.480539
c533c5b4842b42769754293fd7c01afe.jpg,Germany,DE,54.409451,13.46609
f69567b90c804f5e9776daa2ae62a758.jpg,Germany,DE,51.475156,12.10533
01a2220866b64047ab36bfcaa2e850fa.jpg,Germany,DE,50.457473,7.179745
9392bf07dc514e6186d3b0223358a54a.jpg,Germany,DE,48.448695,11.522224
9841d48826814ab383e8fa3f04668b3e.jpg,Germany,DE,47.960039,8.8542
8b369bf4b55446d28cc110972243645c.jpg,Germany,DE,48.400943,12.504778
b009dcdd8bab411ea248eba2e1eb9ced.jpg,Germany,DE,49.748021,10.194909
c17be10f2cc2446186e48b8b8fedd771.jpg,Germany,DE,53.254191,7.795426
4cae8d5d74f148b0bef9ae35b29c99e1.jpg,Germany,DE,52.715946,12.449164
45d460e8cdc34810b57d00c03d497111.jpg,Germany,DE,52.781625,9.553131
a8b0bc5bf5a94f79ac0f0daad3092414.jpg,Germany,DE,50.705494,10.422536
12ba16b7ff4d444a87a149d016458801.jpg,Germany,DE,54.537353,9.897974
a88271534f4a4758b81d3e17308a3435.jpg,Germany,DE,51.130197,6.131027
b80301b87312475ab21d15b25239f39c.jpg,Germany,DE,50.704711,9.929686
6316503290a743c9a37ec2b811ff8304.jpg,Germany,DE,50.125825,7.487796
cda2a967f11e403eb1b577455515e370.jpg,Germany,DE,49.864969,8.85714
7119f5e9911744d6bdc1914c5aaf9771.jpg,Germany,DE,53.743864,9.527332
bf9bb8795df2445aa19bccecdd623bbd.jpg,Germany,DE,48.366369,8.980725
0d942a3ae503404a99e9c164dd703f9f.jpg,Germany,DE,47.589539,10.334677
e9849eb5c2e747f08381e1b6c6f26936.jpg,Germany,DE,53.732006,10.324567
bee5f772fa7648bb9be06aa41cb6785d.jpg,Germany,DE,49.498944,9.088281
05c63dc4e02f49548153607818e61714.jpg,Germany,DE,47.517677,10.287084
c5f672da62a44c0d82399430d99da01e.jpg,Germany,DE,52.967924,12.439271
5f198926eb944bce979ab3431bbdfc2d.jpg,Germany,DE,50.384297,10.172103
8539e8af1a89491daf269bd7065999c6.jpg,Germany,DE,52.024563,8.635947
354991772318434d9109e8a3d46441a4.jpg,Germany,DE,51.854688,14.489142
862f25e94ac14da985b20ac874189894.jpg,Germany,DE,48.07729,9.447945
b180577062ba4405ae3eb921956d4802.jpg,Germany,DE,52.55149,7.847805
6e33210a16b84c81992c0f9e102fd1c4.jpg,Germany,DE,53.767567,12.570469
8974f94939b142f595364cd5fe0191b4.jpg,Germany,DE,53.805813,10.505758
3e3498ed1f764294b40329feea0ca237.jpg,Germany,DE,47.658689,10.740538
83b6bbe4209a4ee88b5c0fd9d078893f.jpg,Germany,DE,50.662183,7.077611
2dd9c3ec80a74511a6ffbf7d7407228c.jpg,Germany,DE,50.543333,8.101098
bcdb4dfcf65149588ba4576e174e3abd.jpg,Germany,DE,52.376536,12.855789
9daaa8c95deb466a90492dafd54dc83a.jpg,Germany,DE,48.687349,10.341128
ec96421be7b2438c8cb93ac6b8c6bd96.jpg,Germany,DE,48.028075,9.090447
e5f23f3ef9e14f1e8555e99dd9fe86de.jpg,Germany,DE,51.279546,11.688601
8eee503a148140518feb4f51607935ea.jpg,Germany,DE,52.100892,9.91935
ef3b0b1a97ae4014ac5605701f36a8c4.jpg,Germany,DE,48.508564,11.624786
7946ba4e6ed9452e9be2b6073adf32cb.jpg,Germany,DE,53.037142,13.040981
1cff8d2686ce4e379b0107f9861ce10b.jpg,Germany,DE,48.239171,11.856685
03f24504e5654a91bb92a7d4fe8845cb.jpg,Germany,DE,53.439991,8.340358
6651b6aa7d334a0390c79b459fed06c8.jpg,Germany,DE,49.953713,7.281604
46338b8f203c479998d9609dd3a19267.jpg,Germany,DE,53.192276,13.116131
fef337d78a2d4946871762dbd6e7e44e.jpg,Germany,DE,51.467993,7.862728
673f0453a36942a0963d19671d2636e6.jpg,Germany,DE,53.595957,8.318884
7254a226930e43a5907854b56c57f529.jpg,Germany,DE,48.705149,10.244091
3e6dfd78c4f4458289d4007e806d7fe7.jpg,Germany,DE,54.460789,9.148157
c629736872724e1189f23b2b8b35e069.jpg,Germany,DE,49.213034,10.818797
7b5dda4dc4aa46069a9a4debd7e7c4f9.jpg,Germany,DE,53.440619,9.945042
f106671a45ce4e1cad6bc3077fe5e41a.jpg,Germany,DE,53.021491,13.667779
b348679c116148469093200b29addce6.jpg,Germany,DE,50.854895,12.468843
9537564c87a94e0d9ac1b81652958b11.jpg,Germany,DE,51.174762,7.779689
f9e7244b76bc441b8e4fd8e7141112eb.jpg,Germany,DE,52.045903,10.649921
eadea5becf984b6680c1522eafcda57c.jpg,Germany,DE,49.562775,9.892691
30d001757c54463d826c984263540804.jpg,Germany,DE,51.911262,13.542135
70b8ece536244cefa0ae8799c32a72c7.jpg,Germany,DE,52.857153,7.809499
a9bf1b26e31145a3bb7fdc54edd20df5.jpg,Germany,DE,52.099402,12.456277
22a157d11f624e23a46e66ce9985d109.jpg,Germany,DE,48.769861,13.732103
6be11a4fbd614123b6b072157020202f.jpg,Germany,DE,50.847742,13.935541
dbf49b88b7874914ad7568d8efcd6e19.jpg,Germany,DE,49.596058,11.629635
4effd27d19d449c48233106349a1f3c9.jpg,Germany,DE,51.306859,13.249595
6522adc618a546e88e0a0cb7648cf1d2.jpg,Germany,DE,47.744201,9.66889
25a472cff68a497f9d00ef9ec5299b04.jpg,Germany,DE,48.227792,8.167681
7ae3ecf8e50342b3b0bc6b0d75852bd2.jpg,Germany,DE,47.727865,11.184079
052dad75011f4f379b898a95c3c43f63.jpg,Germany,DE,51.357571,7.346681
68684822146842789352f8ab1c099f2d.jpg,Germany,DE,49.779885,8.410665
ce0423d7f2dd400fb58c0073ce9c1dad.jpg,Germany,DE,54.678509,9.217779
03afa1a25f3740b28637e64ffd368af2.jpg,Germany,DE,53.454319,8.344698
58beddf8e5ec424ea1bce51f603878a3.jpg,Germany,DE,51.781754,7.28534
9d7a4399df224e55b5ec3972f178bd1e.jpg,Germany,DE,52.178399,12.064124
d95a26fcb200473d8c62cf8e53a000a6.jpg,Germany,DE,51.71786,9.846006
8396fa1ae1204d94b46152f8ca55843a.jpg,Germany,DE,51.359374,9.902927
a70d56ce34ba4c8da539a318190bd066.jpg,Germany,DE,50.037722,12.037186
b59b7d2b77a04d1790f56296bc774670.jpg,Germany,DE,49.702115,8.963045
fb61e702c412448b93f924bf6df93276.jpg,Germany,DE,47.896412,10.014339
22426df43a6643c0ab5b171c40550892.jpg,Germany,DE,51.362282,6.913094
a20e4e331ebb4889af1be9c37ed13a74.jpg,Germany,DE,50.776522,10.607172
4d2e9f438c46486bbd4f606bb4da3816.jpg,Germany,DE,50.356695,7.75832
62681bd75ce74d73ba9a3c166c76fb28.jpg,Germany,DE,51.555556,14.673342
0478b6b548e54adcb05673e1e55b593e.jpg,Germany,DE,52.503239,7.200847
446729cf80e04acf8751a3bfd9f91f11.jpg,Germany,DE,48.987973,8.770371
cbbadb6377324478911aa551702b6ac4.jpg,Germany,DE,53.394086,8.439043
eeb97c6ff8d641aa95b1fbcb95b6fecc.jpg,Germany,DE,53.510688,11.173436
1d76a409bf0e4981a2377cca44f19986.jpg,Germany,DE,52.044537,12.357285
df69458f0fc247c2b856e9e512d97b09.jpg,Germany,DE,53.307476,12.35975
84cd825216154424bb212dc76254f5cd.jpg,Germany,DE,51.07726,10.10035
1df38751a4074de9bfc98d16122f8c6f.jpg,Germany,DE,53.771216,8.988784
8db43c87591b48d3b9d4ced0220b088f.jpg,Germany,DE,51.047949,11.540457
8a7b649439ca40cfaf1a05cc42b72747.jpg,Germany,DE,50.059204,12.063845
a7c74a8a75ef4be5a0da48ff56b88162.jpg,Germany,DE,52.510105,8.401544
d52e6687aea24a6ea2a3b42dda80995d.jpg,Germany,DE,52.649371,11.828318
9397e102ebdf4d698e8f8d71cfc1e562.jpg,Germany,DE,52.239694,14.024172
9ec11fa3dcaa4f09ae4f7d4bae68d66e.jpg,Germany,DE,53.440169,8.447693
579ffc1dceef4275b41d503634eb6a4d.jpg,Germany,DE,53.18562,11.459855
55e246b9a4a1408892e13b75be2ed3aa.jpg,Germany,DE,52.638381,12.471269
41568aa735c54c5182b7878fecb3f5e7.jpg,Germany,DE,53.683157,9.21983
f791354e5bbe40cfb16d222fb2a24374.jpg,Germany,DE,54.377429,8.729493
33be3fbd542b4acfb51eff24fab0cec1.jpg,Germany,DE,50.898315,12.496634
89faeb4e1cb94c1d883b94eaecfd84ac.jpg,Germany,DE,51.465042,13.180692
d66217c683034d07b9c78e9f4b8dd121.jpg,Germany,DE,52.92649,10.338025
8c7fcee57b6a4a60a90c0090a3af2ec9.jpg,Germany,DE,53.014535,11.179931
235ba95f310e4d24bce086a17dea5bc3.jpg,Germany,DE,50.868855,8.822177
52d778f942ef403c9d62da8a0c4c8614.jpg,Germany,DE,52.73875,14.210143
38d817711d9a477f9e552977452da4a1.jpg,Germany,DE,52.002448,14.668426
17702e74aa394a62abb1f3ee9184ef4c.jpg,Germany,DE,50.818615,11.396173
aa4b60c0d93647b78dd0f3b7ff333c8d.jpg,Germany,DE,47.646983,10.486856
b02f1831c3eb442e98f4ccb1c917b222.jpg,Germany,DE,51.981521,8.044866
90945033152d47c8b31b3d80f56cf13c.jpg,Germany,DE,53.498403,8.761759
1e5b275771c44f9da0d26fadea189fb5.jpg,Germany,DE,47.719634,8.322153
759cdbc20b6e441faa315bcba5436e5a.jpg,Germany,DE,50.406239,10.725955
b369e265d5c74e719eabf42e4a318d66.jpg,Germany,DE,53.339464,10.014342
159e8ab6619b488b8c112ceb9fe957ab.jpg,Germany,DE,50.923088,12.574041
96f3878b4fb64c53ab46e9c8ec28a755.jpg,Germany,DE,51.690663,12.209446
32281ca23b3a4ca794520fc2ca2f0dba.jpg,Germany,DE,48.848998,9.64221
b39b40c25c9b411a988972cee7c02235.jpg,Germany,DE,48.783557,9.514531
8cb44f683bca416292efad8e93d31b1a.jpg,Germany,DE,49.423292,11.185826
5193056d1d2b427d8bdf587926186bfe.jpg,Germany,DE,49.670184,7.087363
40d816161bd448cda014d4d8597f43c4.jpg,Germany,DE,51.026717,10.35973
bee3ff7762bf453d9817092611a93e71.jpg,Germany,DE,48.410349,11.648547
ff6e885764dc498295f885afe8c9af6c.jpg,Germany,DE,51.565856,8.197228
0376b35448a249bdb4ad4b20b3af32ff.jpg,Germany,DE,53.806674,10.4825
56991f0a519541de84633f4dd0b3533b.jpg,Germany,DE,54.118462,13.107262
4effc7cad22e406f85304bb94c3f1289.jpg,Germany,DE,51.98899,12.422987
f64849a523cd4ddf80afe53d66fe184a.jpg,Germany,DE,51.390768,13.376489
aef4770194bc487dbbfc75784b58ab6d.jpg,Germany,DE,49.269064,9.011042
e8ac3d5c3c1a4571acad9b3af81650cc.jpg,Germany,DE,48.364855,9.09555
494ec7456a66466eaf5981a114b212cd.jpg,Germany,DE,53.503246,9.077636
fc709c871897471897a1295017b6a252.jpg,Germany,DE,53.735386,14.123494
c416a8c8f1e9443fb4d0d431fcafca3d.jpg,Germany,DE,51.713763,6.380922
a0dd4a79f720481b8231287fc6db3da3.jpg,Germany,DE,53.34965,8.126459
4e599cc25dbf42819dd8cb2eb765909d.jpg,Germany,DE,52.505012,7.081913
ea4c329625a7482e8246460a07f73bff.jpg,Germany,DE,52.905445,10.719542
aa1b804ad18349c8b4933f4aeedaef8c.jpg,Germany,DE,50.665983,7.971018
7efff6a6ef5045ef9c3bdea17bfcb417.jpg,Germany,DE,53.250157,11.54703
13afc2f382414855947204a0761dc171.jpg,Germany,DE,50.457342,6.793115
a7ed1295f0c24acfac1a4b754ce3ae43.jpg,Germany,DE,51.82978,7.737757
62567d2dce3a47a4becf60d9c385b823.jpg,Germany,DE,50.466483,11.49748
c28159acc34341569b730df7f812102f.jpg,Germany,DE,52.038616,7.868371
aa5108eaed0c4ae29f2783486a917aa1.jpg,Germany,DE,52.733323,12.065867
6fe3e783d8304341bce2580344349bbc.jpg,Germany,DE,52.656507,11.824136
3bf0fa4b9b2145469b2ae44a318a8892.jpg,Germany,DE,52.491966,14.119879
e4518bf69879456ca14c63445f677e89.jpg,Germany,DE,50.239939,7.449507
2f5ae300ae614e86a83153269657868e.jpg,Germany,DE,51.459403,14.229138
d8fc2164165f408291dbceb588d2b346.jpg,Germany,DE,54.63829,8.851427
6dcf98010f034455895eac5312547cd7.jpg,Germany,DE,47.647723,10.484759
ab077f07150a4274a4a028c1fa746b61.jpg,Germany,DE,50.05904,9.307823
41d1b1dcbb784c6f9148ecb1cf8ee13f.jpg,Germany,DE,54.130028,8.930127
ed1969ec59a441598b7915b05641f3a8.jpg,Germany,DE,48.786504,9.687913
c84c661b4e7043a1a6b23d3f31d58c25.jpg,Germany,DE,49.560805,10.863148
bda4d037515c4f3b8de85460533a1828.jpg,Germany,DE,49.591092,11.622326
7352c45198cf42e0a892145ffc7fe6c1.jpg,Germany,DE,49.49781,7.45484
50ce4d8a0bf941bbb2461d8554c83443.jpg,Germany,DE,50.027031,10.5588
da463d4899e4408c9296f2021f01a7ae.jpg,Germany,DE,52.322202,14.20353
749f2c62088340c299f29c041dce8fb8.jpg,Germany,DE,52.934502,10.33105
72da9571040b418a923390de895a920f.jpg,Germany,DE,51.578579,7.535342
54d6ff3007184fcb8fd7f3d79825acb4.jpg,Germany,DE,52.675283,14.107854
b68cfe8398f74597955343a163c6dfc6.jpg,Germany,DE,49.916962,8.757513
b90f3aa811864e4395d249d1ebd20961.jpg,Germany,DE,53.141094,11.171088
f022be86d5904a50a1dad1dd9eb00b8c.jpg,Germany,DE,48.753296,12.970261
b85e3c1fddab45189e24e9cba220137b.jpg,Germany,DE,51.964758,10.663356
5a2870c9184f44d6a30d1f230e18415e.jpg,Germany,DE,53.599485,13.978644
cdb538201b954ffc90417213bab1c3a5.jpg,Germany,DE,50.685391,11.480519
a8d39dc8371546be9340d79e88347b47.jpg,Germany,DE,49.643446,6.745526
cbc6de57a39240ae8e7b6616aed35d5f.jpg,Germany,DE,52.891468,12.284885
bf9338e7854a44bfa81d554a824667e3.jpg,Germany,DE,47.844075,10.276785
80654f9f8cc0488d93b7319bc308e8a2.jpg,Germany,DE,49.251349,8.613812
0fa44b8eaece47ffa111d81b15f4109f.jpg,Germany,DE,51.718028,7.936039
509786f6488f4eab8928695e42b8c4aa.jpg,Germany,DE,54.199539,13.070523
cf0f184e07784cf793dd87914392b954.jpg,Germany,DE,52.333556,8.12895
f73706bb888d48df899cfcc753832654.jpg,Germany,DE,51.107727,12.599637
09a1f0733b0a4973a7d096dc89c39dc8.jpg,Germany,DE,48.85693,12.919923
a4c07eae306140f08db7bc2e3a0c47e2.jpg,Germany,DE,53.689551,7.653415
6e2b93f0eb3a4ebb9abc0f9eec636da3.jpg,Germany,DE,52.009883,7.72661
c5aa28ee7e364d149fbad981f44397a6.jpg,Germany,DE,47.486674,11.227253
9e13395ab1184ef39f63200bc71ca26d.jpg,Germany,DE,52.054843,14.231174
3d9286fb8254453b94fcc53ff774ba89.jpg,Germany,DE,49.744238,10.526168
3f28858110244577bb814000acc401bc.jpg,Germany,DE,51.849653,6.657076
be28d391b4964387afd1e0f4a03b93c1.jpg,Germany,DE,51.139035,9.723032
caa9f2d9d5854de69b689dd551b2c99d.jpg,Germany,DE,48.988377,10.88424
fc9984bbdaad43278071baeddad472e6.jpg,Germany,DE,49.920955,7.902567
d3705aa1488d41a6832f3045c0bc5ea9.jpg,Germany,DE,50.559528,11.737528
e65ad36b42ac4a639e7ca94cfab0ac00.jpg,Germany,DE,49.68383,11.287435
bba315802cac4d13949c6aa3a5110a42.jpg,Germany,DE,52.905559,13.597154
e9350548f7494778be1ba46fd8ff6e24.jpg,Germany,DE,47.622436,11.726609
2bdacb90307f496c9e0c6feaee8c950e.jpg,Germany,DE,51.443089,11.900586
e418966027a94eddb964917e9dbc4633.jpg,Germany,DE,52.39957,11.31045
4b7f8baf36334d458a6fbcf6ea749957.jpg,Germany,DE,52.265965,7.500516
fb5c9c8b3e1b414d869a4369ad8c93e5.jpg,Germany,DE,53.470851,10.729593
1bd10c6190514338854ad2ca4b5b8ba7.jpg,Germany,DE,47.692513,9.250256
6d295b41c0994f51aa77c0fd075ca414.jpg,Germany,DE,52.734003,8.347443
ef9cde37c09c45849a3f6ad0923b8a35.jpg,Germany,DE,51.595042,12.996861
b72078f0b89e40eda1172f5b956c9a33.jpg,Germany,DE,49.342207,6.840242
37fb963795b948618004113caede852f.jpg,Germany,DE,52.536405,9.555615
679e6703e6514487921afc4dbdbf992a.jpg,Germany,DE,52.479247,9.679701
c76f533b7db94df19ea1f0f8a524f8fe.jpg,Germany,DE,48.256573,9.470052
fe6a874f91404b70a6599076db6b1b17.jpg,Germany,DE,52.763532,11.756891
9dc61300b78f40169d18363f62fd5e84.jpg,Germany,DE,47.898617,12.176085
7c5b527464b14fb9ae60654072f3c159.jpg,Germany,DE,52.511421,10.350112
6ef62b985ccb4975a336cb31f1ad43d9.jpg,Germany,DE,52.901074,8.415136
c713389b3f0b465b86e06d948d73bdb6.jpg,Germany,DE,52.645996,8.786902
83d06603845d4f90a175e0152be0e92e.jpg,Germany,DE,52.818542,9.637454
4bcff252abed4ab3a7c668f2f3a52646.jpg,Germany,DE,51.491568,11.57866
2d71475aa9784d14be8ed7d884e3c48e.jpg,Germany,DE,48.660665,13.356467
0ce1c2f27ebd41e9897a585b7e9a20a8.jpg,Germany,DE,54.153816,10.359162
9b2b33e4417e440983335c0a5b52bfc4.jpg,Germany,DE,54.485177,13.506734
0b82f7b3c0fc455c913c823bae923f9b.jpg,Germany,DE,51.035506,10.860436
a8dd87fdec024e7e8e2a85b06089e4f9.jpg,Germany,DE,48.780567,9.649726
6eb3da96a0c648429dd408135813d3b7.jpg,Germany,DE,50.8769,10.971264
7f7f5546796046f7aaa6d7269e3fb32f.jpg,Germany,DE,53.759318,9.07934
299c605f1ad8406db4b22d98d95dd76a.jpg,Germany,DE,54.77219,9.241862
15faa75e97aa4e8ca415d4f65fb9ae90.jpg,Germany,DE,53.100093,11.560021
e6289173c66b4451a2fd5bb01db6ab3b.jpg,Germany,DE,50.53322,12.858854
94bfcbcef22040469bcfc73ed27213c7.jpg,Germany,DE,51.077885,13.833644
1e96bfd111e44d59adc90b465453316a.jpg,Germany,DE,49.07911,9.385768
b78ea0e4ee36459589412d02df54e4c4.jpg,Germany,DE,52.216753,14.042077
971b309b03ec400b8fb1298097fa3ac7.jpg,Germany,DE,53.123965,9.984485
aa17fa1741c2431d8785440356c76a0b.jpg,Germany,DE,51.135594,7.940862
63cc8da725324eafbb26cc71b9c89c2e.jpg,Germany,DE,51.500083,14.338792
470980b907ae41d7bfc47fbb0f4887f9.jpg,Germany,DE,53.341675,10.74986
0b8b6dea98fd418e93213fa47d9daed1.jpg,Germany,DE,53.038133,10.694608
2deeb7498be54bc29e2828516797d28c.jpg,Germany,DE,47.724361,11.565606
617ae0c2ebfd41529ee30fa2cf4906ca.jpg,Germany,DE,49.605606,9.639243
6e26f65f778e40238d33dccf090768c5.jpg,Germany,DE,48.816088,8.429603
92c6df64f73a485ba535f84f19ac7d78.jpg,Germany,DE,47.995991,12.007422
a2a974b4ebf54106a1363a4dd5c61615.jpg,Germany,DE,53.139368,10.566135
60093cb6c3f1452fa5c7f42e0678ce4d.jpg,Germany,DE,51.206794,13.650132
50fbfc4f2cb5468f843b91af756b1fdc.jpg,Germany,DE,50.613346,10.327426
cecd1f7dd65443589db30d4274681429.jpg,Germany,DE,49.624782,10.533024
db23020cb04e4e2ab708c940c981b4ba.jpg,Germany,DE,53.4031,7.565914
553bc542bc6941adb3ebac703fb7c0f9.jpg,Germany,DE,50.94466,14.703856
37336dae0e0147b0ac032c9aee967795.jpg,Germany,DE,47.533195,10.865102
2c36e610567945eb8198499f74d26570.jpg,Germany,DE,50.56257,9.057892
c7c0003f13ff44e689c57f3a314d6d11.jpg,Germany,DE,51.5737,12.42988
031de3dea94b44bd99a7730837ad0bc0.jpg,Germany,DE,52.249845,7.641704
618e97d871cb485a8183ad5592ef89ce.jpg,Germany,DE,49.894375,11.824159
c7a15cbcb86d42d49b39eb977f388f21.jpg,Germany,DE,51.925765,14.702851
8aabab716c474a1795d766a4e03f45b8.jpg,Germany,DE,52.482361,14.098929
924dc9e6197643e783f284dfead1d2ac.jpg,Germany,DE,51.240002,14.931397
4dc8f2c2d0ea44fe8a91054dc5e400da.jpg,Germany,DE,50.778816,10.200671
e48d1aed77b446a7bad4e624c2554a49.jpg,Germany,DE,51.452945,10.684736
2cfb083af8a543aaaf4a522f37ee59b7.jpg,Germany,DE,52.764029,12.059239
e4154c678ddc4e268d5843e5feb44fde.jpg,Germany,DE,51.64054,12.589013
42a3d5bcf9c3435f94bb82e6bed91692.jpg,Germany,DE,49.276041,8.463965
feaf767c38b84a6aacaa4ad7c58a4591.jpg,Germany,DE,48.520989,10.350077
8e0fa14629f649938bd5cb407faba699.jpg,Germany,DE,53.620759,9.102894
091173c7aa354e3a9c04990f5c6670bb.jpg,Germany,DE,47.657545,8.223481
5a3a38e011034ca19a6077c1ad1b77df.jpg,Germany,DE,52.650957,10.888984
bd3845f1feb34f9f91a3fcafa169fc11.jpg,Germany,DE,52.956335,14.037159
c6a40eed2fd643248c321fd923694a6d.jpg,Germany,DE,52.668866,14.44616
4f5a40ce3bd24f3ead452db1ffa6524e.jpg,Germany,DE,54.601501,8.903466
5a48b2045eb24885b475cc829f85d8af.jpg,Germany,DE,53.228681,8.657322
332c45e6c69b44b2befaf24791e41748.jpg,Germany,DE,52.847888,12.54426
e1ee8e1d2cde43f3b8e99b9fb0e84856.jpg,Germany,DE,52.224396,12.591949
ea8c5fca88744ff295e9f936db831567.jpg,Germany,DE,54.803606,8.879703
87e06ceb20e2493d99d12b32e14d78c9.jpg,Germany,DE,53.100622,9.219176
379490ce4040410fac7826ce0f5fa742.jpg,Germany,DE,51.759107,11.671638
f38241e811b54ad4b4101309ca596178.jpg,Germany,DE,52.007495,14.166675
5bc02efdebba4d70a57e327d28423a42.jpg,Germany,DE,51.826717,14.072883
5514bfcdd42346678c483d0d8dc40266.jpg,Germany,DE,49.386475,10.761153
35212a9371dd4852a90444bec9a81628.jpg,Germany,DE,50.468647,6.581185
981794d7231a4b5bb88bc4ccd34fd050.jpg,Germany,DE,52.867198,8.070968
156db1dde5b748e78501c2bfd23cb62a.jpg,Germany,DE,49.796686,7.301667
0e22c3256a7f4ecfa30298161e339fda.jpg,Germany,DE,50.402256,8.233741
ccb89daa468e49b8b655b97a3b67b35b.jpg,Germany,DE,52.776367,14.052741
7331c85918e347ddb4bbbb5403150f83.jpg,Germany,DE,49.618034,9.620983
16dab81368634a3fb08e632c1ba6d30a.jpg,Germany,DE,53.997436,11.540971
11fbedb70d9041cea838f05db34cb8e3.jpg,Germany,DE,49.889983,6.468276
5632fd150804465785139c089fef871a.jpg,Germany,DE,50.355211,7.518331
fdf29224984b4952b26c6189ea37b078.jpg,Germany,DE,53.325766,8.063658
4f02babbc9c34eb2b92f9fbd552dc095.jpg,Germany,DE,51.502605,14.47499
f2e44e2c94134bcab45096e8e6798281.jpg,Germany,DE,54.535707,13.249757
c010a9559bae481485f85986a4d42351.jpg,Germany,DE,53.924532,11.486047
8580af39c59949018bcb73344dace037.jpg,Germany,DE,50.583676,11.648885
36c1ae5b4fdc42cb9755245a53393ee5.jpg,Germany,DE,48.019862,12.734615
8f39b2fcba0e47baa90c3c89325046e8.jpg,Germany,DE,48.432969,9.711427
ab2bc1a88fa54ab484b0cdbceb7d471b.jpg,Germany,DE,51.813712,14.098966
acfcd587876c41f3a7c2b1d024bea4c3.jpg,Germany,DE,53.663451,7.664009
3598520c6d8f49bf8172785e0fd57e23.jpg,Germany,DE,51.551537,8.737811
e7acb65a2c6b4124afb49b333316efa3.jpg,Germany,DE,53.481228,12.38138
8dcf45ac156b44e68aa99daa34df1e0f.jpg,Germany,DE,48.097007,10.11352
92c17e0984b646b1bee77f752ca51bb0.jpg,Germany,DE,49.14158,13.150177
8a4e43bc925b4780a2ecc38a6d3c0599.jpg,Germany,DE,51.192832,14.551046
84d3ceab360e49738ac7fe357a3e7d66.jpg,Germany,DE,51.59881,13.039168
36ed49e003784edbb6eec76adcbe812d.jpg,Germany,DE,53.099712,7.673693
d76c7e6121974c759096e78d19523910.jpg,Germany,DE,49.326302,11.078486
157cc474f32f4cd997f650ac192b1220.jpg,Germany,DE,52.050287,14.254184
d87b693a9c59493bade17473d93b2a1c.jpg,Germany,DE,53.746572,9.296206
aa20bf84a79f492598f5f9b283cda3b2.jpg,Germany,DE,48.342902,9.823468
b1939a52553445ca9302a8172ea7dee6.jpg,Germany,DE,52.850521,13.989279
21301ba5a71c47868de0384efab4f0f6.jpg,Germany,DE,52.972402,13.841704
46589be993fb4414a2a882cf80e263d1.jpg,Germany,DE,53.078352,11.242991
16ce2580ac5040568dee6caf1bb1df68.jpg,Germany,DE,54.599416,9.554032
c93632b57ff14db5a64b2f959b10f8e2.jpg,Germany,DE,49.400693,10.071153
f7de1c89c1e84dc2933a49c6c3527ab1.jpg,Germany,DE,50.118843,8.853504
158f43987c83482d9a849b9caa7d2489.jpg,Germany,DE,50.271246,9.046673
a940f0833b004a6c8ebebc38c0c10d74.jpg,Germany,DE,51.619344,10.947875
939991de4e9a4700a3d9a00be167fffb.jpg,Germany,DE,52.643522,13.66012
0f1667beed634b12bae15d151164468e.jpg,Germany,DE,49.563117,8.015287
a4dad9e2f5e14d908e7927dbcf19e705.jpg,Germany,DE,50.134125,6.993703
dd23cefc5f174c3d91fd7c2d76cac63e.jpg,Germany,DE,52.116332,8.205522
1a0b9e79bd4c4ecbb7fa8e63f2091c5a.jpg,Germany,DE,53.761078,9.072355
3ee5112c10d2461cbc0da44868c3418a.jpg,Germany,DE,53.608195,7.286373
c54526fae9eb4054a267ac55928d402f.jpg,Germany,DE,50.202678,7.017817
39a36cf8ad88496f8a379ba5be60833e.jpg,Germany,DE,53.405743,11.598151
28bd1d1fc1244ac6b473e89dc012eea2.jpg,Germany,DE,50.854346,8.341301
fcbcde6ddbd34fdba7cc3c73d36e6d46.jpg,Germany,DE,50.720617,11.021189
85310e8f88b14df894e9dab49d5ff228.jpg,Germany,DE,51.843039,6.80309
3fa130f47d6a4a9fb83b049183ce746a.jpg,Germany,DE,48.862527,8.364491
1830540b7da44bbf94161bd85fdb6643.jpg,Germany,DE,48.790758,11.354066
09ae5e5717b3459f8e36bda782ba6032.jpg,Germany,DE,50.497641,12.974836
6c984ea6e59f481cb72d0f1082a2d779.jpg,Germany,DE,50.466695,7.609582
0f0630d092ac463cb751aa1fd5626ba5.jpg,Germany,DE,50.457037,7.061218
d87482f4a8704c22a63e3a1db878c825.jpg,Germany,DE,53.503225,10.453323
1db544b3527a4163ae54ca4b2d7a7509.jpg,Germany,DE,48.234588,10.10181
5054b1d5222a4f9fa5d0d98ddf5898de.jpg,Germany,DE,48.952603,13.165583
3b9676bc0f25446496b1c6e88b3bea9f.jpg,Germany,DE,53.380435,9.685406
7e5c5c1f8df846a1b4965e94c386b11d.jpg,Germany,DE,53.211736,9.550637
69807988fadd4c6a83bf8fd677d26b22.jpg,Germany,DE,50.743487,13.334097
edfc6eac501049478abfef9177878be5.jpg,Germany,DE,50.730307,9.237267
6bcccbf18dec4b74a0b5284ee815b90b.jpg,Germany,DE,49.341774,12.02073
c5235560bfb44af2ba53e56cb79f02e6.jpg,Germany,DE,52.152133,7.681115
d56ea9f3c94444ea90e895d6f4704582.jpg,Germany,DE,48.371318,10.274082
57a8209c08d54c8a8dd298276e0125a3.jpg,Germany,DE,54.87669,8.871594
24a8be8548954b4dbbb24bae44f37def.jpg,Germany,DE,51.883493,13.951599
23d1604ff3584eb1aae5df1fc37eb7ff.jpg,Germany,DE,50.291061,11.291966
9330caf2f5594befafbb6caa52287ae0.jpg,Germany,DE,50.254917,8.989502
437134722aa34b7394ea0e085bdb1e9f.jpg,Germany,DE,52.209898,11.983055
bb5a7dcfb33e4d1b8bbc1d0bf699fa1c.jpg,Germany,DE,48.349236,8.777997
40c6f67354e14899bda76a1fa218ee0b.jpg,Germany,DE,52.941441,7.834432
5ea91c2d7b154e5f94ba65e2f3472ee4.jpg,Germany,DE,47.908422,8.052379
4f43068ce2024b6fb2f8700ba72fd3cd.jpg,Germany,DE,48.473161,8.763011
60638e55d5a84d7199ec4c9058829557.jpg,Germany,DE,53.488028,8.482683
946a93570a6d4c519da3d296764dbb5d.jpg,Germany,DE,47.847501,8.754111
1ac80e0ccfa4458291b8934c2c526ea3.jpg,Germany,DE,53.349565,9.371726
fdff34417bfe4783a79ab232de25292f.jpg,Germany,DE,51.346671,14.636367
9a028ec57b9048448e22053b6c39d82a.jpg,Germany,DE,47.994893,8.023358
79747e3c963c46eaacc1940bc06303ec.jpg,Germany,DE,54.694021,9.992826
a9b18d9de1ff44769893f7b88d207ab1.jpg,Germany,DE,53.673713,9.05853
180c1d4c8a83496286e5ca106066acd5.jpg,Germany,DE,48.817568,8.427473
617a09cbe83d427bb7c3e413b5c81111.jpg,Germany,DE,54.370456,13.593573
355114ac0bf44cdebef7073626b8a4ce.jpg,Germany,DE,51.912806,13.047439
a2c5952382394192bcadb84c2d37b523.jpg,Germany,DE,48.81384,8.749654
41eeeb3089cc46b498a62db76d3f178b.jpg,Germany,DE,52.352998,13.95276
01b988b26a784750bb4b3ab63b95c5fe.jpg,Germany,DE,53.579789,12.725136
ce53d1abc0594e20b91f6b6f8dc35d9e.jpg,Germany,DE,53.231996,10.225927
7e0e585d81624eabbf5b73a6928b51db.jpg,Germany,DE,52.643679,13.630342
5cb5b235c1654d41b9d48b720de07eb4.jpg,Germany,DE,54.445027,11.249409
4ab2c587856b4487ab1f1abb8078b4b5.jpg,Germany,DE,50.042922,9.331095
17a9d20af793460381af4bc442a47c4d.jpg,Germany,DE,50.354742,11.552608
0401de4066dd42e1b19bf95116004a0e.jpg,Germany,DE,48.86208,11.779034
192a0590c5cc4acea6078f022e865f74.jpg,Germany,DE,51.985405,13.926269
62d6efa36ff144da9c152ae58cbc5c57.jpg,Germany,DE,53.171263,13.712476
b9d22eed6d8847339d4bc87c2079eeaf.jpg,Germany,DE,52.755508,8.007032
5f6f4d17cab5435c9abcc2951f7f73e6.jpg,Germany,DE,52.151155,11.429363
0aec1cd7de6744e0ad957b6a199dbc84.jpg,Germany,DE,51.734504,9.775652
ea3f6f36b95446eb8ac236fb4d92b608.jpg,Germany,DE,53.282323,9.423656
e95d06ad3e5646479dc24ee69961152e.jpg,Germany,DE,48.195134,10.927748
b6e9fbfc05214bcbb3506fd3a9c3d1c2.jpg,Germany,DE,50.476864,12.731218
f412c383fda146f88dae842e97b8d91f.jpg,Iceland,IS,65.868055,-14.82009
558cbecbcc414c8e93b4934749c76755.jpg,Iceland,IS,63.864834,-21.880357
ad572f5b3cec42bfb94a2a5b83b5f708.jpg,Iceland,IS,63.523604,-18.473202
22d3648aa08445df94642a29372c26d3.jpg,Iceland,IS,66.06306,-17.342783
d79cda0ef017479d872c09823cdf52e1.jpg,Iceland,IS,64.945375,-22.900832
c939c857f5a24fe88cec2adb05783a02.jpg,Iceland,IS,65.568282,-15.35923
1595f21237584862bc31f1648adacf59.jpg,Iceland,IS,64.979012,-22.845335
2b477d77932748078bbf495546272144.jpg,Iceland,IS,63.855659,-22.430085
66a6efd25f2447eebbb6d6572c31ef30.jpg,Iceland,IS,65.564971,-22.192136
ea4744a3cad24d20b001a32fa93be81e.jpg,Iceland,IS,63.547345,-18.450195
3e4f644351d84b35aefc3e0fdd55083a.jpg,Iceland,IS,63.98095,-16.408107
d326fd57d2d243e18ddce05c00daea1b.jpg,Iceland,IS,63.93396,-16.447924
41df8bc7702f492aa9839ca4c99a5167.jpg,Iceland,IS,65.861742,-17.495107
7ce8d5eed53140828eb62903e466fbd4.jpg,Iceland,IS,64.118417,-20.625491
484f10dd91d94b40b38ab0548090d651.jpg,Iceland,IS,63.986584,-16.398343
8da821e6a83649879a1aab812055797d.jpg,Iceland,IS,64.716473,-14.324796
616b530319b849a4b457eb83ea93ea10.jpg,Iceland,IS,63.429756,-18.882641
48d909041cd44967b9910ea08cb87789.jpg,Iceland,IS,65.738626,-23.166166
48e377e7a16547209459eb63d4578900.jpg,Iceland,IS,63.8555,-21.930911
7f8e58e187a54e3199ec30580d57883f.jpg,Iceland,IS,63.946844,-20.682292
8a4c6865109b4219883d6032fdfc4cde.jpg,Iceland,IS,64.499487,-14.478084
be382ff81b154fd0bd7918d211cb352b.jpg,Iceland,IS,66.162817,-19.020941
77c413fa3a6f484d824f31027eca11d3.jpg,Iceland,IS,65.56855,-24.135673
f8682ce554554893a81054520115248e.jpg,Iceland,IS,63.826339,-22.646448
1b108fbd198f4490b0d9803de55a1026.jpg,Iceland,IS,64.154045,-21.782347
ae1bb27d91ac40f38e1503c65112ab10.jpg,Iceland,IS,65.311367,-21.743107
adbfcc4730854467b3fcff407aed2ded.jpg,Iceland,IS,65.496182,-20.695316
1de2ba3f9d074764b035453f51fdaa6a.jpg,Iceland,IS,64.695151,-14.188312
85baeb45dc534952aad9d84e2781c463.jpg,Iceland,IS,64.838096,-13.807728
9afe4aba31504dc9b90ba3392d6fdf41.jpg,Iceland,IS,65.42946,-20.593079
ad15498460914b97ac0fadce69726520.jpg,Iceland,IS,65.550515,-23.952548
20469796d2424b1e8189e28eab6a85dc.jpg,Iceland,IS,63.424003,-18.767209
52551b78d33745a0bed88819ea4760c0.jpg,Iceland,IS,66.172354,-18.987759
9f2d9e7034334ff29a9e63c3123fdb3b.jpg,Iceland,IS,65.777903,-23.952217
eb38317b5ad140aeb06b8e01b42ebb9a.jpg,Iceland,IS,63.847514,-22.420016
97a0ced4073d4b648da081ead909d810.jpg,Iceland,IS,64.968431,-13.855779
9da823da1fa34784a4aa7e279db7e60e.jpg,Iceland,IS,65.578864,-22.13482
1d99902ee846469ab7374cf5767cf82b.jpg,Iceland,IS,64.833042,-23.949241
3beb89169f704d7caf8d7fc7b9d8b8fc.jpg,Iceland,IS,64.882839,-13.810714
8dbc3fe138b6435ebb7d060c0e65b8bf.jpg,Iceland,IS,65.769151,-20.256357
d4bf4d846b874683ab25793b48798b3a.jpg,Iceland,IS,65.480775,-23.956547
b53d43188c474f339d5f1bd8cf33a19e.jpg,Iceland,IS,63.434626,-19.024249
caf10407881a48f5ab7208b60a829ff1.jpg,Iceland,IS,65.893739,-14.826618
b54a8ab627b74330bf7e8a8e3ad114cb.jpg,Iceland,IS,66.013048,-16.417667
63f09ba10bf44b2ca89e7294362814ad.jpg,Iceland,IS,66.564181,-18.018397
b98fa87001e34b959cb0cbb611c8f524.jpg,Iceland,IS,64.848514,-22.673194
d933a85037234cebaec1945fa64f4da5.jpg,Iceland,IS,65.894947,-22.832848
b917effafb104380bde4033b9f6b82ec.jpg,Iceland,IS,65.623158,-19.370811
72fe6789b03548538382848e09f6aa67.jpg,Iceland,IS,65.926344,-16.578731
f1d36996bb8e4be18257a73f3084c33b.jpg,Iceland,IS,63.456764,-18.870472
e843fa5cd4cd4e72831e15d74760e2f2.jpg,Iceland,IS,63.958355,-16.859442
2caff84f8455428e8a7ef2c3518abc55.jpg,Iceland,IS,65.617848,-18.497322
143d249f9da24674be2c0937e9e7150a.jpg,Iceland,IS,63.545429,-18.451523
22e9475a492a48548a61aa3299e2c6ce.jpg,Iceland,IS,63.985002,-18.779825
d7c37f2b40264b089e7382cc15ce1cd7.jpg,Iceland,IS,63.464394,-18.88668
f2b17dfb7c9940efbcfa903632a751c2.jpg,Iceland,IS,64.982884,-21.592246
025337a5ed2e4200a52b619aed5e46fd.jpg,Iceland,IS,65.414525,-21.883301
913bc277fffa44da96a1dbe24fb12326.jpg,Iceland,IS,65.497519,-23.341379
0019a967bdae44d4a7adc69bfcb1f823.jpg,Iceland,IS,63.617922,-18.451649
d1d9d904a2834100b66abffef04bd2b6.jpg,Iceland,IS,64.146204,-21.802118
c17891d460e74e2da3f65eb030c2abcc.jpg,Iceland,IS,65.978138,-22.934358
3103374cb9884269b8dabff7c9beee64.jpg,Iceland,IS,65.896257,-14.829971
fbd62158f0fe415ca81ff55cf7d5f7e8.jpg,Iceland,IS,64.197732,-21.223245
5772d8aee42b4ef5af7821a8e4078a8b.jpg,Iceland,IS,64.83312,-13.956256
496b604f6e27476f85854596e76e2feb.jpg,Iceland,IS,65.288631,-21.748123
f6fd570579d04c7e89897179fc5b01be.jpg,Iceland,IS,65.748515,-19.359138
bb0883212a2f412e8e4cec5e6c78ba93.jpg,Iceland,IS,63.541887,-18.454265
aa282360a6564d6fab6842c74a27a11b.jpg,Iceland,IS,65.878922,-16.535227
6ee8b69ae4bd4fdf8b82ca8e0e175811.jpg,Iceland,IS,65.394461,-15.432111
4d2a6cfdb61e4fc89815de0272a4919b.jpg,Iceland,IS,64.716007,-14.324487
5e178412320347879435494d64d9fc2b.jpg,Iceland,IS,65.780336,-18.235269
fde7238e1488452f88b3c2c4e0885709.jpg,Iceland,IS,65.614705,-19.35467
113274ccdcf64117afea3b69feb26ae9.jpg,Iceland,IS,64.182632,-15.822163
4c7488522c0948c3b9c2949185b7d870.jpg,Iceland,IS,65.749061,-23.842507
db8172b7f8944b3c9e9297540458a62e.jpg,Iceland,IS,65.31898,-20.926437
1c7bd8b432614d6180b53b6da3a747f7.jpg,Iceland,IS,65.40495,-14.648295
c684fbe377e045d3969c4e46c843d2be.jpg,Iceland,IS,63.854989,-22.448342
712b7c007c16464fa0cce9207e1194d7.jpg,Iceland,IS,65.104617,-14.328541
4e4083129aeb477d8bfbcc207cd1cd2c.jpg,Iceland,IS,64.919492,-13.93514
23784eec959142dc8491a1dd10a71364.jpg,Iceland,IS,65.717725,-23.710202
626f1c301f5e4d3f837ec4cb13fb7e97.jpg,Iceland,IS,64.824301,-23.964661
1f729be9e4c948f9ae8e3fc2c8fe0554.jpg,Iceland,IS,64.846705,-13.78282
bf76c303bf504d149d83a2a9a4e76ee0.jpg,Iceland,IS,63.437073,-18.770742
a4715860f7334782a7e2d894d561818d.jpg,Iceland,IS,63.517242,-18.480205
8814ab78b4954be3ae5a39e7248ae6ae.jpg,Iceland,IS,64.179929,-15.831023
d1d61c77349d4697b21dda054bed16cc.jpg,Iceland,IS,64.838712,-22.572601
0d2f4d3c5b6e4b4ca11fc29561fa7d31.jpg,Iceland,IS,65.461626,-22.169696
750518da4371449e9a6a98ccfeba6d4a.jpg,Iceland,IS,64.522963,-21.556729
56c2c09ed114438190b4b02c7421c4e0.jpg,Iceland,IS,64.778645,-23.644574
a7ebfb9ba5f54f2a850035146ceb9006.jpg,Iceland,IS,65.73374,-23.785132
1d775ecfd43042a9a4da5771b0fed29a.jpg,Iceland,IS,65.799404,-23.442173
81e91d0e1e17442599bb8ad8e6350268.jpg,Iceland,IS,65.246463,-14.439493
9b10519fffc949f39f5032c35a29af02.jpg,Iceland,IS,63.471752,-19.369252
5763df67196d49f78e2e8310dbd06bee.jpg,Iceland,IS,63.831076,-22.508856
9d51eb2c2956460eaacd0e7032e498ae.jpg,Iceland,IS,65.518638,-19.781944
0ca732a2c5fa4d0d96009cece9181736.jpg,Iceland,IS,65.012691,-14.12565
84c91c9ee3944008aa05c170be538c71.jpg,Iceland,IS,65.632065,-20.295927
856d90f024c44dc9a253c000a65ce77a.jpg,Iceland,IS,63.840899,-22.423927
b42723ad254b416c97079d185f683da4.jpg,Iceland,IS,65.577999,-19.347365
c63c30bcdae04ecd835c0c70c5aaf045.jpg,Iceland,IS,65.653944,-17.859816
03ca72ebd2e54a3e9239f27b7abb769d.jpg,Iceland,IS,64.778234,-14.430374
5050a007c9834521be70c3694bdcb60a.jpg,Iceland,IS,65.760098,-23.883282
f7fb9f1b28dc44fc890fda5c0156038e.jpg,Iceland,IS,65.337445,-15.042888
c39be3a6627840049fb4f720df71a171.jpg,Iceland,IS,64.824226,-23.542114
6f77b99968f54a23b003cd68f68f2c95.jpg,Iceland,IS,65.442743,-20.580636
f1f4860b8d12402087d5e2976d9f364f.jpg,Iceland,IS,64.28486,-15.057169
6099d13649164ccdaf036733f29b9f67.jpg,Iceland,IS,65.654932,-23.255917
f0c044e92f1a44b18b19cabe497d20bd.jpg,Iceland,IS,65.227033,-14.571014
1cd35ef403404f369a86349fda05b236.jpg,Iceland,IS,65.581726,-23.186609
25e905f1722b47d493bf9950c2b145a4.jpg,Iceland,IS,63.970793,-16.420855
f8fbc23728ee4dc2b9d04a4ab3800d36.jpg,Iceland,IS,64.368309,-15.315474
80fb8e25220540bbb7955f3ef79d3c8f.jpg,Iceland,IS,65.278768,-14.418585
82694d35bcda47f2a66ba54bc5ede4cb.jpg,Iceland,IS,63.842171,-21.51297
dc07ce451806497ea334ccff84cf78cd.jpg,Iceland,IS,65.535165,-15.420656
76e261df84ae427a8f0a96063d423633.jpg,Iceland,IS,65.789922,-22.563466
520dd852a18f4adba5165cf3a23f4ba7.jpg,Iceland,IS,66.564954,-18.017797
da1bc6f28dc6430180499dd5fee91f1a.jpg,Iceland,IS,64.609046,-21.719617
684ec929545c4d35aee40ae881cbe5e6.jpg,Iceland,IS,64.876734,-23.950222
2e051688f9c9439d9228d26f1ea04ed7.jpg,Iceland,IS,65.614702,-24.220018
b1d417c9b06d4313a6acbeb80666c2a9.jpg,Iceland,IS,65.489534,-22.127649
ffd2bc92599a467190d60593fd746618.jpg,Iceland,IS,65.667823,-14.990326
fc6fc849b1ae42fb8c55be4accf4d2be.jpg,Iceland,IS,63.857511,-22.428911
52c7f3902e4d49508296691f88bdbdab.jpg,Iceland,IS,66.070681,-19.290637
2148477040e348bfabaf893e98b16f63.jpg,Iceland,IS,63.569645,-19.864772
1ebb51ad7b704049bfdffb2e66c3aef4.jpg,Iceland,IS,63.856308,-22.429486
8d617d45a5f041e49f63740f72aa4d02.jpg,Iceland,IS,64.839332,-22.576228
89d3caad3a12461bb65a93e77c130c66.jpg,Iceland,IS,65.814262,-17.55388
354b79e6aea445a5a2ec782b03fa3398.jpg,Iceland,IS,63.819032,-22.530084
536ecac822bd46159cf960e7e7ceb7cd.jpg,Iceland,IS,65.497602,-23.200692
7805a7b90d3247c9bbacf046f87c3bdd.jpg,Iceland,IS,65.223531,-14.349583
c8b7e807aaa34272ac58506c721b8bda.jpg,Iceland,IS,65.729497,-14.863837
7d4d8491d45a41c994675c9c39bcdc95.jpg,Iceland,IS,63.541667,-18.454466
112360306825418a81254a7068d2f604.jpg,Iceland,IS,63.470582,-18.589027
bb2252f5b3874160bb53d4b534e32194.jpg,Iceland,IS,64.058995,-21.530906
894e133246c243669edc3cc4fee695bd.jpg,Iceland,IS,65.601819,-20.313748
1d32e3e15fee4b7db387746457ee334f.jpg,Iceland,IS,63.440931,-18.758089
298f78ce987d462bb206a3f244eb720a.jpg,Iceland,IS,66.169234,-18.902905
f5427fb67dd141f694905ca061308f5f.jpg,Iceland,IS,65.923184,-18.302241
4a70465354bc4d0d8aba7e4efe71c01c.jpg,Iceland,IS,63.687219,-18.348212
954301a9569a4f61985cefeada75f1a2.jpg,Iceland,IS,65.102027,-14.328395
40f95bb1faf74f21a2938309ed68fec0.jpg,Iceland,IS,63.569448,-19.863883
427bd726461b42dea5218758237c7f7c.jpg,Iceland,IS,64.821965,-23.191003
46d4a8aec1174c1cab8f6334003d8a9a.jpg,Iceland,IS,65.703013,-14.922327
2081af566dc14fa4828464a253364006.jpg,Iceland,IS,63.701118,-20.213115
b63337b33cee4b74a7551d6326087aeb.jpg,Iceland,IS,65.187278,-14.042153
8b4fa51e30084acd90788a08a6bc2d1a.jpg,Iceland,IS,65.775981,-14.833768
d5995f66e43f46ffa736e22a6afa8293.jpg,Iceland,IS,65.029038,-22.236636
0782ee6402b64826a8e15e636c80381f.jpg,Iceland,IS,65.486668,-23.259111
5df8dbd8beab44ce977734524c091c4c.jpg,Iceland,IS,66.061912,-19.144186
af523778074f4fbeb25787f0dd910b72.jpg,Iceland,IS,65.900978,-22.353316
be7e62257db2496a9b06056587674f76.jpg,Iceland,IS,65.802066,-17.568896
8e1f8aaf77bf4e0c8c42df739b5172ad.jpg,Iceland,IS,65.644809,-18.455455
560ac93a5ad24a03ba3c691368839e53.jpg,Iceland,IS,63.849054,-22.433356
0d2395abbadf48aba39f3a721daf5759.jpg,Iceland,IS,65.749283,-19.706234
da30a73491c54ba89c0d8a65e0195e39.jpg,Iceland,IS,63.819061,-22.531723
48ff48bcd32e4b80b92c826714ce083e.jpg,Iceland,IS,64.964155,-22.890035
b8165bb0b1e847349c7c2bfef6f0670f.jpg,Iceland,IS,64.986021,-22.811439
4e8a872169f948b4b3c3caedaa6e464d.jpg,Iceland,IS,63.676546,-18.389269
49e2d8b39daf4773983532c588cf1b06.jpg,Iceland,IS,64.062095,-21.559126
8cb9a02126f84d2ea0012338f02e2868.jpg,Iceland,IS,65.854988,-23.318098
0d60ea30a976484dbf73afc0b5fd57d5.jpg,Iceland,IS,66.091412,-16.831575
60b8073f2da94814a65e21d1a5f12b36.jpg,Iceland,IS,65.798755,-22.510126
39a37c3ac53440e3a8bfc04e8793fa20.jpg,Iceland,IS,64.900637,-23.934748
2d63b309d7ab4b3bbb1fec0dc3ed4764.jpg,Iceland,IS,65.555067,-22.363214
9ac0e49b634a43b2b78b1905221b810d.jpg,Iceland,IS,63.567348,-19.855503
68f9e19a7e7b4f1d90815ec7266b38c3.jpg,Iceland,IS,64.747057,-23.816201
db6d3a54857d4b94be08a229ce894239.jpg,Iceland,IS,63.887815,-16.624699
053c0335b8024a0ebf5e0455992df33d.jpg,Iceland,IS,66.044008,-19.345947
8d884f5f6ee24ee68dcbe7e13881e1fe.jpg,Iceland,IS,63.430275,-18.768956
815704175b484612b129c53ecdef29a5.jpg,Iceland,IS,65.726408,-23.756688
d6200e3bd3c34c27a79c8ad97f0a4c7d.jpg,Iceland,IS,64.936256,-14.072839
67c8af6f03ea47eca4a826fc91733683.jpg,Iceland,IS,63.644176,-18.420903
b12510c6c36a43f8926904898ef0c8b3.jpg,Iceland,IS,64.539214,-14.58192
a2565b8f84a842c3abbb49d000833e00.jpg,Iceland,IS,65.602291,-22.513529
496c6a13b051446fac9cb6d52e4b9dc9.jpg,Iceland,IS,65.823367,-18.240259
d0116ee7da7f46d8888b42e5977e1976.jpg,Iceland,IS,65.740456,-22.046593
1ce217c8f85845519758b6122b02ec08.jpg,Iceland,IS,63.44198,-18.750103
50b820cb6f54465287ab90c852e12082.jpg,Iceland,IS,65.795598,-16.44106
f38d7cab1d68411e8fde4bb60f89b524.jpg,Iceland,IS,65.612224,-24.179059
60554c4da1154225b68ceca6daba038b.jpg,Iceland,IS,64.708597,-14.317648
2938e0d0765f49f89a53a321c3bde31f.jpg,Iceland,IS,65.620858,-19.363502
a7d502541a0f44279ea06e4c5fb67c9e.jpg,Iceland,IS,63.832103,-22.492297
8495fdf56a504d42a0db33fd4c397e69.jpg,Iceland,IS,64.613823,-22.048521
3ebcffea616d4d5a800ef27ae859eb58.jpg,Iceland,IS,65.936667,-19.409649
f1a82fe2833b4a2dbc13206e030af6a6.jpg,Iceland,IS,65.68417,-16.772296
178de2c1ae534814850c82c7916bf588.jpg,Iceland,IS,64.835899,-22.80558
00a75e537d2744aca7570fe2033b6617.jpg,Iceland,IS,63.89848,-16.606319
f10d0d0c402645fd93675e9c2bc77876.jpg,Iceland,IS,63.522393,-18.474516
9f138c1b541740a9aef5ef8a9495a28b.jpg,Iceland,IS,65.797523,-20.259985
716d7adf61c346dba2e1da6471f0c5e4.jpg,Iceland,IS,65.53059,-22.41357
23c8987d414944e69f74a9e3ddab3f0e.jpg,Iceland,IS,65.543556,-15.990341
9893c8a6e2a441f18c755d97227f8eaa.jpg,Iceland,IS,65.580756,-23.185385
1687017adb1e42e18ce123421da395c0.jpg,Iceland,IS,63.529056,-18.468604
7ee1e4f86c074a018b417744ce891066.jpg,Iceland,IS,64.834853,-22.881302
7243886f5b6d4710bf7b834544e56279.jpg,Iceland,IS,64.716348,-14.324656
4b71214227b34b8dbfb2b110f770052e.jpg,Iceland,IS,63.949013,-22.427366
cb48c55d3cde48cfa83b0cc63b74c903.jpg,Iceland,IS,63.988715,-18.91654
f0d31621e6fa4b5cbc2110edcdc0edaa.jpg,Iceland,IS,63.480665,-18.551207
4e6b0f3044fc42f9b27873d3b237a999.jpg,Iceland,IS,63.454804,-18.641392
f2c5d171408547948982ffb26f123e6d.jpg,Iceland,IS,63.858485,-22.42822
f3e41942e2f04a779c7f66b9935727bb.jpg,Iceland,IS,64.901238,-23.738588
cc7154fb9262476992b9e4decc7bac09.jpg,Iceland,IS,64.01236,-20.931901
0b959a79cf58467f93bfabd5e16a57cc.jpg,Iceland,IS,65.600752,-20.108756
c07ff5de72c2475c8c3e2cc394e82cd9.jpg,Iceland,IS,66.070804,-18.657404
821b52a8ec064350b21399255ea4175c.jpg,Iceland,IS,65.632626,-23.267904
23c0e518e8eb4964a16161b7d8242e8d.jpg,Iceland,IS,66.076868,-18.633666
ac94ad5d19524386bb0c15a8e1529e81.jpg,Iceland,IS,65.876272,-16.500175
6780d64a34084cfa98d5da91441b2266.jpg,Iceland,IS,63.948635,-16.822398
52baf6873ff049cd94f768fe471f8045.jpg,Iceland,IS,64.768751,-14.467744
41f534acd51c4ba39a9eb02de55e9f10.jpg,Iceland,IS,64.742788,-14.434046
ed09e9c043ca4d7dbfee45fc3f93571e.jpg,Iceland,IS,65.028859,-14.277185
97671e5db74b4ce58a804c747f803b60.jpg,Iceland,IS,63.724435,-20.234328
f10fb1e1fc3b4a2c8fa2482edd58d8c4.jpg,Iceland,IS,65.807262,-19.323321
7d2bb32bfa7b465f97cfc77b0daf9c4b.jpg,Iceland,IS,66.067794,-18.531692
e8b91ed79d594a0fb7d8dbe04dd044d4.jpg,Iceland,IS,64.532197,-14.555784
097bbe7da3d0460c86d1334c6f500270.jpg,Iceland,IS,63.550959,-20.076156
e209a0fe50c54616a4fe6b25cc0b8d91.jpg,Iceland,IS,63.951871,-16.843522
8471fededa36401581c5d08c5def4af9.jpg,Iceland,IS,66.084466,-22.999535
8e793de48bf847c686a421d785ea712f.jpg,Iceland,IS,65.945211,-16.567453
ee86fd243d844d02a53bdbc494be42cd.jpg,Iceland,IS,64.276197,-15.032096
81e0e341216b4dae97e3c69dcf7fc8f0.jpg,Iceland,IS,64.787027,-14.005723
88d203a33d9341bdb3dcba89708afe23.jpg,Iceland,IS,65.279291,-14.43447
a4161c01e6844fc9b1a9b43416531dd0.jpg,Iceland,IS,66.08254,-18.611872
9bf6e123f34a4ddda0dc61e1787a9f98.jpg,Iceland,IS,65.497527,-23.454276
8ebbd7bfb3224bfda299b960ff2e98b3.jpg,Iceland,IS,65.179211,-21.496417
7757a6fe9cce499f82d40413cc7c8306.jpg,Iceland,IS,64.788093,-14.005102
c65870a21ca541059d418561d9252123.jpg,Iceland,IS,64.157563,-19.60615
b618483f9cf94b5b955ef08a5d4cce31.jpg,Iceland,IS,65.751866,-19.651334
1a36a77a3aac441ea2aaf9bf934ebab5.jpg,Iceland,IS,66.081104,-23.07704
4ed1ef6db4b346df94bb58f7a3f60b57.jpg,Iceland,IS,65.572453,-22.296899
4df03b39bb664823abe30822995fda94.jpg,Iceland,IS,65.829422,-14.838817
387f94b7227449d7b6b104fabb9b9982.jpg,Iceland,IS,65.555348,-20.656337
74531b87f0f2424c8e5e39f6b527954a.jpg,Iceland,IS,63.982126,-22.38325
553cd855e197464589460b15a5f8a590.jpg,Iceland,IS,64.824824,-23.536206
5c2af6dd0f8b4737af567efbc01b29bb.jpg,Iceland,IS,66.007638,-14.847518
8d80df343e0741069883d52bd86dee35.jpg,Iceland,IS,66.104728,-17.270412
3a362023c0c64c65863fb65b00d067c1.jpg,Iceland,IS,65.752881,-23.8606
a69bfbf0169a4d54bd2313403ab7421d.jpg,Iceland,IS,63.884242,-21.375005
81f7b007d2244fdf97c70e798b541ac4.jpg,Iceland,IS,65.817323,-17.552908
5f505492cffd442a9284a80a87b08ba1.jpg,Iceland,IS,66.282507,-16.408364
e9f24df3c39c44e6b106502c810d1968.jpg,Iceland,IS,65.851187,-17.489915
a53dcf6b40984150a09a3c2fe2469123.jpg,Iceland,IS,65.0365,-22.753404
582cd41b080647c3941184c7f3f915fa.jpg,Iceland,IS,63.570799,-19.86997
0e679a749f074a46b25154b12ee4c903.jpg,Iceland,IS,64.838157,-22.569522
c7a00cf6acf543b9b0949e89758efbc4.jpg,Iceland,IS,63.943358,-18.652809
56cbe68b9eaa4960bcdaee127c4de200.jpg,Iceland,IS,65.989281,-22.943668
4339c72539124e16a77594a163e6b131.jpg,Iceland,IS,65.561614,-23.18269
3f037904e92847e6803f48ce71756f21.jpg,Iceland,IS,65.615547,-20.645209
edf61bab03744a09aff310ffb08c5e64.jpg,Iceland,IS,63.952233,-16.844779
b15adbf73a474e528bf613cc34ab3d54.jpg,Iceland,IS,64.934786,-13.740428
a684ba94b74b4ce3a27eff895e6d77d4.jpg,Iceland,IS,65.610774,-23.209587
410c9aafc549465fa4ad37367b4937f0.jpg,Iceland,IS,63.646161,-18.419536
77471657378947c0841017d8533b0712.jpg,Iceland,IS,63.475532,-18.568852
a0ec71aa5d8a487f8b495fe911d3e56e.jpg,Iceland,IS,64.912182,-14.005282
d3067e73f7574d7982034d80091d55d4.jpg,Iceland,IS,66.064876,-19.038455
909a492a50fb4da1bebd03e1737e410d.jpg,Iceland,IS,66.105122,-23.074456
97a2e05a2b9a4cffa2d2d56899f18f64.jpg,Iceland,IS,65.20667,-13.882543
1143ddc7ebad4839a50caaac1f40cb26.jpg,Iceland,IS,66.128325,-18.895811
59e3e417067f49bbbcbf14f988b32ff5.jpg,Iceland,IS,65.522143,-22.417705
f09c360e288f4656b6551ddc8f2aa3fb.jpg,Iceland,IS,63.852085,-22.36296
687e05ec1986407db69cc51f3d8ea6a5.jpg,Iceland,IS,65.649107,-16.734022
1bc14d0648d14ab182c522e7c18f677c.jpg,Iceland,IS,65.896593,-18.069207
1fb59fc6c4ee44b9bbe3a5db8ceab7b8.jpg,Iceland,IS,65.988457,-22.943558
c555b21338bb4220adf661d7bbb443f8.jpg,Iceland,IS,63.839165,-22.434736
b597ac082f304c3ba9b1c9eb390566f3.jpg,Iceland,IS,65.362214,-14.866272
ba6c4a5656ca49a387e8bd69b2852f35.jpg,Iceland,IS,64.903645,-13.937835
f99c6db607444a53b1c1c7915c14f8c6.jpg,Iceland,IS,63.946051,-18.654935
0c785fb004774c7086529ac5f0af7d82.jpg,Iceland,IS,65.774139,-22.207743
b96f0554c1a2467eb6892ca7f91aa4c0.jpg,Iceland,IS,65.986516,-17.378163
2f42adce0408491daaf6d4fd4ed2221c.jpg,Iceland,IS,66.198104,-17.119832
448f09644f12461cb5ef3e613de39e9a.jpg,Iceland,IS,63.895745,-16.612111
34e497cdccfe4a17af4e57bcc2a98476.jpg,Iceland,IS,65.652924,-16.935315
6a21ced790e348e5a0c3392d5e922ba8.jpg,Iceland,IS,64.832545,-23.950144
6c781dd58b0a47dd8dfe00e889d60aaa.jpg,Iceland,IS,65.010891,-22.601685
642ef270098e4cecacc5acb43fd56e7b.jpg,Iceland,IS,65.746852,-19.643904
19c4a6aa3d4443d2aec3c7c4c2b69b57.jpg,Iceland,IS,65.572723,-20.654239
efe64392b1d3421ebe4a33fab24cb5f8.jpg,Iceland,IS,65.017134,-21.997924
1b66d66e6a964e8c860784cf4e11a252.jpg,Iceland,IS,65.907205,-19.396411
75f16653f96f4eed950276ca76831af1.jpg,Iceland,IS,63.547192,-19.744967
94d4e89611724267a9b567236896bd6e.jpg,Iceland,IS,65.593974,-22.956308
cad52e3f9432434999d613818471fbfc.jpg,Iceland,IS,65.744679,-22.084042
131e2fd50ec641a7a31f943d57e397a9.jpg,Iceland,IS,64.781125,-23.645431
6a7b4450cc884106aa0667ebf25e29bd.jpg,Iceland,IS,65.927027,-14.836149
e4b800d03ced46edad54faaebf14e2bd.jpg,Iceland,IS,65.654378,-17.855839
e1194bcbdea749e4979eaf451b811c69.jpg,Iceland,IS,65.275728,-14.444835
282b469440ed49a2b7bf8935b2fe922b.jpg,Iceland,IS,65.469095,-20.508172
8b03e1427df04619b784431aeed7bc62.jpg,Iceland,IS,63.849947,-22.372982
e2219dc2157545a3bf4e47f186c6fdbe.jpg,Iceland,IS,64.67435,-21.665322
c54025923cc9491cbe5d142375f5bc53.jpg,Iceland,IS,66.087491,-15.163192
2b4580997d6e416ab796bb89697a73d9.jpg,Iceland,IS,63.970189,-18.739441
dcad58841c9e4d16a52f76f56cdc08c7.jpg,Iceland,IS,65.427686,-14.613669
56b42a7aa3544c94a2cfa13d93707b02.jpg,Iceland,IS,65.464403,-20.526552
6243c399b0df404d95d01855ad7f82a1.jpg,Iceland,IS,63.424179,-18.768475
7cc1753eac6549ed96ba3be40da37508.jpg,Iceland,IS,65.58802,-16.940502
1ac7a969f91e412ba81debf5aece5e9a.jpg,Iceland,IS,64.292675,-21.424226
1628bb06151747b28bdd605f8529c3d9.jpg,Iceland,IS,65.290541,-21.746769
69a40fdece3c462bbe72b95e76688454.jpg,Iceland,IS,63.981125,-16.407766
311adaa394444291842296c03769a743.jpg,Iceland,IS,66.03148,-14.806878
488fc5f47127429ebd47a4ea8ead57af.jpg,Iceland,IS,65.943144,-18.426575
1bc8345cbe3746ceab9fd0366512e2ee.jpg,Iceland,IS,64.835651,-13.811599
af144a301031444eaf8c86150d612ad3.jpg,Iceland,IS,65.851588,-23.391747
92ff086cec9d429282f9a96bee5fe5a8.jpg,Iceland,IS,64.844912,-22.75492
2a3c7e338de5463c84b0f15bfe9eef87.jpg,Iceland,IS,65.590491,-22.962882
db3c0df57e0d4ed4b3e2be472c6baaf2.jpg,Iceland,IS,65.249567,-14.361441
ebaf9cbd01c2497c9c4718dded2cad63.jpg,Iceland,IS,65.732063,-19.645586
6907cda532e84ad09ed0abe9162ebbf3.jpg,Iceland,IS,66.008824,-22.933042
c8d6f3503ed6467bac8e7028aa1a32c8.jpg,Iceland,IS,64.903747,-13.923183
bf357d821df64cd3abd2b48cff9f8a8d.jpg,Iceland,IS,63.852498,-22.26444
4305f50ad6fb465cb80a51e8974aa4b4.jpg,Iceland,IS,64.848768,-21.496379
5d6208d045f742dc8556ac181df97d75.jpg,Iceland,IS,65.930239,-22.937684
b482b615509c430fb2d94aecdd61d069.jpg,Iceland,IS,63.478747,-19.369064
e4fa0d4f05a4482c8433dcadc7302eda.jpg,Iceland,IS,63.814322,-20.113456
0eb950d6cb474fe09c122c2412ff1011.jpg,Iceland,IS,64.909923,-13.99471
1640c720e16947e386f7c36a3f5fa568.jpg,Iceland,IS,63.842889,-22.402544
03ffa76f07444c6bb14e071171425505.jpg,Iceland,IS,64.899996,-13.897523
f81c5d3e6df44965acec549fa3dadc14.jpg,Iceland,IS,64.180994,-15.828245
89383ab8d73149239deaa8fcab831c0d.jpg,Iceland,IS,63.943798,-16.801992
be2cdeb1cb814fddaf5c2d8f876f8e12.jpg,Iceland,IS,66.170838,-23.417174
7206564441b44beaaacadccc8ac3d49b.jpg,Iceland,IS,65.142489,-14.735545
f0681f9b464c40b8a4f6db26a9297bca.jpg,Iceland,IS,63.870799,-22.423873
7947278a0e06406ebb8994aa31b36881.jpg,Iceland,IS,65.705039,-23.640206
da706dfa6bd44128a97b14b659962ca0.jpg,Iceland,IS,65.556807,-22.410746
477d34023ae445af9c519da29409b62b.jpg,Iceland,IS,65.98815,-16.408818
517e5d0af1084b2c848ab5e6e3353750.jpg,Iceland,IS,65.680334,-17.345093
b503119cc49840149c79ef02ca07fb53.jpg,Iceland,IS,65.941101,-22.469363
f3c40e0266ca4778809b2d5e95bac9e7.jpg,Iceland,IS,65.168712,-21.057501
443115031c82428f855d65575feb1fb5.jpg,Iceland,IS,65.354701,-14.937294
2932f044a2d340358fab6c9e8b17eba2.jpg,Iceland,IS,65.742277,-14.843945
927e06d037d64c90836b045601424586.jpg,Iceland,IS,65.587265,-20.069707
dd8fa34216e44561a916ddedf3836ea1.jpg,Iceland,IS,65.447901,-21.902775
7e459b22e2894589a0579c954d254191.jpg,Iceland,IS,65.242388,-21.769507
1137c7b3bffb4427bf388ae9e811d23a.jpg,Iceland,IS,63.851573,-22.030376
735f6e0f7db5432b8212d630deefe719.jpg,Iceland,IS,66.079521,-17.327381
f25cc5b258db4ca5a70e9a9c399e18a7.jpg,Iceland,IS,63.52851,-18.468825
aeca9a2bd21d4086b8a90da3ab4de21a.jpg,Iceland,IS,63.961375,-16.860194
c483ab8236984984b7ac60d5f9b86d3c.jpg,Iceland,IS,65.559466,-15.373686
008aaac423a34be6bf455d8433560fe5.jpg,Iceland,IS,66.01157,-19.387095
59c4d444ff4048d28010e882e7c21c86.jpg,Iceland,IS,63.852255,-22.114258
c60c76a08ef44fd893557b1401aed735.jpg,Iceland,IS,65.649881,-19.552607
9dd9a8cf7acc456ea5e6b197ad80fda6.jpg,Iceland,IS,66.126602,-18.891686
6d108596f9654fb1b21e0c6a6d529a31.jpg,Iceland,IS,64.80067,-13.991081
889cae1384514eba957e67baf99e9090.jpg,Iceland,IS,65.622719,-16.884384
1c1e4d667f954ec49a850dcf3b74b0a9.jpg,Iceland,IS,63.831391,-22.504548
b970983c33044556a8e780b6a1544219.jpg,Iceland,IS,63.985057,-20.573334
d40a3cd5dfe5424b9ebd9050abed927d.jpg,Iceland,IS,65.405404,-20.633793
90712db9a18e4fa282bdcfb6907738fd.jpg,Iceland,IS,66.009183,-14.87878
ffb7400457c7451ab0c38b3bc7ad161a.jpg,Iceland,IS,65.739633,-23.820766
8bed58255c7341e88cba667e1e6eb775.jpg,Iceland,IS,65.990386,-17.379438
2b597e1bd2694fc8bf2c893996b5cb96.jpg,Iceland,IS,63.467972,-18.598068
43d6daf806044dd6a0a4ab470043455d.jpg,Iceland,IS,65.872224,-22.393571
2a2684d16bfa4c108a90d4040c764e30.jpg,Iceland,IS,65.561665,-22.186518
503a57fbe2b14b81b0293cbb0827525b.jpg,Iceland,IS,64.959747,-14.171955
2ef33219a05f4d3099bad3ac26e39d26.jpg,Iceland,IS,63.861373,-21.901124
deb52e9dae734b84ab2232623360f8f9.jpg,Iceland,IS,65.448396,-21.904555
ae35bfd932de4cb7914bd2581698a70e.jpg,Iceland,IS,63.487348,-18.536103
200b6e583d0c4415b628b629c8784a32.jpg,Iceland,IS,63.990751,-16.391287
91e4c0875b3b4c32afa4dfbeec711560.jpg,Iceland,IS,66.030732,-19.364741
09c2b2161fb1443d9e1e37d46066dd9d.jpg,Iceland,IS,64.369062,-15.312567
1c55200ed2ce4650a516021999c6989b.jpg,Iceland,IS,65.885434,-19.387353
9f53598ef0044997a321318347e0a7be.jpg,Iceland,IS,63.520162,-18.47688
ad79622c234942a7bc760d821e19b18c.jpg,Iceland,IS,63.847535,-22.378925
92d6511432274428ad9c8be3ffb74a5e.jpg,Iceland,IS,65.079903,-21.096759
410edccbef41477292e7fd94a6b61ea7.jpg,Iceland,IS,65.094961,-21.09051
662f4e3e06734148a8e6da2d82ebce97.jpg,Iceland,IS,63.566805,-18.446399
8035a64ca06a4c458ed971a1b3bba08c.jpg,Iceland,IS,65.205097,-14.487893
bde40322ce6e4969bb21499e8857a624.jpg,Iceland,IS,63.843817,-22.424271
b8faebf1c0d64eefa10bf0899df2ec1f.jpg,Iceland,IS,63.923894,-21.359713
95715c8324bb46a1a239a4751aa6b0cb.jpg,Iceland,IS,65.728739,-20.2123
cd800fd376724e9982f384a4e5e02d5d.jpg,Iceland,IS,65.631008,-23.291513
8d4576c577e948478f68b6489d3c2ecf.jpg,Iceland,IS,63.429258,-18.768639
83869dda68554de8accc0137cb682ce2.jpg,Iceland,IS,65.827414,-14.842555
0dbf5964fd334ed7af85de2e3434cd78.jpg,Iceland,IS,65.89799,-18.067247
dad3a8d6846e4b1985f6928b2494e1ac.jpg,Iceland,IS,65.493457,-21.892925
faa5a8b99a3d4bc094c6970892f4aa23.jpg,Iceland,IS,64.779538,-23.644818
8effb42fe55e45019240cbbc3b13a564.jpg,Iceland,IS,65.622401,-23.474085
b68ab346cb8f4a25829256730051f229.jpg,Iceland,IS,65.212108,-14.605302
4915e69674d345539b4898342d8a8785.jpg,Iceland,IS,65.697332,-17.032212
9c27b34830fb419fafb6045c2760905d.jpg,Iceland,IS,66.565602,-18.019812
12bd0d2049c34379b1281fbf49ab8dc7.jpg,Iceland,IS,65.50664,-21.880035
e07f3ebdcad84f19b215ef6ea404f706.jpg,Iceland,IS,65.733884,-14.859265
a92023e9142b48439084aee63b4af8d7.jpg,Iceland,IS,65.999136,-22.940159
5819a195536540889ad33023d51c9fd7.jpg,Iceland,IS,65.739495,-23.820412
9ad567a94c0242449e69ed15d44d92a4.jpg,Iceland,IS,63.646774,-18.419041
2256987df64748a19edba5afa5391075.jpg,Iceland,IS,65.496183,-23.955158
17aba25167d1493eb359ac9defb76a14.jpg,Iceland,IS,64.416504,-14.538021
b897a3513ad94a19aa7ae973ddb6aa1e.jpg,Iceland,IS,63.84916,-22.210397
9accef3801ba424c81d6c69b6cb4b794.jpg,Iceland,IS,64.328927,-14.935126
3d55a1be72d94436a99b5f1a10320f82.jpg,Iceland,IS,65.444589,-20.689137
3fa5e191030840e7bd7cea6c63b2c9cb.jpg,Iceland,IS,65.689603,-23.192717
c0d3289b5d0447599404ea82aefef45f.jpg,Iceland,IS,63.564236,-18.445589
9f44d68c30ed439e9ce57cf3ecd048c1.jpg,Iceland,IS,65.637273,-14.995831
3734a947ec334713986c07e43464244b.jpg,Iceland,IS,65.45001,-19.217427
892cbddf1f99471daf94e11f1e42c4e2.jpg,Iceland,IS,63.541128,-18.455069
42f3b1ba3a694395ae2a5a24e9f079df.jpg,Iceland,IS,63.951738,-16.843062
c63f424278da40ceaa136f5991e24923.jpg,Iceland,IS,65.575295,-19.343319
3d0cc2ae29fe4d4c9c6edef27f195b32.jpg,Iceland,IS,66.565268,-18.018131
53f5d2e3b9b54b0fab32fe0beb40cfa1.jpg,Iceland,IS,63.467559,-18.891662
50b7aa61652a4ee086df7232d1ab8110.jpg,Iceland,IS,65.765876,-17.91008
d39f92ad9cc4423ab5a0d5f08e9b8917.jpg,Iceland,IS,65.769069,-23.927239
9139d83ed12a47f9872c94fb12a1c8a1.jpg,Iceland,IS,65.848367,-17.492047
3f1a9cde015b41d685f867c1e923f6ad.jpg,Iceland,IS,65.432057,-21.889582
27bc5f84bc724be29b3c1e74c19fdd02.jpg,Iceland,IS,64.813266,-23.950678
474cb50379184cc6bb882b2e91748ab6.jpg,Iceland,IS,65.414802,-14.569327
63420e02f9ff41889873e5b30e082637.jpg,Iceland,IS,66.007947,-14.874095
d356709ac0454ab59e597399cc874e3e.jpg,Iceland,IS,65.713411,-17.057121
3baae3c6aa5e485b8fe487db4c19abf4.jpg,Iceland,IS,65.554549,-22.3615
c6724e12c949493b96462c00158d5fdf.jpg,Iceland,IS,66.166371,-18.988946
e90a81568d744b6888759cd519396580.jpg,Iceland,IS,65.965858,-23.063138
0e9cfb53411c4cbbbca8d17f78910a51.jpg,Iceland,IS,65.723605,-14.778215
0c8090c6b72a4779aa908b00f36f61f1.jpg,Iceland,IS,64.822637,-21.388155
6391cb595c514ae184f3823d57c3539c.jpg,Iceland,IS,64.737515,-23.775885
301dedbef035438696c97ae3b5914b0d.jpg,Iceland,IS,65.654307,-23.252679
409f968c5fc642ae8d37478a956e4079.jpg,Iceland,IS,65.492461,-21.893478
c5debb7009324e82ad36e52320372e4f.jpg,Iceland,IS,64.791456,-14.003116
a1bce705b1f945a8a3d474b597058725.jpg,Iceland,IS,65.62306,-19.368048
2011d99bd9b8446ca2397730c7b5f52f.jpg,Iceland,IS,65.837072,-19.355966
378c7a955f574de0ad6caed24296b300.jpg,Iceland,IS,63.483745,-20.176067
452ee71b21ba492e8c824e4e008d0e1b.jpg,Iceland,IS,64.513113,-21.541816
849be1ba525248d48b9263a227f89c76.jpg,Iceland,IS,64.710209,-14.319509
a3e754bdf1a0459d838e2c7370193be0.jpg,Iceland,IS,65.476516,-19.2753
9079f6b3465642a2a9f49aea68230a5a.jpg,Iceland,IS,65.751023,-19.178236
5ef14357b2d140829a0157e9cc0293a9.jpg,Iceland,IS,65.768288,-16.399688
f48ea79b78574b708ca4a75a9345d46a.jpg,Iceland,IS,64.744438,-23.809086
b69d494d63a349a7b535e66cba2efe32.jpg,Iceland,IS,64.118252,-16.080174
71234600632142c3856824c502b223fd.jpg,Iceland,IS,65.689862,-23.192854
e0b42abee91940a09e83989c8d7d2d57.jpg,Iceland,IS,65.916609,-22.965922
ae30d8a7775542f8bb87a77e503d374c.jpg,Iceland,IS,64.416895,-14.588153
32f04227f47c4d4ca735d6afe9c171dd.jpg,Iceland,IS,64.790832,-14.013726
ded1c03823764c28b1478b911ac4775b.jpg,Iceland,IS,65.249274,-14.359948
292e9f349f5b4e458330dda66485ea27.jpg,Iceland,IS,65.31446,-21.744239
452f956bd2934ea2818e6436c85e726c.jpg,Iceland,IS,64.912407,-23.800747
6ad8a8a193cd428789e6ee01db25160f.jpg,Iceland,IS,66.184741,-18.941231
10458cea54e84b62905d630b4b199cda.jpg,Iceland,IS,64.122871,-16.072287
fadab2104f2942c8a0eb610632642890.jpg,Iceland,IS,63.990542,-18.923977
71683a6ec66145c8af49057fc9437010.jpg,Iceland,IS,65.765719,-20.2576
8741fb202a2f4296891629fc6d0b54e3.jpg,Iceland,IS,65.377849,-14.530702
1f06ca8f03c247939beb68c3511da11e.jpg,Iceland,IS,65.948285,-18.151452
76c1919fa9494635a2cc0f80a9d7b1c6.jpg,Iceland,IS,65.590633,-17.16039
dd28d87a03084421bc2662597be58ddd.jpg,Iceland,IS,65.718157,-19.375574
d0eee4521fe2436e8093a7a4bcf4ec46.jpg,Iceland,IS,65.668297,-19.596623
567536d8cef344ed92aadb5271c7d8e0.jpg,Iceland,IS,65.641213,-20.295537
343c22d81784457cbf5531a0164a657f.jpg,Iceland,IS,63.843902,-22.41503
635af73df9bf49e480927096a2af9fc6.jpg,Iceland,IS,65.03781,-22.754768
563c8d6a1dc94a4f8988aec1d6e9ce35.jpg,Iceland,IS,63.843724,-22.409829
067095dd704b4b368d3e489913525b8a.jpg,Iceland,IS,65.204165,-13.814302
7ae2fbcd015243b4b93ec0857c80d451.jpg,Iceland,IS,63.549462,-18.448875
9eb98fc158c64f2d9f2bb7ebeba09ed0.jpg,Iceland,IS,64.965791,-22.895596
e7917ffa350d427fb986d569b41f90b4.jpg,Iceland,IS,65.412002,-14.555716
5c90e2570fc84b73a706b79cbc969bb7.jpg,Iceland,IS,65.563596,-19.966594
c4f4ee14102044e38ba6c87524c44990.jpg,Iceland,IS,65.047173,-13.916627
ae26c6cea1214944bfd1275acdd5f7a6.jpg,Iceland,IS,64.201828,-15.736508
b8d514cc331940a08cfef76519e80aeb.jpg,Iceland,IS,65.584005,-23.149637
695a487530c74d43bf29b4760c6aebf4.jpg,Iceland,IS,65.762919,-19.658481
0dafe2d6fc90479da26447798f64693f.jpg,Iceland,IS,65.926596,-22.438013
e1fdbf3480314ead86bc7f0292158b24.jpg,Iceland,IS,63.684705,-20.175899
de6203b2b585439c9bd1e8f5e9a98e62.jpg,Iceland,IS,65.915605,-22.966814
8f88ad341253457484e1f0c340ab01c4.jpg,Iceland,IS,64.838396,-22.442455
fe74cb85e81f4efc843f9d4db7687502.jpg,Iceland,IS,63.852789,-22.361325
fbe9de6aa946421ab9c395e4b1e76f59.jpg,Iceland,IS,65.191485,-14.013813
b3e9acfa59d94a5c99f25ed1ae0875f6.jpg,Iceland,IS,63.843436,-22.407855
a9facce028494588881d170ea10e4d1b.jpg,Iceland,IS,63.84336,-22.43187
b03fc50ef675462c9cc24e0a1d4aa8fe.jpg,Iceland,IS,63.530374,-18.467368
5bcc4b3acbd648efbc2de5ab1cfe0c9c.jpg,Iceland,IS,63.520838,-18.47613
57febd35483a44aaa41b99eb6064ee7b.jpg,Iceland,IS,64.820298,-21.393362
7d6a6e2aa4fc4fc4a9386aba6962e533.jpg,Iceland,IS,65.045823,-21.097105
91bf54cfd85d4b6cb42367475b678c39.jpg,Iceland,IS,63.639137,-20.047058
6e08b7fa69b54da99e72120a37c343c3.jpg,Iceland,IS,66.135107,-18.929184
96a38a3843a54e389cdc3774da9d3548.jpg,Iceland,IS,66.161657,-17.233965
46749689365f4e73a846a5db9722f612.jpg,Iceland,IS,65.485469,-23.251026
96dc7c8c05354b54a7612b851ed5a8d0.jpg,Iceland,IS,64.610841,-21.813335
6ae2fc7f747744ce8693154d1384953d.jpg,Iceland,IS,65.745342,-19.362416
c0c49d15801840bf98373fad1fd80c02.jpg,Iceland,IS,66.565946,-18.020466
d0bf2aba011e4dc2ad1fa643df719ae2.jpg,Iceland,IS,64.946968,-14.115853
ca28d822d1b545b09a75913215e32cf2.jpg,Iceland,IS,65.732172,-19.637462
1c522e9fe8794f5a86703c8a03b7518c.jpg,Iceland,IS,63.545892,-19.731498
41b3ce157ae84b48bad7fcfc0d2b5bc9.jpg,Iceland,IS,63.839884,-22.427676
0facfce8cded4ffeb9a5c0a1d5394d21.jpg,Iceland,IS,64.794654,-14.007301
83d1b8e41f0f46ddada8a873d6246ed7.jpg,Iceland,IS,65.645028,-20.294616
f2fc804e4577464d86503714b3d31cb2.jpg,Iceland,IS,63.819151,-22.557148
5339ed2aec5948298f8be96781b965cf.jpg,Iceland,IS,66.006328,-19.395517
fe9c38499bf44967a4585336e2e5c79d.jpg,Iceland,IS,65.5813,-18.538849
4331136eca844984bae96db2158791c6.jpg,Iceland,IS,65.86159,-22.305459
152991018a9a47fe8806f7eeeae4a1aa.jpg,Iceland,IS,65.609615,-19.353769
45e6eb69315c4be18a618f09b823c8f4.jpg,Iceland,IS,66.090908,-17.315833
ffd50e847a4a4b80b3ddf237088eb9d8.jpg,Iceland,IS,65.207832,-21.387564
817eb5392add4aa790a79d986e17ca6e.jpg,Iceland,IS,64.910588,-13.742746
e747315375054d8fa52d7febc962cb5d.jpg,Iceland,IS,65.938823,-17.309862
72a78b50bbf841909fa2d1a1cbde169e.jpg,Iceland,IS,66.025335,-14.808961
78a604d4063040308f65c8519fe3b11c.jpg,Iceland,IS,64.626301,-21.467498
6c1bbf81792e40029335c191a83ecbb8.jpg,Iceland,IS,63.690435,-18.337182
9aa3f49d3c734246920eb4e91798d21c.jpg,Iceland,IS,65.841204,-18.252043
78a19dbf18734c4781d4910d65a4baab.jpg,Iceland,IS,65.420121,-14.587878
ae67384d50d44a11b0d7ccfc690a402b.jpg,Iceland,IS,63.878588,-21.22211
b52ac53cc63649e881b0d3216037537b.jpg,Iceland,IS,64.27838,-15.034638
7de5a046c20247b8ad627060f704f8a8.jpg,Iceland,IS,65.491433,-23.213946
90f174ff3ab94da89c8451ff048e70a9.jpg,Iceland,IS,66.084803,-15.145187
01ca771cd492488aa068bdf46f79b6e9.jpg,Iceland,IS,65.492488,-23.648453
68db775651e7432c9f674cde6e6a3da7.jpg,Iceland,IS,65.863942,-19.375504
d46f4099498546e6b5805cd68b909f79.jpg,Iceland,IS,64.183756,-15.81911
cb38c4d4a54e48f69761d6fe1cb24b76.jpg,Iceland,IS,63.960528,-21.262063
d8daf6fee1e84f6c98ffe778aa3aa12a.jpg,Iceland,IS,63.633781,-18.432228
42ae498eaff64b8d8be4899bc3a3048d.jpg,Iceland,IS,65.665402,-14.996241
b60683ef3ebb43f8ad044a9edd1449cd.jpg,Iceland,IS,64.82904,-23.467422
31a32521b7d54e14a660b500a27d5a4d.jpg,Iceland,IS,64.883816,-13.818665
5273a3b794874be4bbdfef39442d16d8.jpg,Iceland,IS,65.764413,-14.825045
bb8a8ca271f24e729e51d0c6dc04f603.jpg,Iceland,IS,64.178474,-15.867354
2a0a1ecfb8994bf19bce7fa1b3f2dd48.jpg,Iceland,IS,65.900993,-18.061126
369259f582c0418586f9ac0429f68f57.jpg,Iceland,IS,65.013299,-14.114524
eeb58e3fb7eb4c39938aaca45cafe664.jpg,Iceland,IS,64.826734,-13.929454
e6048e1c5c6148b594abef0b0e7b7a8f.jpg,Iceland,IS,65.248194,-14.356785
024f8bbb735344c2a20ba35ebbd04a04.jpg,Iceland,IS,65.364323,-14.850339
0bb6879ed1e8445aadb48439835cf700.jpg,Iceland,IS,64.773841,-23.884151
09a987a082e24f9e92f1129d027f30c6.jpg,Iceland,IS,65.857128,-23.315433
0ab06fd094e4402e9e9332dbcaee7d96.jpg,Iceland,IS,63.456382,-18.634777
1d282dba112b440091805655e9e613c5.jpg,Iceland,IS,63.819319,-22.556489
ba2e76321bd84a8e88f7ef225382afc2.jpg,Iceland,IS,65.109178,-14.329833
40bb2b81b78f4041825d6fac49051cc1.jpg,Iceland,IS,66.083778,-17.322374
47c636b90903435ebdc2b06fd330d419.jpg,Iceland,IS,66.020685,-23.378411
3e3867fde4e74b9286bb5cf70c1b2a65.jpg,Iceland,IS,63.893207,-16.61787
00d64b744239408da717b32664e07284.jpg,Iceland,IS,65.222486,-14.349844
c65306fc0a304d6eac4395bb02fb16b7.jpg,Iceland,IS,65.037289,-21.093766
95f87e5e447d402b872b7176db6d98bf.jpg,Iceland,IS,65.541558,-19.914065
e1063277646f4f99b1f88a710442020f.jpg,Iceland,IS,65.747192,-17.131555
381a6f8e649c4c3dba45237ca290dcf9.jpg,Iceland,IS,66.179326,-18.969438
7d46178de4fb41d9acc06bd21fdd7727.jpg,Iceland,IS,65.164719,-14.190469
25d9a16c6f1242acb52c7c9cc0aa9fd0.jpg,Iceland,IS,64.834871,-22.83082
0693de559a1f4e60a4c7e7ea619de42f.jpg,Iceland,IS,65.99501,-17.378977
809785b9b83b43da8407911d773d1e1e.jpg,Iceland,IS,66.072837,-19.250017
bcc171fd72634ec58be95c5f06e57aeb.jpg,Iceland,IS,64.362705,-15.33723
e32add7fd2944284b5d870e6d4ca2c35.jpg,Iceland,IS,65.516365,-23.719771
91916dbb1a9d484782697b43fa606fa6.jpg,Iceland,IS,63.846113,-22.434733
bcd00511789d4fe3ae21ec589175d11b.jpg,Iceland,IS,65.534,-19.895781
fe849b0a0f7243b895ea792b107f6021.jpg,Iceland,IS,63.889683,-20.784484
74067f37a5244bcea3c13bb5937b68c3.jpg,Iceland,IS,65.738799,-22.016716
a0ce1e43dba64063acbe59a37621d2a7.jpg,Iceland,IS,63.678188,-20.15654
8783934d122f4199922435df56319ea7.jpg,Iceland,IS,64.815584,-23.955016
ea1c6eed732c4022bb0b6cdbfb28185c.jpg,Iceland,IS,65.224854,-14.349365
5d73b04a0dab41c0b6c36a752caa58c9.jpg,Iceland,IS,65.937498,-18.401524
11c3f2b020594ecba4a988ca9ea12e6f.jpg,Iceland,IS,64.796828,-14.0202
73e846ee54784a078f8c6f804a569d3b.jpg,Iceland,IS,65.811202,-22.518352
7ca634597e23400bbb077e0b6e43f8e0.jpg,Iceland,IS,63.917892,-16.511339
a56409649eee47fdb7deb7bb2f06339a.jpg,Iceland,IS,63.54086,-18.455383
f01d0b07371d4bc184b89b9f4e752d1d.jpg,Iceland,IS,63.430568,-18.769079
b3fd1fd8880d4b34bda71fee9d13a0a3.jpg,Iceland,IS,64.932154,-14.05935
97a64c53c1a743a7906a19ea16c4d801.jpg,Iceland,IS,64.6716,-21.625595
08520d157ded42c9b7701b57cc654ca1.jpg,Iceland,IS,65.710698,-23.701045
8d390fad3491444ab6b4e114cb54bc21.jpg,Iceland,IS,65.235943,-14.453744
ddd1aa3f222e42d7923580e79f1bca6b.jpg,Iceland,IS,64.968644,-13.856102
005e9cb7fd5b4024b5815614a701dfa5.jpg,Iceland,IS,65.550691,-23.115731
af10f06ccada4ed0a6051f15f6cf98fc.jpg,Iceland,IS,65.285875,-14.430235
a68aea4776444077af93d518ca0e7725.jpg,Iceland,IS,64.527991,-14.541611
c1cbb1813a1949bf8122fea483278b7f.jpg,Iceland,IS,65.983133,-22.856357
56166560adf14c22bc63def31428ea67.jpg,Iceland,IS,64.744258,-14.437627
790922767152460b8bd217ed69936a2f.jpg,Iceland,IS,63.539264,-18.457464
8592c1bce92343bb827b6d2e363ae542.jpg,Iceland,IS,66.125696,-18.888237
4983ba3dbd0244fd96818e708363417a.jpg,Iceland,IS,65.459218,-19.241216
a640b0c0bc254899973a19f23ddabe22.jpg,Iceland,IS,64.941332,-22.904077
1e110a49a9b54fb4aaefe70e2d50af1e.jpg,Iceland,IS,63.486053,-19.339861
e6e4d0dec2b14d34952fc918a4966975.jpg,Iceland,IS,63.463536,-18.610843
b162cf29f4f94724a0ab1fe8c98965a8.jpg,Iceland,IS,63.965004,-16.861116
dab5ab4108ce40d88db672b6218b4c9e.jpg,Iceland,IS,65.347791,-20.841971
b6f85673ecda4de4a9edacf474235226.jpg,Iceland,IS,64.287983,-15.148427
26c2bd20916e4691a050d7b6807140ae.jpg,Iceland,IS,66.035971,-18.523542
c72792bb35f64be09e8d650f266c47c9.jpg,Iceland,IS,65.764133,-23.918904
425822929d7e4e85bdfe1253d93e172c.jpg,Iceland,IS,64.938218,-14.093906
78bf3b301cab4df1ae81e9dec3a1bb5d.jpg,Iceland,IS,64.754665,-22.248431
cf22ee9134174fe580d2fdfbc68fcb79.jpg,Iceland,IS,63.917507,-21.360853
2674c430b8824f1e8c534a30cd3d72f5.jpg,Iceland,IS,63.628521,-18.438774
430509ffcb564a7a825a4170c151d10d.jpg,Iceland,IS,64.912267,-14.006476
85d3e6a0238b4da1827ba09c65187427.jpg,Iceland,IS,65.91063,-18.304795
c536c9993aeb4960b8cbba72f7d34dd5.jpg,Iceland,IS,63.83821,-22.437933
6b95be0f5ead41378892e663c6fcd3c4.jpg,Iceland,IS,65.820387,-17.356904
e320bbf8a375421c832ccc5323608072.jpg,Iceland,IS,65.749459,-23.843698
36fd01f799dc4a099ea151bf89decf4d.jpg,Iceland,IS,65.710488,-19.375733
c641885ca9d24ad3afe5ca1974a0be99.jpg,Iceland,IS,64.091349,-19.07027
16dc5bf774744ac8b4239150c97ef086.jpg,Iceland,IS,63.630728,-18.436014
6c3274cfc6c545f597dc5895368d2020.jpg,Iceland,IS,63.840114,-22.429127
76ba6cc7f6f64b779e7afdd13ee32832.jpg,Iceland,IS,65.355285,-14.919775
70df22c67b4048d3aacb15843e13fa92.jpg,Iceland,IS,66.07504,-19.232384
f45d363d946a49838405f0d1719b4cdf.jpg,Iceland,IS,65.245466,-14.440706
4fce3527f13f489eabb91f7bb5ef59be.jpg,Iceland,IS,64.192504,-20.946718
5f1dee056b384792a9905483085187a2.jpg,Iceland,IS,65.944858,-18.432526
68ed61642bbc4bbca17551a95cce8dee.jpg,Iceland,IS,65.377373,-14.761636
174aa59bde4343fa8943e8736e5c91ee.jpg,Iceland,IS,63.482903,-19.329734
0e6073b9ceab4615af9003bb7bfc24a8.jpg,Iceland,IS,64.470019,-21.518989
d22b960d66fc496da24d9420d07233b3.jpg,Iceland,IS,65.936153,-22.931375
3eba44b5e7584f49ad951121ddd05b99.jpg,Iceland,IS,66.049215,-16.605186
a079dc4e7ec94f0eab97665652973c60.jpg,Iceland,IS,64.82253,-22.488772
a85e5c7b8df44a9298e31c150df1e839.jpg,Iceland,IS,65.012197,-21.835425
5263b460f2784b39bbf2f77c2731d868.jpg,Iceland,IS,65.818557,-18.236313
81b10f8706774973b82e84e4d0231a05.jpg,Iceland,IS,63.945431,-16.807802
f74f4dc3e18c4fc082d71c5ee4e4a93f.jpg,Iceland,IS,63.982617,-16.871888
c19694f0ac144a1881041eda0efc5a76.jpg,Iceland,IS,65.560905,-22.429463
d9895868415642ba8828e9e0aa3cac84.jpg,Iceland,IS,64.518307,-14.548117
d33ac2cbe8334b6e9042f22dd2794f25.jpg,Iceland,IS,65.645611,-23.68849
8299e0f9cd8b450ab631738410712ca9.jpg,Iceland,IS,65.937757,-14.83553
da9150f8e12f498dbbb0446cc901d562.jpg,Iceland,IS,63.507824,-18.860086
d89a220c9a7f49c7bdefecffa267b725.jpg,Iceland,IS,65.757099,-19.273952
3791c47919254c5bb2d6c1643d9c971b.jpg,Iceland,IS,65.797196,-19.938254
b32daf1df7794b2dbea689c5d3b44c69.jpg,Iceland,IS,65.569417,-23.17837
889d2dbe636948369c5e441f017fd36a.jpg,Iceland,IS,64.903414,-23.925787
63545ff8ec3b406b85d9ffa4c7270daf.jpg,Iceland,IS,65.540946,-22.414205
7516df3eff874dbda1c1c83717067dff.jpg,Iceland,IS,63.950486,-16.831054
7d391d39dbee4fc59f12dfe292254d61.jpg,Iceland,IS,63.69813,-20.208479
46cd094dd3b64ed394aa07adf834ac89.jpg,Iceland,IS,65.878805,-17.493162
32ae689a4c90437b897cc36475034f46.jpg,Iceland,IS,64.620365,-22.051724
e3645317ee4c40238a4b9612c724c164.jpg,Iceland,IS,64.498258,-14.476584
7230791434d741099d52789bb1e00aad.jpg,Iceland,IS,65.943556,-16.568617
0a11ff56e8424d20919af02d94f52fdb.jpg,Iceland,IS,65.883173,-16.541364
7ea0a636c3f44f3c96ffb7f38e829ea0.jpg,Iceland,IS,65.508431,-18.609608
f2f739861c824b399812b94fcfe73981.jpg,Iceland,IS,63.601536,-19.983192
dab62c99cccb4bed96f8ed885ff4e9e6.jpg,Iceland,IS,65.546337,-20.344022
f039f124b7cb4eb6bcc29cab4a6ee214.jpg,Iceland,IS,63.986265,-18.909235
5536bd58d88741d88bed55cf18024460.jpg,Iceland,IS,63.971963,-18.741266
d0325522a2e5420582df535e0a22119e.jpg,Iceland,IS,64.503405,-14.489529
11134130c82b480fb5564b262b053a4f.jpg,Iceland,IS,64.834836,-22.449557
1bd33d64f7c14e9f863d22c6ebefbd9f.jpg,Iceland,IS,63.474913,-18.571192
8329c0f3c4734d5aab6a5d6cf972211e.jpg,Iceland,IS,64.847656,-22.667702
c0eaf207b1db45e7bc548b4f95888813.jpg,Iceland,IS,65.807319,-17.563097
9216acfc1f8841c6afe9f214e85cb4e5.jpg,Iceland,IS,63.958325,-20.67126
8cde5ac94a464be487d41deeda12913e.jpg,Iceland,IS,65.813049,-19.328448
d8aaec5f7c714a99be5e81dcd9e74389.jpg,Iceland,IS,65.546459,-18.074114
9713fef8d78b44ca884e3fd89ff68d42.jpg,Iceland,IS,63.837571,-22.437923
9852e6bf642a4d10824ce14dfc60e517.jpg,Iceland,IS,65.220529,-14.350183
76b75b163dd44fc38a65ccec97b4ec39.jpg,Iceland,IS,65.606701,-20.310419
50b532144f8b49c399e1d00ca0204db1.jpg,Iceland,IS,65.761556,-21.752328
844e9170c833486b8996728338e491de.jpg,Iceland,IS,65.676264,-16.782004
cf0062a0897d4ccdaeea793a05447ddc.jpg,Iceland,IS,63.530241,-19.61354
e43bbf17a7b24c3189b3296b4ba89500.jpg,Iceland,IS,63.87892,-21.209955
d9cc8326650941b6a395942742de4345.jpg,Iceland,IS,65.752018,-23.856479
396a6d913161430dbc04463013721c37.jpg,Iceland,IS,66.015164,-14.8935
e3b6e1e5e8fc4b17820420d02f2f51dc.jpg,Iceland,IS,64.420061,-21.5914
a34d32c4fab0463ca1869885c04a31da.jpg,Iceland,IS,64.313924,-20.266064
4339adbe84e143c8bbc37cfc349d4b9e.jpg,Iceland,IS,65.801715,-20.262154
f582ad89602c42d3bd7bfecce08c9d1d.jpg,Iceland,IS,64.79304,-14.004019
189fe36fd1af49f7a9d19526d44af99e.jpg,Iceland,IS,65.72455,-17.375018
ce3abbae1d6642029a1af83e7368bd82.jpg,Iceland,IS,64.807618,-23.009311
697b607b06584a49ad842fb95d1fe528.jpg,Iceland,IS,65.568092,-18.546551
af5d1701d83848119c9c3f5f90485dca.jpg,Iceland,IS,65.611615,-20.306864
b9ac1621dad443579ba6464596ad373e.jpg,Iceland,IS,65.518832,-18.599921
60fb11bc0acf4e95afa13fe5d09a8e0f.jpg,Iceland,IS,64.951997,-14.139647
888032c378e24c7b873862d7facbfcc9.jpg,Iceland,IS,65.914164,-16.396201
c5d8f69d4c434a20a34355f0d7d2157d.jpg,Iceland,IS,65.300048,-15.286266
c8d6393e4da34945be538fb977902b45.jpg,Iceland,IS,66.059878,-19.137073
c05644dbf52e4c4da0fb82207a4b4b76.jpg,Iceland,IS,64.988235,-22.655239
0dbc1cda213b446fb9f6f97c7d4efd8b.jpg,Iceland,IS,66.059589,-19.136052
0c1c78c220514ad1b05238b8a7a9e844.jpg,Iceland,IS,65.881348,-22.300504
629750f5ad814d3f905a30c35d8276d8.jpg,Iceland,IS,64.857774,-23.909782
ba60762cfa7c4ab7853277140858031b.jpg,Iceland,IS,63.888817,-16.624079
8dbae3f1c0524b358c15c972c01f2d4a.jpg,Iceland,IS,65.60288,-20.110525
eacca64f5dcb4bc49c8b2b6024357934.jpg,Iceland,IS,63.48638,-18.537891
7a685cce8af74e9e8ffd406d5193e7c6.jpg,Iceland,IS,65.611402,-22.802872
02a02543f8e04e9099d86e8d3531d175.jpg,Iceland,IS,65.207334,-21.394387
adbf0740e1384e869522e0bc734c1816.jpg,Iceland,IS,64.827938,-22.520807
3e34f71c075b41ffb2d03b0bc125b402.jpg,Iceland,IS,64.814355,-23.138469
69a3a724853d45298e8f2a0fa1dbe604.jpg,Iceland,IS,65.675744,-20.684976
82f0df8ea82d4dfa96cfe2255ddd1af4.jpg,Iceland,IS,65.519996,-23.418932
be0cf3a0078044fca10f8e0ab1a85536.jpg,Iceland,IS,65.045783,-22.757004
1527e75841ad4582ae517b7666551689.jpg,Iceland,IS,65.762811,-22.167692
dbff8be73c5a4ed88aff2eefa0ef2224.jpg,Iceland,IS,65.446993,-18.9967
637a411cb1dd4ddd98d0f9804040114a.jpg,Iceland,IS,64.946517,-23.446352
dbc7f7e3b0474914a16a712519057dcb.jpg,Iceland,IS,66.078519,-19.052722
cf25d06613e14e369a42df6174e252ee.jpg,Iceland,IS,65.550102,-19.341684
405b39164f4c42398d6a3a4523f67996.jpg,Iceland,IS,63.441663,-18.753071
a7c586007e1148a19da6d801e907d02e.jpg,Iceland,IS,64.290192,-15.088645
0b4fb2c121ac479497f640a063c833c4.jpg,Iceland,IS,64.256819,-21.368206
316048b52f1a413dbbfebe3865ee4d24.jpg,Iceland,IS,63.850238,-22.439286
26717c06d88c44568169ddfa4200295a.jpg,Iceland,IS,65.549995,-22.423803
560a4ca0db594e799e41c3a6b383b7f7.jpg,Iceland,IS,65.848037,-18.202018
854b33efa8c14f5b9261d04f40b264ea.jpg,Iceland,IS,65.608042,-23.781837
a6871cbdc499405f982cc51b2f1de0dd.jpg,Iceland,IS,65.47706,-19.276229
8dbe933f34b04aa299cddde5059e39b7.jpg,Iceland,IS,63.662148,-20.106536
2f5534a9e7bb4fd7bcf53fa8a167b530.jpg,Italy,IT,42.745015,12.071349
e66c4b1ff6174c9c9f3f8c9627b79abd.jpg,Italy,IT,39.295501,9.093286
3eae4fe8c82c46dca2c6ede54d3729ef.jpg,Italy,IT,40.915833,14.161946
16a91eda8e304c5ca00ce409c754f9bd.jpg,Italy,IT,40.569048,15.35347
189f95a2d3c549698b8f7de988e16576.jpg,Italy,IT,44.895477,12.46186
c43f516640dd4096ac547daa2fc48ef3.jpg,Italy,IT,38.095805,13.19241
5b218b93cf4949eb93d321accf57df0a.jpg,Italy,IT,38.49917,16.528403
01473e114b0b43d98b1e6788c8038b7c.jpg,Italy,IT,42.024831,12.678731
adf083f55e134f2cbbc51f694ff525f2.jpg,Italy,IT,46.874528,12.122645
f3f6808a68c84a6aa72dbdc71d9a0346.jpg,Italy,IT,41.509246,12.58194
379bae1dd87b456b9b071562379eebbd.jpg,Italy,IT,44.130405,8.112189
b29b4e607c97487d91e718cdb773ce5e.jpg,Italy,IT,43.722043,11.450498
f81be49b5d30454d8880c84eaae93d38.jpg,Italy,IT,45.756207,12.49561
64b0a3bf8fdf49d7897a499a75f2f0d9.jpg,Italy,IT,38.020595,14.05986
8f5b11e9a9e443aba5733027dda79f36.jpg,Italy,IT,40.118105,8.865895
d357149e35114b7e86be3023410f7219.jpg,Italy,IT,45.899152,11.630091
6fd4196f5e314c20940f12f92e454329.jpg,Italy,IT,36.91579,14.413401
efe754d15b6c4cc4afea029730700826.jpg,Italy,IT,40.485919,16.309423
cc90d9b456f0499da0767c803723b86e.jpg,Italy,IT,42.689154,12.347071
db757a7709894a348ae9f5b6237d5b25.jpg,Italy,IT,41.642298,13.5805
da489b132532478e84f1e87deaed43d5.jpg,Italy,IT,44.965162,7.185361
6e855b71eea240208aae7a6ebbc9544b.jpg,Italy,IT,37.136291,14.659518
54585300333746b28fee6264099b9085.jpg,Italy,IT,43.514813,11.242886
78c653eb152e460881594d2ac8b922f5.jpg,Italy,IT,43.811763,11.230281
5c2d35be56c940529362caac0c106c82.jpg,Italy,IT,43.261186,12.687915
526de214991a4021b6862cf26662d96b.jpg,Italy,IT,40.356473,17.641353
9bc8f56e99c241a0a92b4468b05532b4.jpg,Italy,IT,44.541313,11.105077
71423957f8d249908446426ff71b70b9.jpg,Italy,IT,45.192107,10.968573
6a0d93935ca444599f148bafe98a49ab.jpg,Italy,IT,41.028737,8.962423
f961b421bbd54f9baa732e42336d9b47.jpg,Italy,IT,43.746334,10.693265
2c0dead7804e40318d4702aad22ea2b6.jpg,Italy,IT,40.581547,9.749168
c5601809f42b458c9da5dd388aaf99db.jpg,Italy,IT,46.266624,13.329665
9c00253691e24444baabc19d46c59b23.jpg,Italy,IT,44.531121,9.158908
3e14f972258e437fadd91b2dc4694b4b.jpg,Italy,IT,41.045929,8.969737
e44221041c9344498eb42564bd8bee89.jpg,Italy,IT,39.196898,16.063272
aa6c42b0ea9d4e5d92a957fb91d0466b.jpg,Italy,IT,38.091016,12.7497
a5cb18904a4944d6ab865b611da32100.jpg,Italy,IT,40.283859,9.144591
1ea864a2e2764bda91edc158ed247556.jpg,Italy,IT,45.005416,8.192759
e4d61d5690464df69f3bcd56d48b158d.jpg,Italy,IT,42.188566,13.499189
5039e286f0a441619ba156ca50bf1deb.jpg,Italy,IT,41.002477,8.904379
0d21b9698dd746139ed019bf19c3b58b.jpg,Italy,IT,39.325539,9.147543
e59503cacb104feeb49794256364d1a0.jpg,Italy,IT,40.494387,17.183557
3e5e0418bb3a433ea27b34bf768f1a42.jpg,Italy,IT,40.563778,16.399935
4c0585aee5de458eba9c60d3a2f9c57e.jpg,Italy,IT,43.498535,10.724185
cfaae8f37acd4bd484eace188a1739bc.jpg,Italy,IT,43.907924,10.275545
3c27162498b8483988fe6538ed85b068.jpg,Italy,IT,45.573062,12.248754
bce1e5e79e4e4f1d9cb7d215e5e9460d.jpg,Italy,IT,40.252844,18.069557
2d3b74df61eb4c5f8e54d33d37a806e1.jpg,Italy,IT,38.625583,16.330254
b936b6286a55480aa268552240a389dd.jpg,Italy,IT,44.756514,7.241439
974c25f080d049bb8793ac4082b67181.jpg,Italy,IT,41.109578,16.500248
c9c3ab7436a446ea82e2669937859bef.jpg,Italy,IT,38.037955,12.709249
ad6b86a23a59416c99ece27962549dd4.jpg,Italy,IT,39.913019,15.784227
9f049e3ce44d41d7b60556560b2e68a7.jpg,Italy,IT,42.783905,11.144538
9408c509ca8d40d49d12a48057d1d813.jpg,Italy,IT,43.495397,13.162527
61de1316032e48d19f49effef5cd8649.jpg,Italy,IT,38.005871,13.048822
6d04f362c09a4ece956f81293003eed6.jpg,Italy,IT,41.062413,15.714447
4e4ce1d55f2040d79b08961385c6d8b8.jpg,Italy,IT,41.075191,14.926437
18c2d6b8cdac4a0087bcd5dc50312193.jpg,Italy,IT,40.820809,14.061276
5ad289791adf4d6c8f8658107dc77d0f.jpg,Italy,IT,41.077739,14.714217
adebb2b9ed9d4f479f494ca08606ce65.jpg,Italy,IT,40.948755,9.038381
1b9e868022c84801ae011a8f23b7052b.jpg,Italy,IT,39.427388,16.241555
21ff89d32f2b40b29f8a9a807ffbd1de.jpg,Italy,IT,41.420077,13.199073
371214f4a03f46a4bf094ffa12e87fde.jpg,Italy,IT,43.581867,13.495568
915633d5a300494cad8a84e6022659db.jpg,Italy,IT,36.729164,14.837922
e02766bb77ad40bea4a9c82cc46a1ee5.jpg,Italy,IT,41.446315,13.929981
7034d6cf82ef4d60807b690c8c1513ad.jpg,Italy,IT,41.004705,8.893063
c023291da9d044a796f377edd822c1fa.jpg,Italy,IT,40.606045,17.300756
29220dd7d34d49dda24e362e66b3d4d2.jpg,Italy,IT,40.546533,16.485082
36e537452b7f46d28201be252d53ba9b.jpg,Italy,IT,44.722391,12.15424
5227510889a04164906d2eefd3005a15.jpg,Italy,IT,38.747356,16.189812
3ad2e7be020d4397b9a0733dd77b994f.jpg,Italy,IT,45.83023,11.838834
bd8d93aaf22d405aaf4c5dd705f8e06c.jpg,Italy,IT,38.013241,14.373972
fc48f26351e749e3b840ab8a03439022.jpg,Italy,IT,37.741958,15.146813
dbbece0d5a724607b207ba5df67c5f45.jpg,Italy,IT,40.491209,16.290735
670cba551b3543cb804bc25991f2fc4a.jpg,Italy,IT,45.720061,12.727578
18ada711e7194cd3a78530e37589a807.jpg,Italy,IT,42.58768,12.706383
5827971369aa4e7ab123678f478dd668.jpg,Italy,IT,43.387667,11.82205
db86b267ba4b428abd2c91790de4d243.jpg,Italy,IT,42.268391,13.500218
c5c601ec6e0d4b9c8eae286e1e2781d1.jpg,Italy,IT,41.66043,13.605596
c994da57dc824cbd939b11a255ebf900.jpg,Italy,IT,37.116741,14.286913
1f387df6029d4767aaa307150f83cec5.jpg,Italy,IT,36.851197,14.637094
db0f18a882334715bbca2bcba0740837.jpg,Italy,IT,40.98271,15.927166
0873d00a658c4c1298f52456effdfeeb.jpg,Italy,IT,45.186569,11.238827
07eb572d9b384b6cbe4cee9fe9b1dd00.jpg,Italy,IT,36.815249,15.069422
82e5f750cb474d52ad1f6fa12f9d9d44.jpg,Italy,IT,40.967831,9.071465
98368d7582434f9e97ad090bad6853dd.jpg,Italy,IT,39.723141,16.390583
3b47be466aec460cb736aa413dd6d047.jpg,Italy,IT,40.893911,9.068735
33b825901b4c423abedf590f66a837df.jpg,Italy,IT,45.931441,11.022275
7af0e6fa1d3b4c74a60f6b2569db0249.jpg,Italy,IT,44.220399,12.373445
c5654d81aa6c4a87b9b9e94b48158cf4.jpg,Italy,IT,37.83082,14.895635
626ff93687e14d4482067257572ebbdc.jpg,Italy,IT,40.080701,15.740663
56fde0ce006b4217a4e277237e295b2c.jpg,Italy,IT,37.320528,15.039187
0ae48cb6fc614004815df7547ec50332.jpg,Italy,IT,43.485511,13.633364
4f8a76c8703449f882a70fc4147db0ed.jpg,Italy,IT,41.718807,14.698933
862f76de01d34882a35673a41d6aa9a5.jpg,Italy,IT,40.713712,8.515494
85fac3f0a579482c86beb84fdd200ca8.jpg,Italy,IT,39.312071,8.958598
8add82e6a9c64fe6beac0a3944761240.jpg,Italy,IT,43.754894,10.763988
752b6e4f11d74e8b9b0fa9586cbdfc69.jpg,Italy,IT,38.095673,13.193202
7822de31b700465a89b468aa7cbb9770.jpg,Italy,IT,45.866912,13.180943
18cba29eac1b4051955dd5d68fee5e04.jpg,Italy,IT,36.795998,14.509037
1af5e52790ba4d858f697efbddbd596b.jpg,Italy,IT,37.631142,15.143033
a46680e6fdc649189041565314518d7a.jpg,Italy,IT,38.650966,8.355067
0ddb7d95af37437f946a9d7f90896653.jpg,Italy,IT,44.534928,11.121658
5432c2af3cc34b4dad6652d99368a573.jpg,Italy,IT,43.495739,13.236606
401da4fcb3494c09bf05d4cbebfe29e0.jpg,Italy,IT,43.890694,10.476425
b28e8e9cfb3248c69cd2e77299ee6682.jpg,Italy,IT,36.803362,14.541935
54f43909126243a5b2530e727ed04f09.jpg,Italy,IT,42.812222,12.05325
a93181c6eaf44302a11e96ab96367b87.jpg,Italy,IT,41.317631,15.406956
d1360cf6dcf34d3b90d3c3228704aaf0.jpg,Italy,IT,40.951472,8.871
8e135ce37c10481e894535e725bbfdfb.jpg,Italy,IT,40.81095,16.946248
4e09b1e9b8df4be1aa4d6db9c025a331.jpg,Italy,IT,38.835582,16.608243
539e575bd42f404b971e38377ac10f78.jpg,Italy,IT,37.045877,14.385193
07e134c6c142437aa53e8d17cb5f1691.jpg,Italy,IT,40.813949,9.300609
baacb29aa3a84c099a7e3fb16a5dd90d.jpg,Italy,IT,42.519709,12.275938
f249c3bf570d496db1fca951b1d087aa.jpg,Italy,IT,42.204487,11.735947
ce6609cb0e0741238b39c209faedc191.jpg,Italy,IT,38.74428,16.481695
bc85574657f3421ca73006ab11d3c10b.jpg,Italy,IT,42.150121,11.923778
f2ae07e74fdf4975897af3b48bd1f7a3.jpg,Italy,IT,40.33384,16.799942
7812e7a44aba4e70801b5b472309a611.jpg,Italy,IT,45.143276,10.627674
a174e77b7fa84449b31dda731d7fd8c2.jpg,Italy,IT,39.293721,9.135541
781421ec4fcc4ca3b7840540adaad011.jpg,Italy,IT,40.892369,16.132297
34c3203040c44de0beafb66049c0d897.jpg,Italy,IT,42.73541,12.474057
645b432a3eed49d193fa6d7c890a954c.jpg,Italy,IT,36.870597,14.451284
6dc2f4bc764b4e02a3dc57eb0e9bedf6.jpg,Italy,IT,38.195616,15.3124
2930ec2a75354f7a98d4438acdc0f61a.jpg,Italy,IT,45.8722,11.651129
a2a0d6f9ebb64040a9d777b9bcb11218.jpg,Italy,IT,40.762941,16.064494
e5a03d773890494a86bdf7d57a93bf3c.jpg,Italy,IT,44.463488,8.035675
a9024ddb6b6d474fa70cd95b1c04f7f2.jpg,Italy,IT,42.558856,12.517622
edce57aa8fb4487582a7d730c20ecf04.jpg,Italy,IT,46.315296,11.304238
d43900ab7d40481097766994b383ba89.jpg,Italy,IT,40.79306,16.150118
70a9ff862b384b129bb9e28a7f475e67.jpg,Italy,IT,40.790392,16.419336
8335ee78a5b949a09bd4f8181c100b9e.jpg,Italy,IT,37.163704,14.334031
47e42bce3f5f45509c34df139c4d465e.jpg,Italy,IT,40.455633,9.565489
efe28ef093fe4ae0a3dc0f925d612769.jpg,Italy,IT,40.068997,9.610283
f2ed201d69b841c68ef702998eec1d5b.jpg,Italy,IT,37.664873,14.859964
cea707cfb03e4061b3da8c9102639cc9.jpg,Italy,IT,40.655965,9.722518
6845c32454714fbdb12389fc4ade0b00.jpg,Italy,IT,46.648788,11.709369
d566aae5d22b4d6c9a9132c3aea9713c.jpg,Italy,IT,46.046887,11.00508
220b4b1a61c246b0ac0030811267ffa3.jpg,Italy,IT,43.309292,13.639213
964f77e1e9554ded8be92b5c5339bc43.jpg,Italy,IT,45.947614,12.734162
3f1fc9a0d14a4dbc888f71ff7b9e610e.jpg,Italy,IT,37.381944,14.364597
4d6710534bef4b2bac1478925dc26ef1.jpg,Italy,IT,38.402193,16.499423
f9bdeb583a7648e7bb5b5adddf842ac9.jpg,Italy,IT,38.650466,8.342764
f23fb20f28af473ab30e5ceaa9132414.jpg,Italy,IT,40.112316,15.750876
62eb049e3ec348ecac62c050ce457ebd.jpg,Italy,IT,40.637793,8.811133
14b2adee5e47469daad9b49b0663a038.jpg,Italy,IT,41.718049,12.82136
3153ad0db98948ea97ef701fc7b3546a.jpg,Italy,IT,43.768213,10.352405
a6da2706c3e14f11b0410bc1ac6259aa.jpg,Italy,IT,40.823885,14.38893
2be7703ad1764fccb4485daabf0263e9.jpg,Italy,IT,40.612809,8.328854
d1952294fa5441a789992ec7218fd760.jpg,Italy,IT,41.923093,15.092242
843ee5cc3ed441bbac06d413e5a8f4d3.jpg,Italy,IT,39.058554,8.428879
69c8663e04dd409ab8c53256b460a5ed.jpg,Italy,IT,40.65669,17.630735
e64abca0f9574b929005b62cc314d838.jpg,Italy,IT,46.540396,10.432829
df62aebb745943f8ad0babad59c3f75f.jpg,Italy,IT,38.151481,12.737976
339a7d52c1a24dd29bc3c5e4c504d8c3.jpg,Italy,IT,44.56171,10.804194
85dc18b0990f4a0c8c1d419350d0981f.jpg,Italy,IT,41.607126,14.28395
1b05565d1de44843a3614d5654bfedfc.jpg,Italy,IT,40.466633,18.155843
09cb1bf1f0374f6baf6cb5f8b3df0943.jpg,Italy,IT,40.57526,8.360246
46478ae5a8cd4d0ca530834de2a35a64.jpg,Italy,IT,40.790029,16.940481
d9a6c561d59647d388df90c66e13160a.jpg,Italy,IT,36.81853,15.051085
5a47caf3e7304924917dfc6f784ec06e.jpg,Italy,IT,40.662889,14.713703
ad3e19db0d4248939eb7ce0bd6f4c21f.jpg,Italy,IT,40.899587,14.584735
417d0df3cc8f4a11af2df487b294e316.jpg,Italy,IT,43.891483,10.520337
da1ba48384144f4eba3a19a20f02751d.jpg,Italy,IT,37.021027,14.409258
a49637cbbced4dffb8b7f237b5dd3e63.jpg,Italy,IT,37.333999,14.119502
543637a1d31049288ad84b6db4252ff6.jpg,Italy,IT,42.153776,11.921385
87f34c027be84da8a3df5a622129a27b.jpg,Italy,IT,37.742061,15.140207
448b1819cdc64cdca675a8502baa2c4a.jpg,Italy,IT,44.485454,11.257014
402a80a5760d4463ae8fe8b65a6d9750.jpg,Italy,IT,40.64124,8.367372
e179b59ba353407d8bd55939b3363199.jpg,Italy,IT,36.785061,14.535972
86072f2f2e184873a2ab508fc3c5aa8f.jpg,Italy,IT,41.145297,16.760066
e61e7c256ca24a34ac2434c226c74bc2.jpg,Italy,IT,44.842812,10.37013
4cfcc9fa35964b4d9c1cb82475707f5c.jpg,Italy,IT,43.314658,13.643625
05034ec566f74ff69bdfdcd143fa18eb.jpg,Italy,IT,39.014463,17.162415
18a05ee1438e41e1a0e792462bdbc7a8.jpg,Italy,IT,40.939751,8.864987
48392bf0408f43e7abb8fab1704bdddb.jpg,Italy,IT,46.48805,10.280229
184737b688a2440d8b77299c8fe1f995.jpg,Italy,IT,46.815696,11.729931
692c581e2fde446199eb070aa14fc9ee.jpg,Italy,IT,45.328528,11.002406
7f0c4974cf2b425bba5b80658cfcf076.jpg,Italy,IT,43.136857,11.793897
8114ea8dc537487c9f21729989a37fee.jpg,Italy,IT,41.429254,15.599621
5758c02c8aa649d9964469e6fbf012e1.jpg,Italy,IT,40.912462,9.37969
973f832eb6e742aaba85e33bd20a44e9.jpg,Italy,IT,45.631374,8.237244
0b7afd8b5db04ae68eb5410a8899b85b.jpg,Italy,IT,45.411884,7.687384
ed554de75dd4402ca1578f5406ece76d.jpg,Italy,IT,41.172029,9.291977
4ab7b542c981460eaed88bd080e72ce9.jpg,Italy,IT,40.609019,8.327648
07405f14d6484710949ff20e78cdbe65.jpg,Italy,IT,43.559906,11.323641
3728eb4b80514092ac647f770d633b44.jpg,Italy,IT,37.56623,14.917226
7eb5d11e30364bb4bc250672aada6b61.jpg,Italy,IT,40.87557,9.039777
9dffa4d51b7a4a4bbf962077c45bcdeb.jpg,Italy,IT,43.884048,10.318876
5e99f6a9269e4750bcc876acc8f8e98a.jpg,Italy,IT,40.045812,18.473252
79f2032ec73b42378dd3fdedebe7ae39.jpg,Italy,IT,43.709133,10.614805
7ac48f0d17bd4b50b16c8e3d0bcf0920.jpg,Italy,IT,44.736543,10.149462
35a764621a9248b99088b267fb610ccc.jpg,Italy,IT,40.416985,17.580768
824a96db591e4ae2bc677086da8d16c2.jpg,Italy,IT,43.234149,13.528038
4c0e1abbefde4f059e44f92e5306a5b9.jpg,Italy,IT,43.81813,11.231768
c462058b02b24aa18c892d6814f64b5a.jpg,Italy,IT,40.764531,17.29263
08e73562c05241b7aa55069c9fb40394.jpg,Italy,IT,37.466859,14.964825
81443e1a0ba948d98c68bcabe41ce98f.jpg,Italy,IT,44.686069,7.20804
9fcc7c33ff8e449b8de5336f149a7784.jpg,Italy,IT,41.72187,13.012273
31ee0931ab244394bb7cd16efda9125f.jpg,Italy,IT,39.063531,8.433737
2d9bb618cb0a438b8c29377780587ee0.jpg,Italy,IT,43.156989,11.752249
05f96720d56a426e98f1731fa86088fb.jpg,Italy,IT,40.170046,18.465592
0633facd400744aeb92838d25f93c8e9.jpg,Italy,IT,45.848418,11.935953
fe79f2675ba348efbb3680524dc34316.jpg,Italy,IT,40.589654,16.250055
4499198eab814eb9b9f46d709c97774c.jpg,Italy,IT,40.641327,8.926789
f304bef6daaf4480b328bdd0e0c90504.jpg,Italy,IT,37.715341,14.038502
8cf33f5553e34801a02a166367757a88.jpg,Italy,IT,41.193919,9.183134
6e18696e38f248f6a59f7d0e4bf38a7c.jpg,Italy,IT,40.706562,8.798517
9f41a884288e4975b3e704eb61c759b5.jpg,Italy,IT,40.826085,16.90827
719d021e420d4118a057627f0a5c8eb0.jpg,Italy,IT,38.18974,13.122771
4309c247133544b1b6bbb2fdd9705247.jpg,Italy,IT,39.040277,8.424858
6487e5a1a4ef4e0384e1e36ddfd3f48a.jpg,Italy,IT,40.568418,16.578157
e49db5a0e94d47558086272d8eb667a7.jpg,Italy,IT,41.100397,9.45562
934c5f351e1048b9be12c0b0fd891410.jpg,Italy,IT,43.792224,11.513217
b6f8b2082697461a99e86194508496bd.jpg,Italy,IT,40.70569,9.695099
ebc06b5a8d0e4ad196cda42bc13fa3d3.jpg,Italy,IT,40.832784,17.167955
52af17359be34c61a35edb7549b3a8d3.jpg,Italy,IT,39.222473,9.1914
2b848a4bccd7451e8627773f355e0b1b.jpg,Italy,IT,40.570908,9.682688
bbb79999e0304586994f59bfd9d7062c.jpg,Italy,IT,40.811472,16.400666
b477c4d3c77d4c8fb064c5ed7b75edaa.jpg,Italy,IT,40.5915,8.375922
65113ab4984542c2bf063d0cec25a087.jpg,Italy,IT,37.924644,12.739338
4804822430614f1691cfc3c601ee106a.jpg,Italy,IT,40.532443,16.458766
31461abae3ee43aca139e8c1d68e6481.jpg,Italy,IT,40.979115,8.930611
d663dfe8e03546d780349293d5ca24d1.jpg,Italy,IT,36.789105,14.515586
d4f204e8d68b489c87ac34f7ef4e5287.jpg,Italy,IT,37.836407,15.120188
b1172bd5ed0e43e6b373f05088850973.jpg,Italy,IT,43.697556,11.405706
6143be922f6a4aa28a3cc0defaab7849.jpg,Italy,IT,37.948598,12.562969
1ee802b93da6455e87f25816e84387fc.jpg,Italy,IT,46.670729,11.20936
9c83c35295624cc59231d639ba1ffd8c.jpg,Italy,IT,36.833029,14.727737
0006762b474e4b4d9be9a61ed0247fd9.jpg,Italy,IT,40.890871,14.348968
dcdf46e17b3e4a48a960e3763f212a8e.jpg,Italy,IT,43.910386,7.764451
cf659504227440158518092b2076d6a0.jpg,Italy,IT,44.258403,10.028962
d49110ce40f5440fab36502fc09cdeff.jpg,Italy,IT,42.280911,12.601198
865f1e8cf5324b1b8b44612988ca1e07.jpg,Italy,IT,44.543646,10.942637
f3499f1d2616466b9310d36b3dc0407a.jpg,Italy,IT,40.997245,14.835634
0e96e7b61e93490ea4ab172b8981addb.jpg,Italy,IT,40.780925,17.583224
a81e087b629a4294a3379be41c99c822.jpg,Italy,IT,40.647544,17.316788
6e50a6c45b3b4522b7785fe548d63662.jpg,Italy,IT,42.558701,12.371049
2e8ed9426b6c43e2966d83d69db74147.jpg,Italy,IT,43.470124,13.571794
fd7db3ae2b7847548f995d430802f1d7.jpg,Italy,IT,39.062047,8.433358
c2e5cdec00cc464cb75cd51336a96a1f.jpg,Italy,IT,43.028617,12.89218
fa794147576b4d719bdc338e49b40a6c.jpg,Italy,IT,38.023083,13.361467
bf622f1e912c4a11938bf60a569faada.jpg,Italy,IT,40.059532,18.315827
8d10d305750340a4b1a37aef1536d98d.jpg,Italy,IT,40.934013,17.173062
4fe37557a9c843ff857ca1852571d457.jpg,Italy,IT,41.071664,9.210277
c1ef3abb541a48a08bcb2c219fa32bc6.jpg,Italy,IT,36.75188,14.97577
070fa11598fd49f6aaac9a91750e1f56.jpg,Italy,IT,36.777772,14.685586
319ebb40c531447d9444e83384686f0f.jpg,Italy,IT,44.411731,7.223532
01f6bbca55144eb195c98ac212cc173c.jpg,Italy,IT,42.651416,12.373669
e13ccba33ce243f98cf2869ab0856e38.jpg,Italy,IT,43.998848,8.051325
23bad7a071f04249b73af878dca6f5ea.jpg,Italy,IT,40.490196,17.760354
5fcaa4477b674c19ba6e62666e8d6510.jpg,Italy,IT,40.664551,8.32778
46576bba1efc41e8809a40417cdc3382.jpg,Italy,IT,40.58037,16.577038
527ed2e378914b7e925f5d53287a0f51.jpg,Italy,IT,40.586178,16.260367
02c6972865ba4b38911fad8198854591.jpg,Italy,IT,39.046161,8.424981
4502d73bf3ec4752813b5ee6f9ac168f.jpg,Italy,IT,37.814079,15.127657
9e9e4e3d2a934b8c80b8728c2f5881ba.jpg,Italy,IT,38.064483,12.682903
ae5adc2acac8406280211bb62037238b.jpg,Italy,IT,38.614548,16.347276
01e1b61af7f54304a4ce4857438d0898.jpg,Italy,IT,42.819265,10.288272
66264b32cd284064a4cd1273f1757bd3.jpg,Italy,IT,37.924338,12.749419
9df1c3de302d4aa19bb86527d565a2ce.jpg,Italy,IT,44.510793,8.30105
e1c4601fdbb04005b57450c1a5ededc5.jpg,Italy,IT,39.414284,16.013789
e843a08a15904b80ab24137bab20e64b.jpg,Italy,IT,39.175228,9.380768
e32789acf7424c4fa7522e907b602621.jpg,Italy,IT,43.406684,11.30565
1e9d16dcfaeb40788afbd75b316715cf.jpg,Italy,IT,40.092176,15.731892
458b5ae7ebc24bdfa4ea5f02291ce7b4.jpg,Italy,IT,41.550205,14.12204
617ecf254b5144c6a100bab74f084e59.jpg,Italy,IT,38.052958,13.15384
8e769c47bc734737b0c415c4bb845edf.jpg,Italy,IT,40.560951,16.408526
fd9dd97bbf8843aabaafe7aaa27911af.jpg,Italy,IT,40.261685,18.09904
5ca8274064624421a1ebfb3f981e35ad.jpg,Italy,IT,39.003166,8.396459
4f5f5f745e904b648e7115b1a60b9e2e.jpg,Italy,IT,36.765977,14.669636
20969e6283e5445084dc090ffa71a82e.jpg,Italy,IT,40.304398,18.216747
a1a4c9827ec440a48d3677171971e5fb.jpg,Italy,IT,40.66102,8.32831
6e36d06704df4cac8f56dc2cbc92832d.jpg,Italy,IT,37.137432,14.312501
0107c5d7064d4e1b909e216d4c71a09a.jpg,Italy,IT,40.450208,17.333467
11074119e7904508a79ab47eb3d12078.jpg,Italy,IT,37.596612,14.131395
a494efe2ca10472db925246870e207a3.jpg,Italy,IT,41.441941,15.625535
561241cb34f34107b7827a6b9d277095.jpg,Italy,IT,40.182213,18.085153
aecb6465fbfe454db61637a98b2b90bb.jpg,Italy,IT,45.718012,13.702257
9d38e548d6e149d1a296d35fa7bec680.jpg,Italy,IT,40.267917,18.050232
f62b647fa0814b80969b4865854ed2f2.jpg,Italy,IT,40.792529,16.167957
8d04d6b17f2b4bf495ea5f54e1c7bcba.jpg,Italy,IT,43.25145,13.748886
b1b5c1f627564851bf6e7eecd8c50718.jpg,Italy,IT,44.911918,11.857416
1a0abdfd981b46338093a1cefc1b32a6.jpg,Italy,IT,45.255009,11.304303
d9a0b817c1c44668bb449532742139d8.jpg,Italy,IT,37.188444,14.763702
a160933eca0f4d7aa94a7aa26fbb71d5.jpg,Italy,IT,40.677043,17.463929
9efb593cad314e0497c9822b3958f250.jpg,Italy,IT,40.564258,16.398659
cf23764742664df08aade55ad512749a.jpg,Italy,IT,41.367971,14.021304
55eff00ef97c4145aa81b5eb80a258e5.jpg,Italy,IT,46.608577,11.579218
6a31d25c25a1486480239c12de88ba58.jpg,Italy,IT,42.482636,12.400208
e5287725c2834bd292ea8771ade14eeb.jpg,Italy,IT,41.437702,15.607738
93120f716b084befa90160636ec3cf6f.jpg,Italy,IT,43.386873,11.308793
491c2def07ed44efb1c456f9485d1b38.jpg,Italy,IT,43.684268,10.557372
329774374c3847649e5d6efdac341fdb.jpg,Italy,IT,44.236522,9.711035
fbce1eaeca77456db598f71d98b0d6e3.jpg,Italy,IT,38.111306,14.97837
2920d07b06dc4d829d7c3615ae3e1800.jpg,Italy,IT,43.973012,10.525031
71f2738341574bf68fb9f968ebb6317c.jpg,Italy,IT,41.090202,15.232416
7e1e4117c98d41739553b09135828218.jpg,Italy,IT,40.94695,17.183093
9b2b9f0a58c74d6ba53d9069189d1ae3.jpg,Italy,IT,42.869567,12.397525
6038be37658b4718af89737a8eb16970.jpg,Italy,IT,40.554271,16.271436
7503d9f17b9d48e7b0769adec182ce88.jpg,Italy,IT,41.0175,14.746772
6fadbec641594298b792ea80649117a8.jpg,Italy,IT,42.411393,13.625525
4f87a8ed2cca4716931c272780d46d60.jpg,Italy,IT,40.256574,18.284981
998c2b5c1a684dfdae333e6074722b05.jpg,Italy,IT,40.286051,9.150943
c8a7a5f053db4550a95c38595be9828e.jpg,Italy,IT,41.90954,12.749692
044d2f201efe46409ea542a3f80be7a3.jpg,Italy,IT,46.640468,11.686222
bbfaf74292dd4d5fb40a4843f6e10f17.jpg,Italy,IT,40.936212,9.093987
f409c343e4d84b36b02fc7a7de6d7418.jpg,Italy,IT,37.74387,14.830348
0624ee02a5c14611b46408895b981c43.jpg,Italy,IT,42.698332,13.117884
bc3a1de5086548109e5ae33423eaace3.jpg,Italy,IT,43.648219,12.585211
654d691b84574eaf8f09a95ad80d6fef.jpg,Italy,IT,45.514572,8.822987
00d4d532911b4b98a169f0ea1b7a2c3d.jpg,Italy,IT,46.826268,11.935988
b962fa01dd4b4baeade27dbbf8ed9433.jpg,Italy,IT,45.04196,11.542332
52111cd279914947bee675c78501b5bb.jpg,Italy,IT,41.930916,15.075948
3f56cd6dd0644dc6bed302e32c987aaf.jpg,Italy,IT,40.556778,9.676255
e0d23a2a355a4179a35b5823a79dd07e.jpg,Italy,IT,40.895419,9.07123
f2f7e014e1bc4e20a62ee0398276226b.jpg,Italy,IT,40.276341,18.12709
f3a2cb5fdb394b7f97b84174bf1fe503.jpg,Italy,IT,42.984286,12.415629
b83e4815b9a748f4853ec4cbabcb31a9.jpg,Italy,IT,44.936692,11.408102
53484e58a8ad4c47a781d86bc2fd2f7e.jpg,Italy,IT,41.263957,13.744894
970f814d7155463b80464e74280c260a.jpg,Italy,IT,37.629457,14.118755
4d1d5addcc7843ab984932e4f51739a2.jpg,Italy,IT,44.304192,7.153658
f65692cd544f42a5a34791ca8bb35016.jpg,Italy,IT,43.116177,11.723434
e41e06f452804f6aa294a40bc189c32f.jpg,Italy,IT,40.558185,15.391558
9b1080409d6d44e9807ea377627f2f83.jpg,Italy,IT,38.650811,8.346251
85c3e06775d04ace9eda9ae2077a944e.jpg,Italy,IT,40.710317,8.803033
d96be400177943f0befae1023bd082c6.jpg,Italy,IT,38.133823,12.734652
5062d4d6aadf4a05aa26e8d04c2e58ef.jpg,Italy,IT,39.243458,16.062756
3a55e0bd6837457182b2f3b7d9712bd9.jpg,Italy,IT,41.215209,9.245403
521a53c42c0a427fa7c725acb67de59c.jpg,Italy,IT,37.471197,14.035684
e1f4120116004020acb85e4b4ce3318f.jpg,Italy,IT,45.83152,12.600464
df7c21089b3e4dd2b3739cff666be0d2.jpg,Italy,IT,41.001592,9.235135
d4adc2dc4d87491d85444f59c7a0dd13.jpg,Italy,IT,41.000414,9.239631
117e56030fea49088898c6fd8b8d19b7.jpg,Italy,IT,41.914684,15.138913
adf6256bdcd84e53bddd59901a70edd1.jpg,Italy,IT,38.401963,16.499628
9503d99dffed40dbb1ad5b2e21e90475.jpg,Italy,IT,45.467289,8.740133
a0ed0f23766544478d42d516aedae7da.jpg,Italy,IT,40.612822,9.703914
2b8956d1c0de4b3aba9fe692b6c12690.jpg,Italy,IT,46.447868,11.905943
894f7310f4d6460ea8b70122b6dc56e0.jpg,Italy,IT,44.818645,11.662675
20057d73e02f43d8a69d8c5189ffcb04.jpg,Italy,IT,37.967198,13.770073
30d890459cb549dc83e4018af9ea6b31.jpg,Italy,IT,40.812202,16.948355
9313470b86c34d2093365cd0d11e815c.jpg,Italy,IT,41.851262,12.786974
af77ae82b4ad4fbd9824f637bfb56327.jpg,Italy,IT,44.850019,8.512352
5d65183cf4e64c15b7302c0688cc4c78.jpg,Italy,IT,38.637448,16.371711
3e6212855f374f15ba1149ef6a0095b1.jpg,Italy,IT,41.857191,12.376878
87217a087f00471aa61bdd3915239220.jpg,Italy,IT,46.672239,11.674572
4670e793d62b4d0e98d9269d51c3c1d4.jpg,Italy,IT,36.773755,14.908386
d088fafef57d47ef8789acf75c13a990.jpg,Italy,IT,40.930937,9.36785
e465386e84d74221b6f480d410762687.jpg,Italy,IT,45.134925,8.486188
756f898838884702bc74aa81c66525aa.jpg,Italy,IT,42.543579,12.259043
32e91c89275a4559b843d8dde41d1da6.jpg,Italy,IT,44.459939,8.378712
a7ad456b0386466fa12ea6195f4344d7.jpg,Italy,IT,41.111653,9.441256
0d170a132bd64ebc8e5308f6e54c3989.jpg,Italy,IT,39.066043,8.440207
7be413bab395454daf663a61614b49d5.jpg,Italy,IT,40.817584,16.937368
3d015cfcc39c40ad960c71fffbedf184.jpg,Italy,IT,46.587292,12.846839
b9593bd5c1914f1fbdde46eb1c5eb3e5.jpg,Italy,IT,41.801957,12.227082
d0b189334bf84cac94557b9d14f8d068.jpg,Italy,IT,40.647206,14.700332
fdd1a801a0954281ab4323064d35c925.jpg,Italy,IT,40.726547,16.474328
0d4003ca3515444a830a14c8601ebe0b.jpg,Italy,IT,36.816285,15.049098
82b098309aa047f7b792af2794cd2b9c.jpg,Italy,IT,38.902416,16.336121
ca69045763b94215beca40409a6597c3.jpg,Italy,IT,40.66969,8.703511
4e9159f100fd4b03827caa24de02e310.jpg,Italy,IT,38.046737,13.141233
6b2faf8da204445796074d3e69796a73.jpg,Italy,IT,40.609056,17.985908
c0d9db5f5fe94bc28f9b25f030d4ab94.jpg,Italy,IT,42.294356,12.497596
d5cfce4d15c849f18c9b9d43be06f9c8.jpg,Italy,IT,40.787341,16.555149
331d523f8fc74649a58eacd279e30da1.jpg,Italy,IT,40.784173,16.424097
bbbae30bac474d2a962cb3a41637e8d6.jpg,Italy,IT,40.425148,17.903716
c5945afb8f214f55b39848350c77f58a.jpg,Italy,IT,36.921314,14.439324
df1aafb868d14b1fb90cd9cb08992e1e.jpg,Italy,IT,40.935885,17.17344
c639423573b34796b49d4accbbcee6f8.jpg,Italy,IT,43.198992,13.641246
099716f5169048258d82bf7ee320996a.jpg,Italy,IT,40.652379,9.722033
047473be4af246d6b0657e021857c584.jpg,Italy,IT,44.559117,7.160927
aa640d7385834298975dd1a4aea2c6ac.jpg,Italy,IT,45.652006,11.388946
7ee7829619534b14847bce82caea67b4.jpg,Italy,IT,40.694913,17.071808
526daa1501e64ea6b41a4a965c4f1eca.jpg,Italy,IT,40.635503,14.836598
5a8b5bcaffaf44eab1c6900e5272c6d5.jpg,Italy,IT,43.316477,13.639219
7363cd30185c4322993e7199fa99f0df.jpg,Italy,IT,37.731755,14.059568
e0f74e96ee524f94a46403a7dd814550.jpg,Italy,IT,40.91812,9.378273
c90c7f462fbe49c390be7b93ccc4308a.jpg,Italy,IT,44.502222,7.155134
48cd6a7b1151407d9e71731aeefaf0d4.jpg,Italy,IT,41.802588,12.226858
d30bbc8108c745c7b6873fd823cdcd57.jpg,Italy,IT,41.397105,15.693285
81b0d6049362479e972f584e48e1c394.jpg,Italy,IT,45.284557,8.19581
9fd927ce69ec457691d2c809d1b44bee.jpg,Italy,IT,40.917523,9.378381
701b81067e6740e88d4aca962e5e3ca5.jpg,Italy,IT,40.694746,16.944658
8b4ab2bd18e14da2b85bf5415ad8d0c4.jpg,Italy,IT,45.042879,11.54058
b7fec366e24b4995a5db2a5085ceb44d.jpg,Italy,IT,40.135859,15.736623
50925c28edba4bec8c460b273fc5d225.jpg,Italy,IT,38.217675,16.248982
da5734a548e64e6b90a620b4963172b2.jpg,Italy,IT,45.952691,9.041908
2aeaa571c10240d193d00e8d78382201.jpg,Italy,IT,40.688265,8.790691
c49e0ca66a844c12ac1205913e054f72.jpg,Italy,IT,45.321351,11.377238
e0a9c1077ca94f3292aa0ca1a1e4ef34.jpg,Italy,IT,45.640032,10.832711
da7c17d2da2a4ceca2797edc757d1d37.jpg,Italy,IT,43.157811,11.753665
3f0a0373a5824424852864160aa95e66.jpg,Italy,IT,45.568071,12.763666
5c10674a8ad748299a71039964df526c.jpg,Italy,IT,41.029242,8.968304
6cf2ffd17af240ef9b59f97b2e9f6b98.jpg,Italy,IT,42.451735,14.217065
880616bea3d743d5a9efab41dda628ee.jpg,Italy,IT,41.818022,12.782088
02f143f6fdf6449b9cf4ae6060eb6c3b.jpg,Italy,IT,40.559767,16.265649
71a318817d7149668683675d04d3afa5.jpg,Italy,IT,40.636949,9.703734
44019ed2f04c4e9ea6d2ebc9f7909349.jpg,Italy,IT,38.004936,14.97563
f08eccc37c874ed8aa0e9c4c32ec4d43.jpg,Italy,IT,40.639182,14.689358
6cc3afcdc0a9421e889f6bb0368eb01a.jpg,Italy,IT,46.118991,13.336305
d3ec0d2f7cc34cbdaa692b654c31462f.jpg,Italy,IT,40.737949,8.48287
37e1519fc3e64e07ac8513000b3e55c0.jpg,Italy,IT,41.712179,12.692136
70349a4f043d44e19ad709649751b2f2.jpg,Italy,IT,45.991999,13.317729
08c10d97567a46fb9cf8d3e21e43e631.jpg,Italy,IT,40.530349,16.486546
d508d814bce04cd7aef78f2d62cb4134.jpg,Italy,IT,38.039277,12.705423
9dfcd9bf58004a86ae0536ba0c78657e.jpg,Italy,IT,37.833132,15.13862
0af37925920e4536b083d98694a40b0d.jpg,Italy,IT,45.600994,12.077029
e9859206c69346279f6c6e43bbfd6295.jpg,Italy,IT,40.647155,14.700341
4634476f1a8f4a9797af1d4b1061ce73.jpg,Italy,IT,46.641589,11.682244
4414e76fa52a49e799b90b7d0bdd6f7b.jpg,Italy,IT,45.570605,8.328793
86bc37888225457d8653efd544666503.jpg,Italy,IT,42.872925,13.906706
a35b936897b34f668f45bbdbd6facd43.jpg,Italy,IT,45.183504,11.019211
bba3567e552e437597885cfa24bcf112.jpg,Italy,IT,39.216198,16.06249
4e91b8acb02541b4b40c6e24f532eda6.jpg,Italy,IT,41.966591,14.917197
4b0bd112972840598bbe10b5f79808cb.jpg,Italy,IT,41.958982,12.505943
b8adbd8d97694d5ab7c6ce1256431597.jpg,Italy,IT,40.014238,8.505446
5f57b50598804c59bdfef8d48b7ffa37.jpg,Italy,IT,42.348313,12.675463
ed19acb3b7514de3ac9574e9971ff24a.jpg,Italy,IT,37.3717,15.08085
22ee57a582094759812c41572899414d.jpg,Italy,IT,40.221418,18.098324
8d713cfad36d461dbaca42230cc36b55.jpg,Italy,IT,39.280831,9.134693
2457a360e89b4948a2019907e560c929.jpg,Italy,IT,45.87796,9.210452
3fa67db005e34a55bf89b44ad8a0900a.jpg,Italy,IT,42.396003,14.334747
0e34a5c440214680a26c10aae5c6d308.jpg,Italy,IT,40.598043,16.993397
5f680d17992a4cbca6a647a00a1a7d53.jpg,Italy,IT,38.013963,12.870509
25b172f11f224018b9c9843120c5ddee.jpg,Italy,IT,40.727946,14.48881
2e8f018a780e4fe89c2fb815ee561788.jpg,Italy,IT,40.997164,9.222957
eabd99f939a64d6e81c7159d62414d8d.jpg,Italy,IT,40.281931,18.069181
1e269b4123b34e3aaedfe51012665611.jpg,Italy,IT,37.837057,14.907689
eeef2db395184ef889cb60203e0acece.jpg,Italy,IT,43.632844,10.598848
f3fcd37d84e8444886724b62b0ea78e6.jpg,Italy,IT,39.313477,8.962534
b3bc4c0c4fea48a197ea25fbb766b4db.jpg,Italy,IT,45.763221,8.677704
44d60e5ec4f64395a99253349224e382.jpg,Italy,IT,38.859747,16.609788
6c8cc057520c4cc9a5e7d84b07ec801c.jpg,Italy,IT,39.229084,9.126556
7171538378354344a330370f91f46184.jpg,Italy,IT,45.728512,7.225204
1e29784c2af042e48a65fd7ec74b9566.jpg,Italy,IT,37.804739,15.132168
eb402cb3c2c34acdafae4e7cf2c89675.jpg,Italy,IT,43.917429,7.648722
96b22f8c1001421a9253576f6b6cbcf3.jpg,Italy,IT,40.778038,16.183277
3061d64c3bf84593bb385ad3ce16ef31.jpg,Italy,IT,44.577141,8.787369
bf3fca6b85e045d9bf27196583994cf6.jpg,Italy,IT,43.196428,13.780567
6a720ba4694841df96401b4d40bc3956.jpg,Italy,IT,40.395052,9.477628
3833ac7976ca44dfb707c8d90b1cc518.jpg,Italy,IT,40.673487,15.974114
3d20341ac20245279f93676e01640be9.jpg,Italy,IT,40.479531,16.718881
20289063069045439d248416e9f502ac.jpg,Italy,IT,40.841867,9.652279
5ad43064f50b4b6a88e314be28be7994.jpg,Italy,IT,37.267891,14.939691
0fb819d083bc480f8a33404def96e37b.jpg,Italy,IT,44.798888,6.943088
e81def59526f491bb8d2398fa0cb3207.jpg,Italy,IT,45.117925,11.669355
24fdbca72a6b4065aea4361c4032e36d.jpg,Italy,IT,41.429915,15.591096
8ad58501a64a41ceacdd241259639206.jpg,Italy,IT,37.251512,14.480395
867ca68fc8584f39b37657abfd719e5d.jpg,Italy,IT,45.682616,8.479904
cecb48f62a224fa0bff0038d0acabe02.jpg,Italy,IT,41.610458,13.55007
56d2288ef953430b8144cff7d9da443a.jpg,Italy,IT,37.729181,15.162413
aa27af38ec804d4baf605854252eeb5c.jpg,Italy,IT,42.40682,12.108696
56bb483eb5c944c08e3c7aaefd32ef10.jpg,Italy,IT,40.934809,9.310649
90d0ad739f9f45a2b94db63aa6ca7cb1.jpg,Italy,IT,36.868314,14.657917
e5ba40f04dca4de5b2ed80ed92f877c6.jpg,Italy,IT,37.784742,14.052452
36297a55e86045a1b733825881d6f6c2.jpg,Italy,IT,38.271566,15.804718
2c0877f0c2b74dd9a6d68b149ed4ed4d.jpg,Italy,IT,45.645176,10.827707
110da956546a4447b68f139ce934b07f.jpg,Italy,IT,40.841572,17.005575
5df711044c174144919ae5d9cae58efd.jpg,Italy,IT,42.628481,13.996457
22a7b46106f145faa762b8e3a0579b81.jpg,Italy,IT,40.56147,16.582552
7c853c12028d48f089b599793d139f0e.jpg,Italy,IT,41.442617,13.944146
d2090a6a5e424034bb0a6dd7bb7ec084.jpg,Italy,IT,45.401837,12.14855
d3230583c55940edbfb2a6c828cc25d2.jpg,Italy,IT,36.781156,14.915399
c32dca9aa6f74ab4bf540227132e96e7.jpg,Italy,IT,45.021444,8.256988
b6572b05551f422fa86c4007c2b934d1.jpg,Italy,IT,45.526217,11.014515
f849452997f6448c9c2960010ea5b9e4.jpg,Italy,IT,44.586404,7.752267
08e8e3fd7a3c4904819b35cebfb7270c.jpg,Italy,IT,37.855,14.943735
2735324743bd4b40938ea89d7e488535.jpg,Italy,IT,45.460907,8.134265
1a7c03a3ef5a42759df6f16701de4d4b.jpg,Italy,IT,40.749722,17.639666
b703b3ab9abd4f4b9ec8a03479f1ea6e.jpg,Italy,IT,44.047583,12.4139
67441560b09648ad905b5c1fc4cbb779.jpg,Italy,IT,44.747533,8.529666
ef9a1f42b17948dab300832b3af9737e.jpg,Italy,IT,40.433974,17.735723
64fa2717d434444ea6ab1828d7d19c18.jpg,Italy,IT,44.170837,10.264871
bd6850c9f6bd41298b789080f35929b7.jpg,Italy,IT,45.733815,13.748154
ade316c1119e4ec59e7a44df02f8b0d3.jpg,Italy,IT,41.003445,16.833794
77ea6aa51ce5454ab33c0fcf755cfc8c.jpg,Italy,IT,40.837256,14.572477
2b95e67e3af44d9aae22494c177cc883.jpg,Italy,IT,40.75062,17.646696
2b2f2a6cd6854cf2ab600887d161491b.jpg,Italy,IT,40.032532,15.804202
52a08b3330d543d7b3d4341ff8b3954e.jpg,Italy,IT,39.323828,9.146098
e12520a846ac4593a0de493c21e45c0f.jpg,Italy,IT,45.582628,8.338742
7fd3f8f8a09f4b5c974206d6df9453df.jpg,Italy,IT,39.991429,9.610355
08a1b11bac72440fb9b90fe46bae9eaa.jpg,Italy,IT,45.820641,9.265958
d63c3e8128624178ba3c37ef655a11d9.jpg,Italy,IT,37.366602,15.08118
9ba7a672f2ac4dc58f9adca2af5a5102.jpg,Italy,IT,40.512732,16.476217
e2dd8d15a47141a58e0e934838a6cf75.jpg,Italy,IT,43.8111,10.727295
be67600d19f04a5095d852597f66cfb2.jpg,Italy,IT,37.718488,14.038213
5d2e6d86e15d4a27889b7f21f94acb8b.jpg,Italy,IT,41.170738,9.298414
eb88890592344db39a0bea7b28d6f783.jpg,Italy,IT,45.064135,10.87783
4af2b71be53e4eb58433acedbb01e3d3.jpg,Italy,IT,39.097798,8.365427
b442ed50db934dceac7bf688c5cb5ae6.jpg,Italy,IT,40.054391,8.577498
f40995ab153f436baf5694fc261cf6e5.jpg,Italy,IT,40.716095,8.495644
f869c569dec34ced9302190d476e9119.jpg,Italy,IT,40.899013,16.436571
939454fdd325456898fb86b0172cd552.jpg,Italy,IT,42.261523,14.442519
34d187d07fdf4d0c8a00a7cc65236013.jpg,Italy,IT,38.011632,13.258588
fca65da7c8a947fe9d7d35070e98fb21.jpg,Italy,IT,38.021491,12.786637
3228c7d266af459abeb6c29186a8f3e5.jpg,Italy,IT,45.632604,11.001466
4e6b188301e548eda7cfabfc952bed4b.jpg,Italy,IT,46.158649,13.33613
820b3b1dcbc841949cfd6489968db8bf.jpg,Italy,IT,45.159782,9.986557
c4948358203742628b1ef265bec303c8.jpg,Italy,IT,40.872417,17.410479
2e70de8a31224a19b1b80572c522297f.jpg,Italy,IT,45.357325,7.931644
d454157000b0415b864a445a7de74afa.jpg,Italy,IT,40.466279,15.539392
4b71e882dd6f4719ab8261c9a709a11f.jpg,Italy,IT,40.286856,9.154227
7c3852990ad543a0ab21bee856e7a734.jpg,Italy,IT,36.79349,14.50493
e5ca72cd711b4a57bd24c0388407f11b.jpg,Italy,IT,45.37178,8.910829
c83de7581f8649f7bce3a88030556740.jpg,Italy,IT,45.861445,13.532614
b9d327cff778474fb4d98b6893e5c915.jpg,Italy,IT,44.124608,10.006682
13327168cc9e45bcae8b1caf4d553052.jpg,Italy,IT,40.926921,16.072173
cd373f67591f449d83401b393e7bf3f1.jpg,Italy,IT,40.598532,9.694532
88577de2d15c4c408be34ecab5c9af80.jpg,Italy,IT,41.177412,9.278804
3936d6eff50e4b4bb8b486cdfedc050f.jpg,Italy,IT,41.54833,14.755716
8485cb03dbdf4d82ae8991e797d1194c.jpg,Italy,IT,40.212728,9.550849
468430c32f8a4843bd17e998e71add20.jpg,Italy,IT,44.509457,9.793595
dcb060d5137c4bdd9f8081f1fe5e3bd8.jpg,Italy,IT,42.389363,12.674813
bd57e423cdc74190a1afd8f24cb18d4d.jpg,Italy,IT,38.433531,16.43485
1f6cc3115e804c5eb2e0735d212eb61e.jpg,Italy,IT,37.956651,14.954485
2823d639ecf64bafa4c2e81913998f3c.jpg,Italy,IT,43.580081,13.517412
059309340f9b4e14941788df555956bf.jpg,Italy,IT,40.775881,17.056954
0069ba77e4454caca74a367303668dd2.jpg,Italy,IT,42.779707,11.124759
b5bb8afbe6034f1d98eba8a62bb62cc6.jpg,Italy,IT,42.236429,14.475685
00dfe11207564bc499724f5639bd033b.jpg,Italy,IT,37.91754,12.539982
eeaf2eb490ad426e82651cb895f52575.jpg,Italy,IT,38.016369,13.265437
248013295aa04465a569644b8f0a2659.jpg,Italy,IT,39.288427,9.134572
736abc6bb09c4aecb72d47cbbb35a6ee.jpg,Italy,IT,40.530801,18.04382
08c327273339458e99658b64b96ee7d6.jpg,Italy,IT,37.338032,15.041791
f993666b61cb4eb587eb543bb7a1686b.jpg,Italy,IT,38.909648,16.416398
5b22bb42cf1049b193c3408ea80d6660.jpg,Italy,IT,46.044427,11.531352
e16c41962fb84a7b9c5b296ef420ac4d.jpg,Italy,IT,40.896219,14.307214
31a9b3cf63f24911a5b9677282d9177f.jpg,Italy,IT,42.593051,12.237133
32b3a1975c824b8e81b8517e269735f0.jpg,Italy,IT,43.904521,12.241276
d2cb053986f7445d9cc574e3e30e8d92.jpg,Italy,IT,45.797534,13.049166
49e4d407e70143f8a649a5dd998d04f1.jpg,Italy,IT,41.000731,8.901784
a35e7109c456410fa027c12dae3db3a6.jpg,Italy,IT,44.531273,7.518321
98269bf591cb4fae902ba757d5e61039.jpg,Italy,IT,40.634666,8.898934
d188404c308f4fe5a38b475aa0e71731.jpg,Italy,IT,40.66264,18.011801
07875689eaec4b2fa3d2cbdc6794cec2.jpg,Italy,IT,40.966933,17.114876
8faae40efde54014a03ecdd750b0e7cb.jpg,Italy,IT,40.793347,16.816804
481ac66838a4403d968b2218ca4a0d52.jpg,Italy,IT,38.650818,8.262431
271f4acce1aa4782a6617bd8d847d437.jpg,Italy,IT,45.866401,11.550691
dd1e99f81bbc419c934095a7d8ec4430.jpg,Italy,IT,36.799302,14.490966
4c4b34db9c704f99be01a8397e4ea24a.jpg,Italy,IT,40.07073,9.609386
25f1fb4e90ac4216b2fcbc6cf1bd8f36.jpg,Italy,IT,39.010358,8.38455
873fc2ebdd634823a10e73cce7932699.jpg,Italy,IT,40.59346,16.157511
e81c2a6164d5499bb0640083b0ae0327.jpg,Italy,IT,44.864462,11.696724
22fc55cc98f84c3d87188d088c07fac1.jpg,Italy,IT,41.551019,14.748481
813082040c954eb7907cb0543381077f.jpg,Italy,IT,37.83641,15.096152
48e7cec559e84b6399a60f72e00b995e.jpg,Italy,IT,42.57131,14.099177
80dc873a9f724c7a97c7dad6322330a0.jpg,Italy,IT,41.876557,12.378809
88175f5300f6402aac91f6f70e48c169.jpg,Italy,IT,40.986442,9.133019
7c19117d8cdb436b8d7159686b8fa7d8.jpg,Italy,IT,38.088568,12.753031
221e0c4c4ccb4b0da241ff3b03a1ca9c.jpg,Italy,IT,46.171858,13.020062
bd69c888c5284601b34113ce2a72a1b5.jpg,Italy,IT,45.716094,6.949688
f101ab03a70548efa2bf04c6991e28a0.jpg,Italy,IT,39.090965,8.386942
a3190f50c5a04b079ebd02a45cc7b4c7.jpg,Italy,IT,40.46751,18.178468
85b735cb824f4708b30c72368f1bc29c.jpg,Italy,IT,43.14721,11.893615
3b4ff63f86d140b4a9a8625ffdc72d97.jpg,Italy,IT,43.209444,13.776906
54b729bf5133456bb314f3b010ad2612.jpg,Italy,IT,40.972457,9.235749
e68afffe7abc49e79a971cd5f32ee9f5.jpg,Italy,IT,46.44734,11.906221
83ba44b689ee4f79aed37580b844c788.jpg,Italy,IT,42.187856,11.745818
8f44a674fd2747a1b8bcf2db8987ac38.jpg,Italy,IT,44.18213,9.863866
72b6a452560c4ee19f21ef6d709051c5.jpg,Italy,IT,38.650059,15.846778
389b5f7196034a9ca94ad19de43d6e34.jpg,Italy,IT,43.86446,10.850804
bf61e1a878d946b481e80266b3750854.jpg,Italy,IT,45.24649,11.006934
a6dba9d930d6472b890030f738cde815.jpg,Italy,IT,37.856413,14.921862
fb690ee86298461eaefa632774658342.jpg,Italy,IT,44.7331,8.365771
281677b091e545538414b06ca375eb7f.jpg,Italy,IT,40.854212,8.960839
ed1d7419b83a45a8ab60ca2c40fce4c6.jpg,Italy,IT,45.184477,11.00811
a54140a9d552414db4266a1fd8031998.jpg,Italy,IT,40.194826,8.987326
061e5dfca3b74607ab295f97e3f05dc2.jpg,Italy,IT,37.805217,12.451233
c2645711c5804e7e8693125703eef092.jpg,Italy,IT,44.219594,9.731962
7faf4ca4a71b4f68b5f6b6b6a59b6aeb.jpg,Italy,IT,45.644045,12.08884
7b7db7a464a34d659c79e40ee3616aac.jpg,Italy,IT,41.189527,16.414301
9ac50314b518479c9e1a78ddffaa46ff.jpg,Italy,IT,43.696067,11.406921
5cbca56b8cd34f279fd209ebb4b658d8.jpg,Italy,IT,40.89337,14.610598
b9fa3793434e452b8e75c76c74cde809.jpg,Italy,IT,41.022638,16.845639
c389c15f458d4f91835d6863e4f5c66c.jpg,Italy,IT,42.035478,14.837423
807d7390f054434b89323840b11d9711.jpg,Italy,IT,45.16209,8.148381
cfed60c501d54eee818d64363c30c06a.jpg,Italy,IT,43.241006,13.498804
c47509fe8154495e904e352dca1ff087.jpg,Italy,IT,39.150201,9.403848
5aa619b0e691400386b2f7774a46ba0d.jpg,Italy,IT,44.686585,7.20671
dcf6ce56f5ef4cfcbb80f1abee5057ac.jpg,Italy,IT,42.918409,13.889585
961b78d2f6074a5b8177a12e70f7c082.jpg,Italy,IT,40.569379,16.577708
8c04ddae3b954dbb88eabcaf184134c2.jpg,Italy,IT,39.254742,9.064711
d917dab31ddf4665bab4736f899e8de0.jpg,Italy,IT,46.694114,11.443871
476dd95ea00644eb99764da4960cf7f0.jpg,Italy,IT,40.736772,9.103658
59407328268b4001a7d9e1d49c42f05a.jpg,Italy,IT,36.740933,15.116421
9095e99b98514904b834fffd2f58d012.jpg,Italy,IT,40.731563,8.816723
2da0f13e6f564748bb8027f2a3519089.jpg,Italy,IT,41.549988,14.692774
561e9649a4304384960bbb45425badf4.jpg,Italy,IT,39.010606,8.384201
1192f67601a744fca467dd67dbcb4a03.jpg,Italy,IT,39.014313,8.417081
e14da463ea9b42e5919b92828f95e7c8.jpg,Italy,IT,36.948878,14.603721
2ec5f6324d3e459b80e197e4b13b586b.jpg,Italy,IT,40.486163,16.302527
b4782030bb9b489fa8893240513474e7.jpg,Italy,IT,40.912198,9.416038
1a62516cd3c24fe6963d75d1883b47c3.jpg,Italy,IT,40.215792,9.009714
c99b642c4a344ac4bc6f64b30d42ec49.jpg,Italy,IT,43.530462,10.540627
f7b3ff5bcf0b42868b35457fb8d51730.jpg,Italy,IT,40.860294,9.335879
5322e9acb8524b3b91976b4280057bfe.jpg,Italy,IT,39.300522,9.091151
3a2b85b684ce42db9bc9ef494e85392f.jpg,Italy,IT,44.588406,7.61681
2024c5b3ad014d25a59eae2ef7a4872e.jpg,Italy,IT,43.476839,13.638583
c946d14fc9d74419bdf7ec0c8ab822d2.jpg,Italy,IT,45.520621,9.687131
95dd69bb6a464c91b53f40de7f081743.jpg,Italy,IT,40.590029,17.465996
652e9b3936ae46f9bb0d1bd4f2ecca99.jpg,Italy,IT,42.224476,14.481409
90029bad59ea4c3cbaee881c9e657f97.jpg,Italy,IT,42.739112,12.076198
9c741496697c4ca5b9a98d9fd9fe3c3f.jpg,Italy,IT,45.36597,7.901622
5e590e9f044c43a2b3b47c645e5a1341.jpg,Italy,IT,40.662733,17.496178
447513ec939e4d45b3efe2d331273b0b.jpg,Italy,IT,40.912551,14.544998
93a07c84c24141eaabbb37bb983c67eb.jpg,Italy,IT,43.523707,10.616427
6978ff9f560b4179a34b00f2bdbcf038.jpg,Italy,IT,38.999769,8.419701
531c8712ec4e48c4a53e76d9a8820107.jpg,Italy,IT,40.595917,8.377185
9f25a5637ea7423394e422b6e14c05d5.jpg,Italy,IT,45.79368,10.942612
30c1feef2a5e4876a6d23d26afa116c9.jpg,Italy,IT,40.889865,17.388822
57ffc3899690411c9761dfd3c088553e.jpg,Italy,IT,40.113997,15.751762
2a65b65e3df447d283bc2640162084a3.jpg,Italy,IT,44.607325,8.064191
b674d81bc1fc4b77940e22828cbd0bab.jpg,Italy,IT,38.020468,13.597066
1bb2355722474e81821ebf8c3a0b7525.jpg,Italy,IT,40.23505,9.038557
5cd93a021a4741a98ee86f166b98ef56.jpg,Italy,IT,44.456408,10.653324
b5cf56b21a334464b4bb4b6b7f0e3ecc.jpg,Italy,IT,43.741132,11.239866
3e1ad282f9bf4881a52c7cc6d6303263.jpg,Italy,IT,39.291724,9.587711
59e0311d49ce4b4e96d329c73b6d0fc0.jpg,Italy,IT,40.261202,18.29868
1be62a25c2014d099de6caf29c3ba376.jpg,Italy,IT,40.800269,14.07726
aa70b4a35d7f4478bd278e6b6e75b4a2.jpg,Italy,IT,45.401273,9.600237
e2235ae793784d3baa208007aea5a015.jpg,Italy,IT,37.03828,14.392382
f16818bdedcb4bc8b34bae9d651f72db.jpg,Italy,IT,45.264543,11.767353
677a503a6d40464d8138caa249819c86.jpg,Italy,IT,37.040093,14.390464
eed567819a004460a7cb1ab6194c2364.jpg,Italy,IT,40.193129,8.985265
8d5ff6b7a7cf447c818eb28f0c8879d6.jpg,Italy,IT,38.048346,13.376082
2a959302707942aeac0867783cec0f8c.jpg,Italy,IT,40.767958,9.161889
9da324fd3b554685bf4b56a59e833457.jpg,Italy,IT,43.438383,13.243565
68363c3591b646a392a52971efb5ab1d.jpg,Italy,IT,43.313828,13.639389
33c0d80d80f34104ad61c79ab58107f4.jpg,Italy,IT,37.990032,13.869172
c5b70965fd524173a87c22dbd92f3be6.jpg,Italy,IT,39.22574,9.125288
62a11eb1996a41a1b41d478c5612b991.jpg,Italy,IT,45.622212,8.860589
f843fff299d34fd78da4745d434ba8c1.jpg,Italy,IT,44.864482,7.303171
e65ca9f0c9f946239fa257bc20a1df6b.jpg,Italy,IT,40.593841,17.773062
b340968fc21342d2a3e07b90c8b44b11.jpg,Italy,IT,41.22437,9.207108
a104382a1c4a4030b8e6d9d2d6b3d50b.jpg,Italy,IT,37.967095,13.772779
1f27bf5ecf6246879f379df68b573d02.jpg,Italy,IT,44.750111,10.916461
c636314df2a04418849269b0f7d572b5.jpg,Italy,IT,39.490327,16.958532
e9d6874c04eb41c4bc877f792ee2a70a.jpg,Italy,IT,46.665326,10.503575
3b2f9c238e654455bb83b3ca3199c18c.jpg,Italy,IT,46.593065,12.086592
6f97870138bb48eba47364573aa93c84.jpg,Italy,IT,37.185865,14.147442
b4219c36026f454485a1cea06794baf3.jpg,Italy,IT,42.035768,12.670716
55e27b12cafe4c4e941ffd09173808f8.jpg,Italy,IT,38.651099,8.350504
70dfc9b9e9fe4524be8e852cbffe6976.jpg,Italy,IT,40.732306,16.46995
c6546f6b76a6425ca9b37ae5c0f6c603.jpg,Italy,IT,41.754373,12.913302
66907e758caa4d54a3d1fad2de1fe8fa.jpg,Italy,IT,42.326596,12.214835
2536e421be06418dab7e4fc6d33dffc0.jpg,Italy,IT,46.029136,13.147041
f9eee776df1b4313b6feead9179286ad.jpg,Italy,IT,41.028289,9.096795
b8b64181a82840268a03a50091a129b0.jpg,Italy,IT,41.022901,16.845796
42c908f2017f4e338eab2ecfc0323fd5.jpg,Italy,IT,45.746048,12.202128
88036ef3219940c0a9927a1963d07f4d.jpg,Italy,IT,39.926577,18.385624
059e1d91ace34517ae074aca3f4c1ba9.jpg,Italy,IT,38.125682,15.007121
5b679301d550499492534b720627a32f.jpg,Italy,IT,36.824433,14.973957
880f9380f8084fcd8228ac87764eb1d3.jpg,Italy,IT,42.66305,12.513669
02fcc433a3684106b68a8457cb7ea6a1.jpg,Italy,IT,44.516523,8.9887
3b73cc942fcd4643b8630b85f67a8a81.jpg,Italy,IT,45.356371,10.750228
1009f75e3449465ba1ca481cbbfc8895.jpg,Italy,IT,37.822699,12.484546
dd3d527bf97b4e97ba0007aa98f1f8a7.jpg,Italy,IT,40.99501,9.220094
310f10cca5d24dda9f5eb9fcd7352feb.jpg,Italy,IT,38.173568,16.204609
7ef67420843d4e5ba1e8ac09c3562a06.jpg,Italy,IT,45.688731,12.667248
4dd67396a753484ab969d281f713f806.jpg,Italy,IT,43.233988,13.758248
adf2535d6a8b4a22af42d4c2546bdcd3.jpg,Italy,IT,44.742833,8.313086
42fce5a21c4d491a8ae78535e65e9732.jpg,Italy,IT,44.093478,8.052919
99a237ad0e9642388f210c4f431e99f3.jpg,Italy,IT,39.22141,9.188401
1ae90f5758f24d9f94133e8784aaf386.jpg,Italy,IT,40.570798,8.341528
b04f4ef8a98c4c18ba49962ea4bc077e.jpg,Italy,IT,42.163085,11.764379
fa1be73c250443dbac66218b988de3e3.jpg,Italy,IT,39.327102,16.047915
2906ee2314d041d5ac049e3e2a661d6b.jpg,Italy,IT,40.90686,9.381842
9d6f379ccec84149b3a2b58e5ff5503c.jpg,Italy,IT,41.061279,16.882803
2f492d3c394f4bdba55efa498d0ffba3.jpg,Italy,IT,41.557847,14.116482
d037e264248b40c5bab80930cf27654d.jpg,Italy,IT,45.733933,13.82301
927f1e3b54a14bd2893a31498a866285.jpg,Italy,IT,41.015234,14.81206
49e4a74405fa485497b4d2de8ba64923.jpg,Italy,IT,42.293354,12.687949
5d99f58344f04bd6bbe15992a05aefb3.jpg,Italy,IT,44.064179,10.441614
1780e5efac2441899959a8fc3c75c31e.jpg,Italy,IT,44.505133,7.616886
da4215b7574648b59f23caa8b7e0771b.jpg,Italy,IT,38.018268,14.063273
038757d2d54f47738b6c9509b7418953.jpg,Italy,IT,45.039501,8.428196
47b51e91309e41cdad45c4e29b1ee530.jpg,Italy,IT,40.52729,16.464582
34edb260c41243a78fd83c07e7532ee5.jpg,Italy,IT,45.786857,12.550729
bb3ad36da27a42f1a6025bbdd24c0a91.jpg,Italy,IT,45.37427,10.699576
8d8d86134564469f8ac5c4893413edb5.jpg,Italy,IT,42.046033,12.653597
ba18210c629949c3ba3292f397efa8bf.jpg,Italy,IT,40.840505,9.401918
0b2faa4f68a64d43981e9a15d1e532bb.jpg,Italy,IT,41.222383,9.189538
f45885760fe5437ba72390e6e23c619e.jpg,Italy,IT,42.08364,12.633498
fa8a3393e99741099a8c6b5e267eea15.jpg,Italy,IT,41.167784,16.742211
004e2663dd664c728eee9b671633815d.jpg,Italy,IT,39.079642,8.418951
0bf728691c3e408e934b2f2c1efddb78.jpg,Italy,IT,39.605362,16.679942
9f04bb14127b4383b923740298d4b876.jpg,Italy,IT,41.028628,8.949332
53836748482e42be987f37e1f31ab5d4.jpg,Italy,IT,38.995319,9.003959
48ef3e9fad6144be84eb884a97d3d1f0.jpg,Italy,IT,37.729188,14.831812
fe1706636f0f4f13b24e5d26d8ac4753.jpg,Italy,IT,38.070302,16.142155
0c72149df74043318248fe18bf1b8f07.jpg,Italy,IT,41.090086,9.234108
b347e61d686845d6bb50f9cad6b3dd4c.jpg,Italy,IT,43.19454,13.505253
485fc301ff544e349d552510f9c59c7e.jpg,Italy,IT,40.485485,16.303157
078278b89fc346ceb7a80ac5ae72f966.jpg,Italy,IT,41.030527,8.970655
ba8755b2ec7a4ac2b0af24d36a8cf652.jpg,Italy,IT,42.045423,14.817839
67ffef82ea624669bfc698d3ce8bde7d.jpg,Italy,IT,45.147205,11.042821
b8bf150ed1ce4de59993c15469fffc4c.jpg,Italy,IT,44.369709,8.031063
63d5c2a6ef434bc381b84dc6c23b0913.jpg,Italy,IT,45.165376,10.174545
3493c5da33ae40a8b4c6cbab032d254e.jpg,Italy,IT,44.955409,7.202041
3af9c580bade442ca099d2d16268119c.jpg,Norway,NO,60.083692,9.844815
7dbec6f915e143d5b3f4f939497ddf7b.jpg,Norway,NO,66.325794,13.127179
90de5c75acc0435fb02f120721e96249.jpg,Norway,NO,69.218521,18.090351
bad3b042b2b747eb979b427439af56a6.jpg,Norway,NO,69.442513,19.237662
f9dd17d2725d49828d7288bd2b105382.jpg,Norway,NO,64.032948,10.082914
4f18445c57494ad286b57b701b79ee07.jpg,Norway,NO,69.30772,23.879711
bdcc755616ef405a8782ef680ae44df0.jpg,Norway,NO,65.833744,15.022905
f5f272a187824f118717fda93c8f178f.jpg,Norway,NO,58.378269,6.119991
725db58f92a641d89c18671bc69f863a.jpg,Norway,NO,69.780044,25.169465
5307ca30a08b4dd6917a99c344df9d0f.jpg,Norway,NO,70.571605,25.240628
97e61c13694140f9bef9442ede597a11.jpg,Norway,NO,69.442884,19.2374
f2fc82b306d440eb98fa92aafc9e58ad.jpg,Norway,NO,70.189191,23.992714
f20d8ffc148143968b896f644ffb74bf.jpg,Norway,NO,59.830416,7.173284
f384e505e0ad49d4a7a0d0ad1a79d8bb.jpg,Norway,NO,64.038381,10.047166
ab07d91cd7c24d8c966511c471cf0a1c.jpg,Norway,NO,59.826472,9.908382
21f300cbaec644d9a56c341924b3ad40.jpg,Norway,NO,64.946288,13.180014
db310de6adeb4f4b8b296b0243c38f02.jpg,Norway,NO,58.822524,6.023049
eccaae397c6746d19c76d72ac31b381f.jpg,Norway,NO,60.786139,5.988071
59e5e8a0bcf94f8d99889c96922f9788.jpg,Norway,NO,64.035376,10.080615
87051d18f4d043f3ab592226b89b60c4.jpg,Norway,NO,62.903278,7.482746
8b73f1921e9b4a6f93ff5317effa034c.jpg,Norway,NO,61.624214,8.978518
239cb8ae3cf542daafa7fe719def1e24.jpg,Norway,NO,67.147835,15.455766
f716d84c0b9842b48436f13f0a129811.jpg,Norway,NO,58.409307,6.026609
459148b6fa824fcd8d0c6d94f03141bb.jpg,Norway,NO,69.487119,19.251727
a77646971d654fcdb5a204cfe8c65c77.jpg,Norway,NO,68.693948,17.993501
fde22f1aac284977b0ff1ed2595d4683.jpg,Norway,NO,69.376279,24.218811
d9f7860caf434e0b9d0740e0dc74609b.jpg,Norway,NO,64.81943,12.977389
15a5103de59749ceacb85ebff296fb85.jpg,Norway,NO,59.619231,8.853186
ad1d9c6b9fd446a98343acace387db02.jpg,Norway,NO,62.989831,7.851297
3cf5356c050a43d7bc22bbb75915e75a.jpg,Norway,NO,66.805512,15.426712
481aee8c22e44169a35e8530da85c156.jpg,Norway,NO,68.122873,13.370794
f1916fc655494aeeba9f808623edac19.jpg,Norway,NO,68.335733,22.928728
80dfbd644d83469e9c4a789b313a9e11.jpg,Norway,NO,64.500949,12.357345
ccf2f522fc8345539ed7d73e6b9b4e83.jpg,Norway,NO,64.40376,14.346004
1fd7b8ef63e84e8fb3839eb7130461da.jpg,Norway,NO,66.339523,13.411082
336908ebc8ef4461bdcc68352889e44c.jpg,Norway,NO,58.689543,9.008273
8f6f4acd6bd04aad9d5f878c3dca7e32.jpg,Norway,NO,61.65758,8.163929
b6f22381fdb7433aaf8b7f0c0e4b1caf.jpg,Norway,NO,59.475373,6.293143
e6abc0e3618e489b8a4dba143a2a4e43.jpg,Norway,NO,69.295155,15.994477
c572746d778e4d1783fb32eaac4e1ff3.jpg,Norway,NO,69.142503,15.751813
f5669dbb758f486ba193a9e756647928.jpg,Norway,NO,60.779146,5.873446
bb774c978d8242a0b02c6f5625784a31.jpg,Norway,NO,67.264763,15.291307
13e954455ec84769976cc1c522bfdc24.jpg,Norway,NO,58.785985,9.04434
9433b2b7e21145dd8e919f6b13535c0d.jpg,Norway,NO,59.342693,10.431067
e9fcb91d77174d1ca94c8c74c6488047.jpg,Norway,NO,67.315696,14.539568
8ab9d1bcf40b4504a70d022faa111d5a.jpg,Norway,NO,61.848349,6.147823
f3ba63a23fa74eee83a624b0337b9d75.jpg,Norway,NO,64.43191,14.315848
ec69ae8b102e4399935ce8fc0521ccd3.jpg,Norway,NO,59.403162,5.334694
953bcad070344616a8e8ae6839ed88b9.jpg,Norway,NO,64.719726,14.043608
0c0be5e4b92146a58350ea47671587d4.jpg,Norway,NO,68.227348,17.441107
933c074bc123446da31e1ab0d1da7466.jpg,Norway,NO,68.704582,16.527617
f76fa193874d40f4b71c900e097528d0.jpg,Norway,NO,58.313554,6.369985
a780e4a6b82f45b5a55cac97846eadd0.jpg,Norway,NO,66.659162,16.158711
221772e0153541aca76aaebcf875a2d8.jpg,Norway,NO,59.990617,9.923499
743149532c444f7caee56ec17268e7e4.jpg,Norway,NO,71.125607,25.716872
877c294e779e40079b91dee390650c22.jpg,Norway,NO,62.284201,7.195478
3ff21f6bdd17444ea66145e3c924d0e8.jpg,Norway,NO,67.297742,14.854269
a88c3d33a6b24dc9aae6149336e4cf98.jpg,Norway,NO,69.453678,17.346293
5f691ca41b8b4cf4862fcd4b449059ee.jpg,Norway,NO,58.720579,5.6254
8f69e95b3e4245018353908fa395e8b6.jpg,Norway,NO,68.192065,16.020364
92b878ace32d41579178b33839b202b3.jpg,Norway,NO,64.836724,12.993865
b514ade78944409e82a96ac90bb4b2ef.jpg,Norway,NO,64.380178,14.577786
e1efd3e739b54c8db5642203075b56a0.jpg,Norway,NO,68.472734,15.883281
7555659ee07d43e6883516f723888903.jpg,Norway,NO,60.253391,12.052348
c87df3c67378445ea168449655dd6155.jpg,Norway,NO,69.212354,15.874445
979878a8194949e0946f3a0408d8764a.jpg,Norway,NO,58.035236,7.618838
135947a797904efb94c9866df0ee0e00.jpg,Norway,NO,64.641555,13.822004
fbdc71dac7de4fb6bfcf3e83f746e141.jpg,Norway,NO,68.412237,16.690519
79c17dc8be944812a1a9081ed24066a4.jpg,Norway,NO,69.502021,25.468504
1380217e8c904e76b9b690641716b869.jpg,Norway,NO,64.026499,10.077253
8aece060f9bb421a9f4091e6e9998bf5.jpg,Norway,NO,64.562131,12.496298
2bd73217ee6848a18dd7bf2b2dd0ad6d.jpg,Norway,NO,59.63238,9.640728
0f9af9a395364ed0b9ecbfbdde2fb96d.jpg,Norway,NO,69.308313,23.879877
6013bf3f8c024978b27622f3b29b66be.jpg,Norway,NO,61.753985,6.275076
c433dd362db148309588ce6cc5a1f82c.jpg,Norway,NO,62.234511,7.150276
09aa4257218444c893f6470d865fe3ac.jpg,Norway,NO,69.621868,23.463642
38c66e210b004efea996fd8e1f979ae0.jpg,Norway,NO,62.854364,7.137688
a5462ec4b9df46ca87f4769c591216b7.jpg,Norway,NO,68.342967,19.086247
c8b9bb093afb480e8ad7fcde2fb3d044.jpg,Norway,NO,62.247509,11.760032
4a1fbf593551403487a03e909e4ead76.jpg,Norway,NO,68.467435,22.423452
fe366f89cb694c74a9a8207040eb112b.jpg,Norway,NO,58.489714,5.904369
f2153ddbc7eb4f2faf7960db1b6bac5b.jpg,Norway,NO,67.312948,14.534319
1277bc78aa8f41a9b340aa4804428766.jpg,Norway,NO,63.079286,7.7694
1ffb66a72f7e4f1aac7ae06f1405f511.jpg,Norway,NO,69.418495,24.717433
5a5947b5db0644428811ac6251e18c71.jpg,Norway,NO,59.914491,5.295024
cc0292bd4ffc423bb38fa74b338780af.jpg,Norway,NO,69.435636,19.254638
7d54c4ef016640ca924f388a4cc98596.jpg,Norway,NO,60.422335,7.723457
16daddea3be04d5f879a0845bb35ff9f.jpg,Norway,NO,58.492973,5.90957
12a42b086d2a483392ec3a8f103f456f.jpg,Norway,NO,58.895161,9.279777
0884c9352cf741baaf23a09af7abc74e.jpg,Norway,NO,68.076808,13.195852
1f11b54f133c43e9be18831b0214150e.jpg,Norway,NO,69.549169,19.022912
388d7689d8d6486d88b92eaac0b92d03.jpg,Norway,NO,62.664018,8.616142
816f37f14a19454bbe4d5fc204d6dea5.jpg,Norway,NO,67.651837,12.595054
6e5871d626634e77955a12952013b9e2.jpg,Norway,NO,69.439946,25.012518
c2f5a08a91464fe9b0fed2ec3de6f605.jpg,Norway,NO,59.586895,5.299061
2a7a87f11be34a6badd1c12debb5db7a.jpg,Norway,NO,61.429089,8.805149
e9ad3df7aea644bba091942b9e5e25f6.jpg,Norway,NO,61.407093,9.965637
7bd3b8d0b4a04f039355e34730f63828.jpg,Norway,NO,69.443907,25.301104
c27ffdf8cd8b40028811f341b20b0af6.jpg,Norway,NO,62.396852,6.202418
64682079e6ae46aabf994b0f58264484.jpg,Norway,NO,60.172467,9.675134
f3fee8b0ecf540859421a07a4b57a975.jpg,Norway,NO,62.99284,8.942544
8180cc89aa1c43a9959f354ffb18c993.jpg,Norway,NO,62.471293,6.12387
0ef93e2fe50b4be2b7112a87d0aae833.jpg,Norway,NO,58.902235,6.855525
377a6e9c63c949488291da7633e6ec19.jpg,Norway,NO,58.69433,9.014572
46b2e1de02ad4449895020701dfce516.jpg,Norway,NO,68.842188,18.268426
ad61e1fa76ff48e398da828f45ae1834.jpg,Norway,NO,65.212879,13.377714
db071721d29d409eb8953ec0e18a92f0.jpg,Norway,NO,61.93594,6.984994
6e5caeac647441ec9ee17625096324e0.jpg,Norway,NO,59.619452,8.837766
8f891171bda4477cb4684010e6fb93fd.jpg,Norway,NO,59.57913,5.708437
3b55634bc9dc4c19a25a9e3dd0b5f6ed.jpg,Norway,NO,68.335664,16.740072
b11dfaeeabe041be8b68dbc4b1118cf9.jpg,Norway,NO,63.239134,9.509742
03e2bda4d68f46a0bd56093ba2cea011.jpg,Norway,NO,62.239873,11.768325
48d033aa12994159be0c23b39a260438.jpg,Norway,NO,60.354723,5.242916
396eb45470764a38b02165f070a8aa01.jpg,Norway,NO,62.470561,6.190151
8c75546426c548dca5f2d2d4844a3708.jpg,Norway,NO,60.824691,12.672547
e42588fb3f624e90a93d93c909cbbc85.jpg,Norway,NO,58.379656,6.115144
01f43d18fb644adebebfc2358b031672.jpg,Norway,NO,62.957201,11.011846
cf4ae5a256e44bb38e7a3aea4156dccf.jpg,Norway,NO,59.94705,6.584035
85a55a70f3874ee8a94188c482c75d9d.jpg,Norway,NO,70.987527,25.7548
7b1ddbf0def04f06bd8faf8ad7b57ade.jpg,Norway,NO,67.256839,15.428849
b1676addbf3048e4b4a257f1ec0f5bbb.jpg,Norway,NO,70.674659,23.650857
e590a3d5b31f43b38ee0c49b0b462e66.jpg,Norway,NO,58.34455,6.316961
2bbfc5ca1ab2441b9876dcd8a0638f9b.jpg,Norway,NO,58.804293,5.601954
a2943bd0d8d04db6ac9b4e6b9def607a.jpg,Norway,NO,69.590388,18.281264
041d2441f5374cfa8838b04acbc3d85e.jpg,Norway,NO,69.219544,19.314335
7c26f74afe5f475fa885fe18b02a33cc.jpg,Norway,NO,62.485978,6.485301
0cfa6c1e2ca44ea49f74ee8ef4857865.jpg,Norway,NO,69.378812,24.129599
e74af46efbf94ec793f9a6c11c1d73f5.jpg,Norway,NO,69.081067,17.541947
9bb9da94ec41402da547ebfea964cff5.jpg,Norway,NO,67.298351,14.777607
4b21188c9d3348e2a155e05544fe064e.jpg,Norway,NO,58.926934,9.315328
5c45d89d495e4b179961dd5719dab5df.jpg,Norway,NO,59.914545,10.338974
b5f081e6734f4c6294da8c0cce322f1d.jpg,Norway,NO,69.603791,18.283336
ba73e2f76ad742a78f27c8cbbdf0aecf.jpg,Norway,NO,58.345042,6.190459
0dff167782094ca9bb7178784e2ee981.jpg,Norway,NO,58.902943,6.856785
45abc2d04a394041bc839db35a20d29e.jpg,Norway,NO,66.316632,13.297645
d2ae6848cbb84481b870eab3430da467.jpg,Norway,NO,68.661656,15.519513
5aeda7a1201f447e96e80394c2260d3d.jpg,Norway,NO,70.892083,25.67787
2d97e3aab571403590f78abc48b9faff.jpg,Norway,NO,61.921863,6.817851
fbc970640c0c47dab9b757459b6abfb9.jpg,Norway,NO,64.246367,12.183871
37641abfe31243c8b5ea2a5c25bad077.jpg,Norway,NO,69.234997,19.336997
1653f793a6964b2095846cd87714867d.jpg,Norway,NO,70.407415,24.492517
7bb43e7e64bd44eaaa4701318398316a.jpg,Norway,NO,61.108933,9.107127
1a22e1b982d14e7cb9347eea4f6e8e5b.jpg,Norway,NO,59.022242,9.719295
e4f20108674040ac97f854287514c8c9.jpg,Norway,NO,66.292976,13.767733
fec7b475684c48659e2169429c7bf6af.jpg,Norway,NO,61.517575,6.64354
cb6bec47c62b4ec7a339146bfdea15e2.jpg,Norway,NO,69.206448,23.687687
c80a7b1d63f2413a9f1de4f8fb1a8fa1.jpg,Norway,NO,61.150656,9.045609
2c1519c14dc644aba8e91b1670234ed6.jpg,Norway,NO,62.434281,7.898411
c30704c668b34745afdf340d9634b081.jpg,Norway,NO,62.229945,11.777898
ab758f8add344ea194f15e08214664d9.jpg,Norway,NO,68.993804,17.72014
2ce7bac5cf5a43ca9a718ebd871f5b4a.jpg,Norway,NO,68.391602,16.641245
ad1b05f0a9764d849987b18a09408989.jpg,Norway,NO,63.984191,10.131267
850e16dc64804dcb9c396774c685011f.jpg,Norway,NO,68.434071,16.007621
b54277e4fcd54407bce6c609d1c427cb.jpg,Norway,NO,59.635947,10.696542
9ddc4cf5059c4ef5992e58e0a82cd55c.jpg,Norway,NO,67.074285,15.380477
fd9531545b36418097708c4ddb93edfd.jpg,Norway,NO,70.04132,18.818739
b9275c7e5fe549da8ebe794cd50748db.jpg,Norway,NO,60.65516,8.036733
10275b4a626b4b0c8d8e23510d837651.jpg,Norway,NO,70.087116,20.045707
c12ed7de9ed34b568af5c253eded5720.jpg,Norway,NO,68.356238,22.890018
7c47cb531481439da5402c875618ff38.jpg,Norway,NO,58.0523,7.657863
af0ea7792881483f9e8e3d97ae6855e7.jpg,Norway,NO,69.44177,25.052573
1bc9a389f8f24f90a1f5844ec962b961.jpg,Norway,NO,58.899947,5.613494
8a28c6fa991b4ecc951c0fe2ec9fbcc2.jpg,Norway,NO,68.375271,14.460021
dee1b1d659ea4dcd97fc23d866258a9e.jpg,Norway,NO,59.678453,10.810504
6fae79d9ec5d4d1db1825d5a85035316.jpg,Norway,NO,58.263116,8.166065
c76cbc00eae14f598540d7528b184b65.jpg,Norway,NO,70.870635,25.787087
ea88db15c5054389becd468f5a8cd3a1.jpg,Norway,NO,62.721692,11.339061
edef6fa09354448ba8af8d19df7e890d.jpg,Norway,NO,70.877155,25.732566
d971ddb9c5284e26a15510c7a772fe2d.jpg,Norway,NO,69.036203,17.883708
6c488de154b54ccc8f48bdc6da8126bb.jpg,Norway,NO,58.220259,7.93342
2d42c7d7db514164b153a04c635c26a2.jpg,Norway,NO,59.675637,9.635643
27aa2a7b609b4f3bae8d6819411c3281.jpg,Norway,NO,61.309932,10.173958
75c5038ebd3349e1a8a4109eea9ea35d.jpg,Norway,NO,62.555558,11.321415
eee855e6e79f429c88215e9bd8ee8c0e.jpg,Norway,NO,69.730751,29.663183
cdb8b0d702654d66a4fd96dc603d2928.jpg,Norway,NO,58.381661,6.110735
35ace075fa2146b69ed4086d93991f13.jpg,Norway,NO,60.346999,6.184473
bdeafc4686374642b577babe00f947e8.jpg,Norway,NO,59.148515,6.204145
2d8523c4fe7c4e92a80d4a205409942c.jpg,Norway,NO,58.324959,6.286022
9e1a2d3f75f541ae81fdb983b249fac6.jpg,Norway,NO,61.713566,11.973162
f197f56479624a8cafb47892dda3a165.jpg,Norway,NO,60.53028,5.156333
ee5aa3db5107471eabab3a2894c8579d.jpg,Norway,NO,67.155284,15.467767
a45a34a4e2d44d0f95cde05ec51870ce.jpg,Norway,NO,65.116402,14.524211
69fd961873844b4897c4cffdcb63cd81.jpg,Norway,NO,60.169705,9.687661
b00232123c0040c1885ddde730095f8f.jpg,Norway,NO,60.388665,9.561476
4ea2e3482fc3410b89c26a267c74cca4.jpg,Norway,NO,62.559321,6.127328
91fd6276d06d4f33afc48a8e404a0a0f.jpg,Norway,NO,62.873298,11.186421
88f0b94ffd4d47f0a7eb76e3fe3bf7bd.jpg,Norway,NO,58.68264,8.99526
6d2715c62d2643069b913ffd3644d8bc.jpg,Norway,NO,60.127198,8.679535
4bf0daf20520463baa16b8bd0925ea73.jpg,Norway,NO,68.354185,18.808385
714eb9594025478a9d3872764d238fb4.jpg,Norway,NO,62.510117,11.27255
2f9a594736f4471cac05ce7e5a42ae16.jpg,Norway,NO,69.693444,29.370987
5972085263b14f5297fc1108ad8eba21.jpg,Norway,NO,60.373627,10.354053
49e5cead8e0946a08e005607b9b080cc.jpg,Norway,NO,59.016574,9.724087
b965c5e29c9e4fd682b47b285764a4ec.jpg,Norway,NO,58.085241,7.808552
468e1302eca64d0bad5b19608ede8c24.jpg,Norway,NO,66.577339,16.299927
f5957cdea38246208a1880a91063beb2.jpg,Norway,NO,59.401576,5.334451
36f80dffffdc47849462b3ebe5e413a9.jpg,Norway,NO,69.103803,18.206969
1d6f897c3b334cedbdc9f4dd9f8cf8fc.jpg,Norway,NO,69.296497,15.993463
c7916c46174a46e7accb061d0edbd59f.jpg,Norway,NO,62.201286,12.950278
f0639914825143a9b871aeca977f5a08.jpg,Norway,NO,68.856004,17.984385
15e21b9c70c44e48a2146354f1609f60.jpg,Norway,NO,59.982818,6.565605
e640fcb750634ddd86ded99c317e3262.jpg,Norway,NO,58.259866,7.971655
bcfdfe405fe74869b686d85b2cccc41e.jpg,Norway,NO,68.470124,15.177412
4690cd5186d444a5b6836fcfa02a4ac2.jpg,Norway,NO,59.664269,10.872223
413609e69ff44aa7a2cd7f1c27cb7aab.jpg,Norway,NO,69.376497,24.057266
efedf0f6e8a342e7a841461d75f40b8f.jpg,Norway,NO,68.38382,14.590561
04f7d760e8ce4562ae2600cdfc4e78d3.jpg,Norway,NO,61.762604,6.24775
97e0eb1ab62541d6aec1141b0cd77723.jpg,Norway,NO,62.54223,6.125243
41e95c6a6c464c6991ef6df514ff6dd3.jpg,Norway,NO,61.960859,13.008505
b01505c0d7cb41e09c4d8f0e8df8cb0c.jpg,Norway,NO,67.133911,16.068319
554b7be5beec4694a2476d914e0a0241.jpg,Norway,NO,62.535577,6.126951
600cc5715ed440758bb13d7d3c798ded.jpg,Norway,NO,68.678589,17.915426
5349b54ec0184195a2bd9f821be07eec.jpg,Norway,NO,68.8293,18.225257
92b52324d166407faa8948bd3c6f1bf5.jpg,Norway,NO,63.579815,10.187053
5600f6c4a48a44c99bb9ad1a550ff5a5.jpg,Norway,NO,68.248372,17.412452
833d2c2b6fe847d7a467978c482b35a1.jpg,Norway,NO,69.44072,19.239649
2df072207f5d4756b55948bbe442e4f3.jpg,Norway,NO,71.116361,25.700246
901e08dbef0e4444ae425f2df42e4ee5.jpg,Norway,NO,70.9886,25.750461
c053840bb8e14e72a673f361df506ef5.jpg,Norway,NO,70.296526,24.174526
3760bb719f214c7eb93d0f3b5017b708.jpg,Norway,NO,61.718288,9.532794
4ce4e1c4979043f780de0e169f8b9b95.jpg,Norway,NO,58.143277,7.863374
6eed389be0924d8f9f5fa3cdbeaea418.jpg,Norway,NO,68.831645,17.373688
521f4317755b4b1e8d58847e9911a214.jpg,Norway,NO,60.433986,5.28481
9e9d703fb5b043669a5d5a9f6c0659a5.jpg,Norway,NO,59.686383,5.186006
d0f34a91f51541fba71250320eae65cd.jpg,Norway,NO,61.982009,12.979908
74c325c8b2bb448d9b7b2a0f4dd25a3d.jpg,Norway,NO,68.129661,13.385885
e284bd07849d49ebb654a49470aad71a.jpg,Norway,NO,58.33454,6.250226
1f26c7306f6040bbaf453baeb66b59bf.jpg,Norway,NO,69.131185,15.671986
e9d5369bf9824216b3e3dce602ccb759.jpg,Norway,NO,68.992673,17.720836
cfdfb786641e413b837c6f9eff09f454.jpg,Norway,NO,69.729689,30.053518
05a3a68959364bbf85541fd82bce2dbe.jpg,Norway,NO,63.194034,8.879119
69bd279219b340ac8ff1c39040a881c9.jpg,Norway,NO,69.497685,19.248906
4d3dc4ed08d54d97b229b9c315070e63.jpg,Norway,NO,62.972573,7.306313
df34132c110947b390ee6fd74bd12f12.jpg,Norway,NO,59.909556,7.211085
6df5dfa1b04747b2bf0bb6bb1f849c71.jpg,Norway,NO,68.511596,17.097311
c4c8aa15d5d046a69f83d6219ad445bd.jpg,Norway,NO,59.422464,10.706679
4ff38e3a6fa841b5854a6361a889f195.jpg,Norway,NO,68.613993,16.516442
49b2355f194d455b929ffcc6c155a552.jpg,Norway,NO,67.102071,15.470053
51511edd786648eab9956842c2a7fbdf.jpg,Norway,NO,69.625239,18.973685
e06d07d864dc4d979dbd30b18766c918.jpg,Norway,NO,60.042989,9.866692
fa622f38a0d54e5785f3d045ae8ca6b8.jpg,Norway,NO,59.929833,8.929209
68bbd5173e9047e9b98eda622587e86a.jpg,Norway,NO,70.189232,23.992196
aec27abc623e4d95806f3036b68c3752.jpg,Norway,NO,67.251469,15.429435
a5674e4004824e50a9be3d17870d4b3a.jpg,Norway,NO,66.755091,15.834581
21fd19df38fc442c98f9d82220f93d56.jpg,Norway,NO,58.097743,7.001151
b6890bf0d61244e081e8c69f945d2f10.jpg,Norway,NO,58.939517,5.574043
a2dce87789f84933b54d17504420651c.jpg,Norway,NO,60.779111,5.867994
9efe456471254b6b81b3a5eed33119f7.jpg,Norway,NO,67.308332,14.531155
430ce460e5344593b9ddd10a03999a44.jpg,Norway,NO,68.335551,22.93107
c61d2aaa97554b358b7c2617f2b08810.jpg,Norway,NO,69.221403,15.923508
61536f5f15c34bb98bdb052a336923ab.jpg,Norway,NO,69.275906,15.970056
76cd84532cad4aa79e42b087387a491b.jpg,Norway,NO,68.775022,17.801352
a76ee490d5014546b697678125911ecd.jpg,Norway,NO,69.378727,24.129898
f755b22c125345a3904effc2e12a4b45.jpg,Norway,NO,65.082534,14.630677
c9191ed6b5a8449090c5958b794e214e.jpg,Norway,NO,61.750603,6.342939
a5dfc52be00b44209865d6b38d817563.jpg,Norway,NO,58.039906,7.610576
52c4865169474cd286276626d9a3de0c.jpg,Norway,NO,58.535159,8.846884
a09f00c9933b444cabf0f490f4870295.jpg,Norway,NO,60.405895,9.496107
852cd3d35aca44f1be70dfbe75f8f740.jpg,Norway,NO,61.861721,6.095785
d953c3faa2a245cf91d00b67fe6a6d6d.jpg,Norway,NO,59.779968,7.312403
a284bb5c149646d888f0059b21640789.jpg,Norway,NO,60.545229,8.23731
d2aed15c1f244b20ac618d478eb499e9.jpg,Norway,NO,62.08673,9.17387
564069598fd64e998ce301c966a0737e.jpg,Norway,NO,68.247019,13.704463
81074b6af15a4b82b24bbaf2d8514a89.jpg,Norway,NO,59.393949,10.735482
0eb4adaef7e84ad7bde72aec23e3f108.jpg,Norway,NO,67.260499,15.433198
043d6117686248678e87f08088bc8748.jpg,Norway,NO,58.306187,6.422033
065af1d897f24e32892db300c218d95a.jpg,Norway,NO,68.502395,16.894419
2c6e00daccdf463ba147361de8804072.jpg,Norway,NO,69.219644,18.090956
014788dda4ab4cd0974ac28a0bd448a5.jpg,Norway,NO,66.469251,14.856078
8125d4269d1848e3b0c4a3639f1fa952.jpg,Norway,NO,71.115056,25.700177
b1f312cb657b41fb800825944f14f9f9.jpg,Norway,NO,58.282534,6.454373
55891575f2af43ec950a020b85ba2f50.jpg,Norway,NO,61.828854,5.503971
f629a323b3814f1c9caba50128a3277b.jpg,Norway,NO,66.317393,13.300788
89c534eda6a74844aa42d82b23eae485.jpg,Norway,NO,58.405315,6.030694
7bdf55e78def4078a07633b22ad41fb5.jpg,Norway,NO,69.611981,18.332726
e70f60856cc84152819669e21dc933bb.jpg,Norway,NO,58.336997,6.262142
6d4b1b9dc2b546208129d72e476d558e.jpg,Norway,NO,68.908077,17.759884
e4f47e20f37b4d059ee78be2408143fd.jpg,Norway,NO,62.507846,6.106246
bee763a63ddd4a64a4d594e907b08072.jpg,Norway,NO,58.912374,9.301691
e847f342708e483fab805a02b4bba923.jpg,Norway,NO,58.427187,6.014318
b36145f572014a60839e20a74479e2af.jpg,Norway,NO,69.083007,17.544666
d18ff07570504639a10737d482965b37.jpg,Norway,NO,67.091848,15.412091
a3f5718b0a8846bf803d75f25f12d4f0.jpg,Norway,NO,64.090425,11.522838
8de6da23c9ee4268bca1a2d25094c7d6.jpg,Norway,NO,62.446761,11.399143
5b25a8ac59d94a768c268841461963bd.jpg,Norway,NO,64.427028,14.330503
622c9daac697482bb0d6630557dac221.jpg,Norway,NO,69.298943,15.996955
57a443b1cd71461d81f27693afa31dc9.jpg,Norway,NO,58.866888,5.622738
304d701c498b4117ba51a93f5d388f1e.jpg,Norway,NO,59.981387,6.566081
e2e9eeb0a5944736ae614067782d0900.jpg,Norway,NO,65.035963,13.276254
32d1385c28894607a32aad33db51602c.jpg,Norway,NO,68.682781,16.539285
66a67f4217494aef90ec5ed83efe2428.jpg,Norway,NO,61.779958,6.210665
ba9ea63c8d8a4c199d3a4dd84af4ef8b.jpg,Norway,NO,68.401461,17.474448
980bed1107ae48a7ac1c92c1f80e3eaa.jpg,Norway,NO,62.480583,6.455667
a8db269dab3d49eeb871448f3852789f.jpg,Norway,NO,63.936447,10.222638
bdc6afc440204e6c9d457908661839f8.jpg,Norway,NO,66.419324,14.761382
f8b6e2a89db2485b925e5cf21b20b949.jpg,Norway,NO,70.028394,29.130995
a651efd8ede14851b88726af7b2968a6.jpg,Norway,NO,69.151995,19.050857
bccea56bdf6842299c7799002f27afce.jpg,Norway,NO,67.65252,12.595429
3993b0b0923345779d57270018ea65c9.jpg,Norway,NO,61.782581,6.205661
5202c54f6762468d99831ec3e3803ed9.jpg,Norway,NO,60.24325,5.367878
b2cb726b41b046c4999de3b21390d2d2.jpg,Norway,NO,69.075762,17.542147
ebef8949ec084e76bde2bfcb0f2ce374.jpg,Norway,NO,59.851682,5.350003
08952adbb6844320bd4fac03208d3b63.jpg,Norway,NO,68.247469,17.412896
02e0c2065d3449feacb4b0b81eb6e89e.jpg,Norway,NO,58.999442,6.087284
64b1182ebf9040b8a9f3835fc7184d16.jpg,Norway,NO,68.548384,16.196959
958099ee19fc4dc997fc1a883b8efd6a.jpg,Norway,NO,62.4711,6.124141
45b60ab85a434ed0a779f2a36287ff6a.jpg,Norway,NO,62.663497,7.504277
c86af391c8224572bdc1e7b09faea18f.jpg,Norway,NO,59.74147,6.66121
33af968b86de4ac98b3746acf64c4722.jpg,Norway,NO,64.721576,14.039206
32fa52d4e14e46778dfd779ece2eaa84.jpg,Norway,NO,60.613676,6.35752
ea2f92d0a50041dcbd71ca6510f7786d.jpg,Norway,NO,69.20478,23.716327
018268d2fd8a4bafbbbe32f8a8303ced.jpg,Norway,NO,64.950148,13.183342
3892940b073748599957ffc87586b069.jpg,Norway,NO,63.7239,8.836455
8445462cbc5c43a4b10d13d9e1bc5882.jpg,Norway,NO,61.386876,8.810942
24252fc9ef924fa0b4742ffbd4f9dc33.jpg,Norway,NO,62.134172,12.966584
b2d4f930189f462aba1760fb662b46b1.jpg,Norway,NO,69.084995,17.550297
84409e639ab8446a83dd5284b2ddb8f1.jpg,Norway,NO,68.389003,16.869732
40bd5e18347c4303b1a44ace389427a2.jpg,Norway,NO,60.902419,6.861809
076556722350427a9f1114a87f0bb64a.jpg,Norway,NO,69.438057,19.246305
e81eb704ac3441e780f1f222c1a17fbf.jpg,Norway,NO,70.045651,18.888101
b084fcb9af6449e89a495ec279b7ab3d.jpg,Norway,NO,58.905317,5.72673
1e7c8448d45448c1a1bb5ffdddedf684.jpg,Norway,NO,64.037518,10.04995
e23233f6012341db93334ffce3ac67b7.jpg,Norway,NO,61.504297,5.74456
c107b76f3d5b4258afe5159974c6c67f.jpg,Norway,NO,70.062612,28.949834
fa4b3852c8a940e8a540a469bb2da104.jpg,Norway,NO,62.341655,5.868443
2f56d0e2f2544484852f3cd69d539e1c.jpg,Norway,NO,68.096722,13.245256
f6bf7a4d83884713bb95e19c8276c947.jpg,Norway,NO,70.21878,24.075255
c7ed73e57d624410b31906a8c34e0273.jpg,Norway,NO,69.206673,23.692123
756302dd6cda418c8d4cd2ddc94bef77.jpg,Norway,NO,61.857906,6.203139
c11de369cc0b403abf74356b0c313ced.jpg,Norway,NO,63.58367,10.802261
5aa5a27d848e4c2382dc5c9c17cadaa8.jpg,Norway,NO,69.61203,18.93814
aee3ce54d15b416e8d1c6aeb39e0094f.jpg,Norway,NO,68.33124,16.7333
bfbbac4dd78145b9a64841597b75b6c4.jpg,Norway,NO,70.8914,25.678986
328cfdf1428740b193194cedfdd2e8cc.jpg,Norway,NO,63.461498,11.184321
06a036395c434c8e8e936d3a6d6b6fcc.jpg,Norway,NO,69.199731,18.066862
689329e58a004e8793b73667dc69b52c.jpg,Norway,NO,63.976028,10.208195
b7f88cce4b7f41a09621cd6f561822a3.jpg,Norway,NO,66.783132,15.467021
e2e9706c3e2e4fa9b30170f0fee15dae.jpg,Norway,NO,67.046747,15.237464
7fe3d4b23b5b407aac44ff48ab1c7e7c.jpg,Norway,NO,67.322036,14.619379
fbfd975f75a449de8aded6419e15fead.jpg,Norway,NO,64.752732,12.860303
42187ee8660f4a1da9c2aa5473ade0b6.jpg,Norway,NO,58.292464,6.442186
b48ff83b062a4d78ad85a89616463aa2.jpg,Norway,NO,69.612478,18.938375
bd3e0068cdd04c11b9357baab00acb0e.jpg,Norway,NO,61.072149,9.139598
99ae2c52568d4a968bb64a158f9128d3.jpg,Norway,NO,69.462859,19.239782
8ef878b370534109b9809f1429d4cdb8.jpg,Norway,NO,65.676054,14.168402
9c954540774842b28e9a4faf61c13e55.jpg,Norway,NO,70.297101,24.175768
eb964975d37f4595847af5776a234d5a.jpg,Norway,NO,62.536714,6.127765
ea1a755afc9c4ae49b887925c8f3c797.jpg,Norway,NO,59.81384,7.214647
47a42e8c6edf477bb016c225b07aee15.jpg,Norway,NO,60.258014,6.229936
0def33bd8f4049c19e14dc5e93e8ae9d.jpg,Norway,NO,58.411325,6.02607
1a9c477be12a4d11b979aad489089499.jpg,Norway,NO,60.082473,9.846815
e5870650c13f4405b45685f393a930fc.jpg,Norway,NO,62.682976,12.445094
2e9fe5c715e944dc8ec9f356de35a396.jpg,Norway,NO,59.685614,6.508011
abbfca449fd94a16a7492a39a5d117be.jpg,Norway,NO,61.339571,5.755509
54c8b08768df4bf484c2eb8a18bdaeee.jpg,Norway,NO,60.620862,8.203643
86ad17850ca24b55a75f9681c6eb2558.jpg,Norway,NO,60.628291,9.900202
80d5a850ca3547c9af665df0ffb45b08.jpg,Norway,NO,59.708193,9.786036
c1bcc3c8594e42ea9bfa7de993c9330a.jpg,Norway,NO,63.992221,10.182607
281ba86750bc45249654701c8aeefc50.jpg,Norway,NO,64.926022,14.208947
424a75e1f02a4f72ba24bb154e7c6b69.jpg,Norway,NO,69.699748,19.003698
4471a91c201248bb913b1d312a04e7d1.jpg,Norway,NO,62.717222,11.34993
cb050e1343e1457bb9550160e9092023.jpg,Norway,NO,70.163093,28.57018
8bdfd57658bf450bacd830168bad49a4.jpg,Norway,NO,62.053501,7.248536
f87698b8c7f843ca9a32311d3b593a34.jpg,Norway,NO,58.427772,6.013623
0600c77f10de4ff09d55755a2b6f7e5a.jpg,Norway,NO,61.685757,12.001238
e0d8e4c16c1046ee9bfff7765c5e0eb1.jpg,Norway,NO,62.557737,6.114056
5fb6ba30b70e48029da16d677779ce9b.jpg,Norway,NO,68.416129,14.678166
7687d57cd4744ee7a26813d78ebb0f04.jpg,Norway,NO,60.734686,12.668758
ff22134760d64075b0df8e1dfdc42841.jpg,Norway,NO,62.468812,6.292679
076d489644ef4cccad91a4ccea2413d1.jpg,Norway,NO,58.143655,7.864008
15c20a0a50a14d2680038ac4e56c29cf.jpg,Norway,NO,59.853158,5.349373
9ea0dd1778604a0892430080a15eef5b.jpg,Norway,NO,69.428441,25.078536
d5ce33df381f4b00b557fbc06a9abbec.jpg,Norway,NO,58.264023,7.657612
54278207a86549b5a9fd41459ab61317.jpg,Norway,NO,61.865314,6.273277
2bd1cb934a9048e68dec773b7725234a.jpg,Norway,NO,62.471209,6.329362
78c81c60eb72479db2f506efa15a5dcc.jpg,Norway,NO,70.29497,24.155149
53c37fa6039b4d5bb5f7f48ebb40c780.jpg,Norway,NO,61.539009,8.88646
9090b146022a45738eaab09b36ea477e.jpg,Norway,NO,68.569323,12.697176
2441cdef3938476198b2608d5e698923.jpg,Norway,NO,62.470196,6.117704
d3e58b0082344515b677a19880322cf6.jpg,Norway,NO,61.237663,12.612807
da8f684ed7a145a5a94090bb33fbdc3e.jpg,Norway,NO,61.929216,11.766155
48798a569c744d9194200147fd85e2e6.jpg,Norway,NO,69.205414,23.619852
d9e6f52cf80146328ee47965fabd34b3.jpg,Norway,NO,68.441166,22.477791
5480b62f9fe646718de91032259029c5.jpg,Norway,NO,60.334285,5.262502
75581733acd4400a967b50423aedffbd.jpg,Norway,NO,62.050426,7.25137
665e9c2a13df42bda0550b2c8689aa92.jpg,Norway,NO,60.439508,7.789686
22d7848683f74f70a837f81838a28a95.jpg,Norway,NO,71.00961,25.894459
b913e16f62954e33b80d8af2a61506e1.jpg,Norway,NO,58.338168,6.261703
2b5c2b102d0a43e482e1f4cc15a1a08c.jpg,Norway,NO,68.337369,16.349202
7a3b02c734bf41f4b0e92ae039639592.jpg,Norway,NO,62.486727,6.57758
69fe764d473f4cb19324c51cc9905a9a.jpg,Norway,NO,61.580103,10.062454
a6449b70df0a4e72b929793240639f52.jpg,Norway,NO,63.301408,9.74615
b82b61dbf9a94241bad0bd3e640ac4c3.jpg,Norway,NO,62.4708,6.185923
80cba919707d409aa98a8df05b87d947.jpg,Norway,NO,70.978501,25.775464
c45363b7ca5a43698ff35d0cbbe37ed3.jpg,Norway,NO,63.584225,8.96191
887398f6a3af485b9475271c55ccf063.jpg,Norway,NO,62.94322,7.20125
eaa20fc8b1dc4de0a51fd035dad770b3.jpg,Norway,NO,60.212253,5.410286
26a0340c23de4746b35041c4acafdb46.jpg,Norway,NO,62.240684,11.767514
25ab8396ef7f41b784c54f48e25ce100.jpg,Norway,NO,67.162673,15.48651
d7dce27aba974467ba732d13da8f03de.jpg,Norway,NO,58.351459,6.175411
c92bdf93ef4949e2befdada4fdc58b31.jpg,Norway,NO,59.650749,5.479506
c703357b7964466ab7e6ac0c404656ad.jpg,Norway,NO,62.543455,6.124644
25bcb2f91ba44e5ba6898e5fdf470352.jpg,Norway,NO,62.056898,10.723747
4472b3143bed40a2a1eefff884ae8fee.jpg,Norway,NO,58.416207,6.021846
dced844275194c88b09d338d5dcc4e1c.jpg,Norway,NO,66.689591,15.426246
e652adffc35743619f5f215bb1b0ec3f.jpg,Norway,NO,69.629725,18.968395
6242c39d23754da5b52d27b1c2321e29.jpg,Norway,NO,58.254256,7.517902
a2e52d73cf094f139534185bb9c86d6a.jpg,Norway,NO,68.383406,14.590031
00cffab329d1441c8886b9ebd6cebaf7.jpg,Norway,NO,69.377999,24.059308
d28b648a87dd4d4ab29eaf4d67e49529.jpg,Norway,NO,59.110323,6.352322
58ce1e33dc2f4d3a8d19bdc5523aea40.jpg,Norway,NO,58.335695,6.26337
73450f32690c41da9ceef5d8347524e6.jpg,Norway,NO,60.615183,8.523274
1eef601098464fc6bc4efcb2da796428.jpg,Norway,NO,58.43395,6.011861
607e195539b94a75ae6edfb2d22ec4e3.jpg,Norway,NO,58.160948,7.950473
b49f9e7f024b4d5d983ac36012d7c4fa.jpg,Norway,NO,59.803125,9.897395
7e9a2cc50cfc4664a112469c4bb2c537.jpg,Norway,NO,69.082657,15.563348
4956932095b54009b7763b5ebf4d71f4.jpg,Norway,NO,69.423994,19.277515
1a4d13f7414b46cbbda273e54f30f86a.jpg,Norway,NO,69.257743,17.95031
2432c6509b5d48c49d398c587e2fc894.jpg,Norway,NO,62.237901,8.257082
b4c023aef0524af2a80438d1401bc110.jpg,Norway,NO,59.973889,6.572586
b9f412ad02a64654a1cae945bce1df7e.jpg,Norway,NO,60.878976,7.25755
f03bced455e749dba45b8135f92ecd98.jpg,Norway,NO,69.513817,19.252509
0b3872e61eeb48848d45fc0818a7984b.jpg,Norway,NO,69.097039,17.638162
9e33b50f823e4590b49bc814f4816fc5.jpg,Norway,NO,68.699009,16.557198
e36e37d61ec74b0386cd5d600168bddd.jpg,Norway,NO,66.356553,13.003395
ed41611072e449eba73a287a0b749391.jpg,Norway,NO,61.117543,9.096984
3620856061974e039f3ef74f481b28f5.jpg,Norway,NO,61.850242,6.372447
7b4b6601a3b84b4383283f3c9c6a3dcd.jpg,Norway,NO,58.907531,9.298824
5ec398a34fc843c4aa1966e94d5d280c.jpg,Norway,NO,61.810566,6.151639
704bdb1b6ab242899d1a615efc152e4b.jpg,Norway,NO,64.039022,10.047686
df3b5f063b2c48a58c722940706b5575.jpg,Norway,NO,64.112188,11.321017
cfd7606d53944cb2b1aa63cf92ae5b9c.jpg,Norway,NO,62.997499,7.935194
6ed89e6169c64492bae5566ff02ca5d6.jpg,Norway,NO,66.318457,13.07483
da2dad6ddd5a4ff3b5f625eb42ab494e.jpg,Norway,NO,68.890096,18.367388
56464811d78449a3be29e7a82578f552.jpg,Norway,NO,59.500557,6.53722
cb65e8a359b64f689bd6c8b50de0f9a6.jpg,Norway,NO,69.926533,23.262431
f63c15e561e04251a79e59733fc79a31.jpg,Norway,NO,61.202114,8.977163
a475e2d5a5144ee78ef3e792078d33ec.jpg,Norway,NO,68.634636,16.569265
2e0bf467d1ce467798ba3d2f9d193ada.jpg,Norway,NO,69.604287,18.303148
9bd89edd48024492b67ad81b802a7713.jpg,Norway,NO,60.607641,9.070547
51935f90d70a4d08a6866629619942d4.jpg,Norway,NO,69.297262,15.993282
def9b53d62214aac9e368f84f31acae4.jpg,Norway,NO,59.21619,5.454634
e2fb693e68de4ecaa25b5fb07e9fcb3f.jpg,Norway,NO,61.782536,6.205788
3379f2e883fc4feeb96054e14d28ba9d.jpg,Norway,NO,70.075534,19.994428
392508401c8042b699fab6a6c7e1c391.jpg,Norway,NO,60.049466,9.86315
ec6d8ddca4bb422b8742f9ef13daf9a5.jpg,Norway,NO,59.846655,5.35532
51a2ad96f72b40afbf1cd6693b589d99.jpg,Norway,NO,60.708576,11.301606
269392f465d5411bb382ba011a6edddd.jpg,Norway,NO,59.669294,7.533961
6504cd4995964f9ca6dc289b7c7073ab.jpg,Norway,NO,61.936309,13.012515
90aa79a1a9314244834948c0259300b9.jpg,Norway,NO,63.012362,8.525577
c9ad1cf7ae4945cda1676eb81d2ba5ba.jpg,Norway,NO,70.659023,23.669649
a38188b4377c4a17bec822e5f51b280c.jpg,Norway,NO,69.795503,25.176992
a93194335ce04ae4881c971d8be56cf5.jpg,Norway,NO,65.102115,14.600888
470a1bb810c74f84ab3a5e59fda7f917.jpg,Norway,NO,61.865239,6.269287
7bf419dcb70f479ea37c7583ee42b8eb.jpg,Norway,NO,69.262594,15.960649
7eeec8e67b2940c3b3d1e7df0c105471.jpg,Norway,NO,70.083503,22.009552
6a9804aa52c7489787d016cac12893d5.jpg,Norway,NO,69.637215,18.409121
16e7045e8fbd473ca49d21c75c1f231d.jpg,Norway,NO,58.163771,7.949776
e343ab4aadc949289ecc587383a0f782.jpg,Norway,NO,59.055397,10.009263
d1b7b835f25a43b6913df09a0f03e708.jpg,Norway,NO,69.606797,18.93557
43222df9286f4652a6ce5dc8f6914d1f.jpg,Norway,NO,63.524994,9.933647
48ba6796f3304a58afb1149c5057d518.jpg,Norway,NO,60.609784,5.442075
6b00e00fdf004e478e04212f51fafe4d.jpg,Norway,NO,58.258576,7.971341
f64b67f3e502411e97d4bed1b1c35690.jpg,Norway,NO,68.33597,16.741079
613377baec2343639fd21a4d130af806.jpg,Norway,NO,71.102416,25.740126
650558955ea24207bad79712ab77a57a.jpg,Norway,NO,68.440496,16.006595
87eec7c81fea44ae81989862a55771d5.jpg,Norway,NO,59.908537,5.367889
5135b438b37f4794acfe2213c07f3086.jpg,Norway,NO,63.540197,11.016819
014d4abc27f042ceb0791d6dcd16b882.jpg,Norway,NO,63.465881,11.130797
b9c68433cdd445dc9056cf21f9fd3870.jpg,Norway,NO,68.128412,16.296863
b6111e9b07294e05ad2e2092ede67aab.jpg,Norway,NO,69.267725,23.859078
a2fc210b49014ab1a8b52d202acb3b4c.jpg,Norway,NO,61.022188,9.190062
da28a228901f429eba19fe989a8b4141.jpg,Norway,NO,61.878139,12.660124
3411b16884ce48e385291e49f8e70808.jpg,Norway,NO,69.631632,18.026682
d04ad6c5200c49f484086ca65055cfa8.jpg,Norway,NO,68.402442,17.471848
29ce60e8fc404f71ad3ca986eba88621.jpg,Norway,NO,62.470437,6.190468
9ef0664e02504e7f9e27e805f892df44.jpg,Norway,NO,64.094961,11.524661
83b970a47b3045e4b399ad04f3989087.jpg,Norway,NO,70.083242,22.008806
424c8fbbc91643f2a875750a7e39224e.jpg,Norway,NO,64.046687,10.041601
df6eda55ef4a4f00ae8bca545f2575dc.jpg,Norway,NO,59.693507,6.512942
6730f725dfd749ffaf2eaa51b9407ed2.jpg,Norway,NO,58.800378,5.600375
1546329914944c47bd6bc25b8da1853d.jpg,Norway,NO,59.784593,7.309337
11ca739d6e59476fbfed04355594730d.jpg,Norway,NO,66.66131,16.144841
16d7f13dff7842a2aa30932ea49bd705.jpg,Norway,NO,71.115155,25.700046
1788a45bd21340a8b22d253cc1c9630e.jpg,Norway,NO,63.101936,9.475171
ebd4b37ffcb445ca8b96109bb7c8729a.jpg,Norway,NO,70.611289,23.653194
398dab1f7f93447aa956478f9cd016fe.jpg,Norway,NO,66.343592,13.471508
9ee5a3ffcb1446c9b2bd183189beeca7.jpg,Norway,NO,63.230691,9.432156
3317738ae20a4dada700a238245ee291.jpg,Norway,NO,60.167333,9.699319
a015f3210e5b4f05a190ee2ddfd1102e.jpg,Norway,NO,63.23496,9.775107
2dba988afc7a49f78ef5b48f3f22fe37.jpg,Norway,NO,64.763175,14.039326
9bdc6b833a6d4f01842feef02c851253.jpg,Norway,NO,58.612524,5.686175
75dd6651fb624d82984f3edff37e3178.jpg,Norway,NO,59.953252,6.58044
06eb91b0ea4d428d885aa3c1d4a89ad5.jpg,Norway,NO,58.215533,7.927071
52cdbeda348a4b7f9bd20c99663dc753.jpg,Norway,NO,58.412384,6.025619
522223a461c5497ab1e1500f643a8171.jpg,Norway,NO,58.542181,6.278354
d9f429c9662b458ba5994675ef310159.jpg,Norway,NO,70.976558,25.793858
3bdebd5497c643eca37886b498dfa867.jpg,Norway,NO,58.390813,6.084916
e2eb61ad72b8410a83967d3ebb591ad5.jpg,Norway,NO,67.362566,14.575567
58fd2eec482c4af1846dacf230c58be7.jpg,Norway,NO,61.613345,5.349419
7a09fe0833864ec09a50ce98c14006fb.jpg,Norway,NO,63.331146,9.916129
c508995d10194efc92840e538c3253c8.jpg,Norway,NO,69.698939,19.003221
a4881cc1011d472885cf928337d05c44.jpg,Norway,NO,69.454939,17.347546
8fe3058357794e88921006161530897e.jpg,Norway,NO,69.083631,17.979379
240ebff3cb6f4c619e67ef00cbdf5b4a.jpg,Norway,NO,63.012291,7.547327
714eee4604e14464b8ba0a8d11a5885b.jpg,Norway,NO,62.544315,6.124137
b86e8f3c20e74fa69862d8bd49358d51.jpg,Norway,NO,68.699197,16.555822
e3eeb090b1db44f99b21507503625ea3.jpg,Norway,NO,58.285027,6.54034
943276fe209b4806875b040a8fa401af.jpg,Norway,NO,68.399291,16.809055
83451e4711b84135979873c84820edbe.jpg,Norway,NO,69.436642,19.251199
eebd8faa6b5d4780897c2252f2d9e6ae.jpg,Norway,NO,69.881503,29.343619
c5911ad1d298414e90c59b1eec637d1f.jpg,Norway,NO,58.905061,5.727537
022f1af55c6443ac9bd4462ec77c28c5.jpg,Norway,NO,65.832434,14.891018
c8853efe39d94386a006c8273d3e2258.jpg,Norway,NO,70.673592,23.651493
65c8055c74ca4de1b37629d0bf9268a6.jpg,Norway,NO,62.02595,12.972693
7039008b17944086b8468a43dcc5f173.jpg,Norway,NO,70.045302,18.892194
6e11cc352bae41a49647d3f260fdcad0.jpg,Norway,NO,60.613223,9.066565
6c3bbe1ff4c84d8cba460c07c513046b.jpg,Norway,NO,59.04094,10.046059
8d1df1c210d5478b9910cdd6aa0fd05a.jpg,Norway,NO,67.970176,13.174574
1bca1214da1e4e15bcb3fe2b6617698b.jpg,Norway,NO,63.005291,7.276541
d6c0588e4fc44a67923235ecc9dd0b22.jpg,Norway,NO,59.553484,5.276927
e8c446d3257144f29cde066349981db4.jpg,Norway,NO,58.689663,5.597417
72a7cf0664b444bc98a2eefc276f10fd.jpg,Norway,NO,69.779384,25.169283
ecbddb106ad54a508f08355175566892.jpg,Norway,NO,70.162901,28.570629
c17cea89597f492fb7fcbb660e0763ba.jpg,Norway,NO,69.283075,23.871701
f6b522a5077146febbdfae4f0c7bb4c6.jpg,Norway,NO,69.379068,24.12802
0552a2f3597b41e4acb8c7dc460ce711.jpg,Norway,NO,64.702727,14.059561
7dc23964e9c14e78863a3a5f6e344790.jpg,Norway,NO,70.486972,25.054913
889005e4f1e64981bade808a77c19584.jpg,Norway,NO,64.580892,12.555382
9bf80380f1764083a7844d1fa30d3aa4.jpg,Norway,NO,65.085325,13.325799
f5ffed05a730491f84a825911db10aba.jpg,Norway,NO,68.694606,17.994821
16a5a4c51cd34792965dd1a2fc654b46.jpg,Norway,NO,62.488949,6.871853
dc656b64857b4ff08d6eb6055fc6d9b7.jpg,Norway,NO,65.362994,15.045599
47ebeff71a5b4e818751de1e4e35608c.jpg,Norway,NO,69.293191,16.017455
fa6d854151c84d849e6030794bbb3b1b.jpg,Norway,NO,64.042543,10.006046
41f6485dd88040b8b3b5b3ccb0c0082e.jpg,Norway,NO,67.322475,14.617682
5dcf2d875ef9415887d72feea84e6cc3.jpg,Norway,NO,59.962699,6.574869
a51a925ffc80438e9d164f671750a7a3.jpg,Norway,NO,68.661968,15.499171
4391dae2d02d400b98aa36290c04eb5a.jpg,Norway,NO,64.948799,14.197176
151826bedb124e5f9b06d540f8eb8cc9.jpg,Norway,NO,60.345641,5.245126
b78f56190c7947ee9952d0cd1b29df6e.jpg,Norway,NO,67.96518,13.167468
3cd734c7de9d4926815bda45a5c8c7b6.jpg,Norway,NO,69.729339,30.0444
44995ff6e3ae4e57bb371b6817600d1a.jpg,Norway,NO,69.695964,29.377276
b9e7bc55f4d048379c2ffdccaf621d9a.jpg,Norway,NO,70.421992,25.157465
bbeafd41e87e4852aeebb38e77ad9675.jpg,Norway,NO,69.27776,15.975718
ea71eabefb6f419580ee93fcb3d623d1.jpg,Norway,NO,64.562845,12.498129
95cf857971354ed495ce47c1aeb24ce7.jpg,Norway,NO,63.023762,8.595796
f2a6b21dc6f149de85c570efefb27c36.jpg,Norway,NO,70.364022,24.37345
6c3103649ff044e2998cb79602ca5ef5.jpg,Norway,NO,64.949425,14.196345
083afef289d544919c959c5e8464eff5.jpg,Norway,NO,61.537406,9.946608
4c37f2aa8f2c49a1a7cf0f7a402b7efc.jpg,Norway,NO,62.539636,6.126605
86051aa239b845438bff6e65863a087c.jpg,Norway,NO,62.460991,6.331576
8f93d959fba645c2a9defc8de600aecf.jpg,Norway,NO,66.748909,15.735507
5392e83aa7bb42d08712b4b21c527943.jpg,Norway,NO,58.284545,6.554208
f6a4dcaede2846adb4f7414157403af3.jpg,Norway,NO,58.189005,6.736159
fed323884a044fd381577692e7429842.jpg,Norway,NO,58.345426,6.189872
3e90622789ed4b128cdde6a9ee9307b0.jpg,Norway,NO,64.103934,11.54029
aa9fd6e1ca9848fd876e1ea6ab35e65f.jpg,Norway,NO,66.751893,15.478085
c9dacc394a4b4e0bb094375abc4f2dc1.jpg,Norway,NO,62.839373,7.233919
87ba00ec71164ced8f45220b713b0c2d.jpg,Norway,NO,68.913339,17.738911
e9d889addc844ed38b121231f4d4eab6.jpg,Norway,NO,69.636672,17.995277
c10b6149bbaf4a8898acb127226b9408.jpg,Norway,NO,60.876629,7.146425
15a6f89a41fb46a4adc7109ea20459b3.jpg,Norway,NO,58.908369,9.299821
39910c37613f4fbea8d1bffbe25fbc4d.jpg,Norway,NO,58.874145,9.162002
00413a2cbe4740afa40dd8b5d9236855.jpg,Norway,NO,58.671712,5.596509
689ba8f39fc446beb3e8463e638bc953.jpg,Norway,NO,67.069381,15.382024
9ca34e8e243840948b5a6112953e93fe.jpg,Norway,NO,70.062762,28.949091
6c179649773f4fadb3db1513cbd6ddc1.jpg,Norway,NO,58.217519,6.962505
d21aa47661f445ffb15085ee2793966d.jpg,Norway,NO,58.33808,6.255782
7e1bed0e5dc04ac6b8889f51c929c4c0.jpg,Norway,NO,60.523134,5.302453
70858c8d9b574942927af81fdfd6e0de.jpg,Norway,NO,69.065081,18.461958
e38fd7e01585407cb24598f7b26a1b79.jpg,Norway,NO,68.501656,16.889378
fa9e1fcf84b74868ae9d314e5da9f4ab.jpg,Norway,NO,58.44504,6.005733
19957d4695994d58993fd4f9c3a46b9c.jpg,Norway,NO,60.155133,5.434058
b47bfe7743e1453c89bac8d4443c427b.jpg,Norway,NO,69.276446,15.971742
40d5838f0f2e443dbeb69dc5a358fd42.jpg,Norway,NO,69.429075,19.270192
cbad05dfb9b74b168e8753fe561eb86d.jpg,Norway,NO,67.321139,14.622719
00eb7a03b59f42eda54be709e34a31d6.jpg,Norway,NO,68.361888,22.859862
47a894a8f3b64f899448df92ca5f0685.jpg,Norway,NO,62.049625,7.25159
28ec88706de34971961fc379170e3fb3.jpg,Norway,NO,61.900714,12.862552
44871a7802f942f79096a9b401f4abc8.jpg,Norway,NO,60.084317,11.182648
287770fd564d4473b9ec6ef111d4c578.jpg,Norway,NO,61.631247,12.734489
63e3f89773dc4e87a89ebc065ce6a9ad.jpg,Norway,NO,58.321753,6.285106
e20d3f2cc53c403ea26b6104641f22a3.jpg,Norway,NO,61.379742,6.761637
c6a1beebe722478ca4c989b56ee08cc2.jpg,Norway,NO,58.995221,9.581974
889f5eec8df94e79bb8bf5118816e81a.jpg,Norway,NO,60.16893,9.693394
5d217203b5924ac1ba7adaaa7bbc297b.jpg,Norway,NO,61.911094,7.043133
3fbd0844d47b45a2b51f57031ffbf2fc.jpg,Norway,NO,59.711911,6.549526
cd84b4cbbe8243d4a42ac58666a55141.jpg,Norway,NO,64.56366,14.051542
42ddd2bf3e71428ebf9152124c324b4c.jpg,Norway,NO,59.013299,6.895682
bf66ec1f182a4d3aad9dc4b8bad2eeb9.jpg,Norway,NO,61.899288,12.864203
3fe68ef606bd4a3e96d72006b5013f18.jpg,Norway,NO,68.42661,14.668645
8088a3a2c6c74be3abf072142f241a80.jpg,Norway,NO,70.961083,25.694829
48165b1480584c638703e1febf0bdc24.jpg,Norway,NO,69.494306,25.481535
670a825cfa044a50acd1d51cfbb6fb8b.jpg,Norway,NO,69.650534,18.519711
e2aa08cced0248d5b00f9c2c09348995.jpg,Norway,NO,59.755303,10.569453
afe9a62078b34b02a3214d8dff3ce366.jpg,Norway,NO,66.346094,13.480634
47c85fcafe5e43b58e7c594c741c3818.jpg,Norway,NO,69.611702,18.938097
1290ca17007c4973af2751b257d696d9.jpg,Norway,NO,64.736661,12.827589
16c5722d6d254c35907c3959363fbd7a.jpg,Norway,NO,61.516928,10.189771
0340df1aad1c41b88662826c1d6b5598.jpg,Norway,NO,59.217874,5.453483
e1dc337e05c847a6b862c7d8d7242f08.jpg,Norway,NO,63.185411,8.717695
7d978ec6cbdf48c38c715612dfbdd78a.jpg,Norway,NO,58.428269,6.013318
a73eec28fadc42ffa9d3f97defc9ba8f.jpg,Norway,NO,58.382938,6.107381
aa793d890fc04ddfb88f19834b4c6920.jpg,Norway,NO,64.093354,11.524856
5c7b8838d97149b0ad048655e20895d4.jpg,Norway,NO,63.551359,10.187933
b53436edd5e54d06b1cbdd5d30142e78.jpg,Norway,NO,58.424621,6.017502
aa00769901e4491b8a61f7df2f27a649.jpg,Norway,NO,68.443138,22.742898
379f2af394b44c0ab0e24525dc0b0804.jpg,Norway,NO,61.801527,10.223131
19f4565014c34ff488eac9c36898b8b2.jpg,Norway,NO,68.572229,12.698163
447ba47892b142a8844e8eb09cb8447e.jpg,Norway,NO,63.991095,10.17947
9a8c929833914244aa88835270af845b.jpg,Norway,NO,59.334749,5.43913
73482080d71f4a80b8327fc0d084d3f9.jpg,Norway,NO,66.305676,13.211274
31c77b809df446f9a718fa205c1dd5aa.jpg,Norway,NO,69.626816,18.969115
3a0599f797ce4d8dac0cbc96aae4f3b0.jpg,Norway,NO,70.452888,24.694739
262e533ea96a4830ad070867b8d9788c.jpg,Norway,NO,61.887407,6.664085
b5043979dfed4968a4faf6995b13cd51.jpg,Norway,NO,61.106855,9.108772
9a141dd97d734c86a3a95961f77b804a.jpg,Norway,NO,62.006539,11.710897
3bb6e6e2d86a41e885f86e581c7ed917.jpg,Norway,NO,69.103028,18.206625
285edbe2415048c1b6efca099380fee5.jpg,Norway,NO,65.024836,13.264094
b03d274da8344c61bab3df016f1f0b2a.jpg,Norway,NO,61.927368,6.841633
cc7c23aabe1d4a928fd611621d03d082.jpg,Norway,NO,68.560191,16.438189
68b486ad28cd4272a38abdf054cdc7e8.jpg,Norway,NO,61.082631,9.125606
50d82288a0464d48a81e9b46f06a5203.jpg,Norway,NO,59.398699,6.193597
8de657bd0f9a47d7ab58be87a5c842d9.jpg,Norway,NO,68.471802,15.18284
5b6bfad21f2f4b0ba6745b6531ed375c.jpg,Norway,NO,60.220276,6.43698
a52c83367eb44541886efe6413b17a96.jpg,Norway,NO,69.305305,16.094715
c278dfc9ab77442ca77692c169fba55a.jpg,Norway,NO,70.674224,23.65215
d931a092ffe9441ca9b4e95a310f1029.jpg,Norway,NO,65.118552,14.522694
6f548395023a4d739f22a8d7345c1c7f.jpg,Norway,NO,69.262466,15.961257
8e1cc8261cb3458f86d709557a3486da.jpg,Norway,NO,58.991888,6.927006
0134dedfb9294095a1f335ce4983d527.jpg,Norway,NO,64.4127,12.327412
d9e5159de1d645989c3065699e801fd5.jpg,Norway,NO,61.7496,6.361047
e74531eeed4f47599495c1080b6ddab8.jpg,Norway,NO,62.332745,7.52968
363873bd94144d3a95d1b63f34adf892.jpg,Norway,NO,69.690788,29.576055
3175ed696f5146fdbac2ac1ac68221ba.jpg,Norway,NO,60.165344,9.711928
69825878a4a848e893ae4ffb45bd3716.jpg,Norway,NO,59.736801,6.653112
96209a06e34e49b985ae30b8d6f62c0d.jpg,Norway,NO,69.378863,24.061204
bc9da5747f2e46978f88943a5753196c.jpg,Norway,NO,68.439336,22.614378
650a0ecbc3a3412a881b295058d7d2e5.jpg,Norway,NO,64.226292,12.079898
0552d1ad3eab4975be13402ceba4cf84.jpg,Norway,NO,69.074718,17.547244
556849f6d4504d6e892b41048224ff38.jpg,Norway,NO,68.471011,15.180348
bee4e8b9180849a1968c9f3a67d77497.jpg,Norway,NO,61.943373,13.009515
881d3057717c4e3dbdb84c424d2abb07.jpg,Norway,NO,60.182566,11.413751
056166095f004be3b2e8aee429f2f8e0.jpg,Norway,NO,68.622567,15.66728
757dd02605eb4daab6eeddc5e13a2ad0.jpg,Norway,NO,68.779671,17.797106
00bf92708e3b40b6b3c9c66cde332727.jpg,Norway,NO,68.342705,16.328299
a184e96d34e142bd9f5de99471b60c37.jpg,Norway,NO,60.565676,5.358534
eaebe75f69884643b81f1a4010b07242.jpg,Norway,NO,61.738356,10.185951
4aa0d89ab1c24e9980fd316cb28661c0.jpg,Norway,NO,68.504077,16.912181
b746ddbe95ab405ea55586ad24667b2d.jpg,Norway,NO,68.421026,18.683145
949378164bc64c198dac9f43b154e297.jpg,Norway,NO,58.320093,8.058448
ee83aa85bcd84671bfeb111f1b8b4847.jpg,Norway,NO,70.180935,23.849721
18cf52bafde14a06a2ba51563fd3527d.jpg,Norway,NO,70.820849,25.766476
04f4c44aee764ddb916de149a250b0ab.jpg,Norway,NO,65.212997,13.37772
a4047134b28c44128f9266e1d0f1e8fd.jpg,Norway,NO,66.317583,13.301638
1b82e3162a5f4edea246087d316d46e1.jpg,Norway,NO,61.166661,7.444682
9695936f866c47fba8af03b5fd4bcb47.jpg,Norway,NO,61.105746,9.109536
c821f080eca24b31b5315d08510780f6.jpg,Norway,NO,65.212591,13.37817
46c598a8291047239e23eff4234993de.jpg,Norway,NO,60.481978,6.991595
83fd9bf617e847d8900e14a73a7057a2.jpg,Norway,NO,69.255771,15.957097
f81835878f034ae6943dcf63e9d8b659.jpg,Norway,NO,69.651206,18.529645
ff78a75ce57e4f83b236f6990da710c2.jpg,Norway,NO,65.100592,14.602914
4a126ca698944e009b11c970cece1f4f.jpg,Norway,NO,60.787843,10.673131
50c12ec09b6e4fdd914120e193b5d34b.jpg,Norway,NO,58.424308,6.018055
94df2b6c9f9147fab776425b8ada1c27.jpg,Norway,NO,60.52858,5.163211
6d43cc172ae146c8b8a2bd9034131b3e.jpg,Norway,NO,58.222355,7.916199
f1bb5c1041fc4d0d82782ade6df8489c.jpg,Norway,NO,65.424406,14.630115
8603d9a2446048e187b43e4ec99e806d.jpg,Norway,NO,68.406321,16.655861
a786644b129b4b35b7537968dfd2600e.jpg,Norway,NO,62.339427,5.871033
dd2d7dc7b8e44c2cb66348e37fccd251.jpg,Norway,NO,68.694383,16.559588
801bf3afc490402bbd2dcd4a5fa1e9cc.jpg,Norway,NO,69.693535,29.371015
7ac405080ee74015beadfc23398dbc9a.jpg,Norway,NO,67.260253,15.43316
641f81ab42f0466693917383ffcde27d.jpg,Norway,NO,65.841438,14.814617
08b93ac27c0e47e5b9d568907ccc037d.jpg,Norway,NO,58.881875,9.212862
e2a9f83e31b04580981345bcb626c4c5.jpg,Norway,NO,70.97815,25.776461
8a4c863b54ac4fe1a24ab6b52635f246.jpg,Norway,NO,58.37841,6.119521
72bc43668c2e44b998cd67a993942740.jpg,Norway,NO,61.400907,8.808536
821c4db0e35d4d379583653128c7e316.jpg,Norway,NO,61.846566,8.598131
3f9976004b2d4ebeab6789d42a63f3a1.jpg,Norway,NO,69.512747,19.252462
2cac8ffeaa0746eb9a9469eb3eb90b1c.jpg,Norway,NO,66.784095,15.466107
839988ee46954e358859690468b23b27.jpg,Norway,NO,59.600829,11.189035
07b3b86da26c436bab8e1db2e13b36d8.jpg,Norway,NO,58.324484,6.282986
01e3915d80cb4799942e0d86839d45b5.jpg,Norway,NO,70.176525,23.895657
f59268e4436341218b5736ab2f5dc416.jpg,Norway,NO,61.797294,10.22406
66d94dbecbf04cf08551cd6be02d530e.jpg,Norway,NO,59.895929,6.479414
f163cae856c4491fbad63b02d8f15e04.jpg,Norway,NO,67.102547,15.469368
dff71121f98f4ac7ae8683badbc34ea5.jpg,Norway,NO,61.756879,6.262234
4b97caf87994459f9ead9eaf18596bf5.jpg,Norway,NO,58.691433,5.598447
c3c0bb3838ec4c49bcad019e6eb4d819.jpg,Norway,NO,58.159438,7.951573
69356f019870427ea841edb3d8bc2efd.jpg,Norway,NO,63.064429,7.499702
c7d5acbe5dcb4675b00e22e13152a4f5.jpg,Norway,NO,61.937187,13.011541
1b5dcf7d96e945cfac87ab2142bd3c9f.jpg,Norway,NO,66.31855,13.073391
5713b3d707d6442daceaaeeb0042c767.jpg,Norway,NO,64.028629,10.080843
930e5edfddf548899a8b70e9a3540de9.jpg,Norway,NO,64.557895,12.477124
2404cd04c70a49c08ed5b8c4f1f46eb0.jpg,Norway,NO,62.22618,11.782424
0aa1c10cee0449919576a351ab492229.jpg,Norway,NO,64.643619,13.837867
79629a8dc43342f9ad13b70125470aa6.jpg,Norway,NO,58.074479,6.685535
6138248961fc4a678b12e47fcbe48a15.jpg,Norway,NO,63.101947,9.398528
54f714c7bbc245debbab2880e84a240d.jpg,Norway,NO,58.492778,5.9095
c312fab61afd44a3a9a8f64890eb2a96.jpg,Poland,PL,52.415285,20.754915
d88d92d2f5f64dee98904075ecd4bc98.jpg,Poland,PL,51.470528,21.53391
5370e9b8fd7a4fc185b1dd0b3851e8a6.jpg,Poland,PL,51.820743,19.28101
137545a07cee4a2ba38534a042623314.jpg,Poland,PL,51.44814,22.611754
44fc5feb886440b0933d83e5b7612ff1.jpg,Poland,PL,54.244707,22.397196
24972c1615264aa5b4855dba3ff368d8.jpg,Poland,PL,52.165458,23.394654
c4d01f8baf4940a99d8d312623cd306b.jpg,Poland,PL,51.512592,23.389521
aa366d0825a8460bae71130f24f295d1.jpg,Poland,PL,51.458339,22.453319
c1a85e0f5d4743d3b503b307f92ea04c.jpg,Poland,PL,50.62943,16.827918
ed7907097dbe48c99d52a578690ecc11.jpg,Poland,PL,54.518449,16.553223
9b420012c8a346ddbeb1b79954bc71c3.jpg,Poland,PL,50.565075,18.543061
e0209fe2c418410f9fff28af3b655a24.jpg,Poland,PL,51.277312,22.526944
472827412cb347c8a73374d556cf7c46.jpg,Poland,PL,53.090603,15.516402
13b9714998bd4002aeba81dfc96f67e5.jpg,Poland,PL,53.993526,17.961104
a52d0a3ff2af4044bca62d8d8db06021.jpg,Poland,PL,53.41582,19.552727
f0bfad0068404c04a991aa2d21983564.jpg,Poland,PL,50.378046,18.303696
2145a302fc124d459434bec351823b0d.jpg,Poland,PL,51.235949,22.498242
a384367916324b6d96356ae19755860d.jpg,Poland,PL,52.545181,21.069081
feb1bc22d3f44e548716a76fcf21efa8.jpg,Poland,PL,52.642068,14.608754
4c0afa34f1eb428599c00dae7d5fe47d.jpg,Poland,PL,53.70956,17.000648
7550b526932841de8357b2c1e81a6086.jpg,Poland,PL,52.656384,21.572273
13c1b39e68d6402980906e260491e40e.jpg,Poland,PL,50.008563,21.832757
cbef4d287391499f9a222c6ed3ed2a14.jpg,Poland,PL,49.557217,22.066757
e4112e3764654322aed5ab05429b6dac.jpg,Poland,PL,52.65959,21.578185
f84a915b88714d6aaccdc80a33716719.jpg,Poland,PL,52.095703,21.152452
4fed5bdde12d4b61aba083f67fcb5545.jpg,Poland,PL,51.149424,23.576359
877f9c9fede9481487e69f941ab58fa0.jpg,Poland,PL,53.297707,19.960543
57872818da6344aeb3c685031a19c995.jpg,Poland,PL,53.457381,19.72589
66ca54008894487b9f1bd0750fbbe8c1.jpg,Poland,PL,53.274467,22.617074
c454a9c85e5c47c88863a50e3a5c6e68.jpg,Poland,PL,53.239749,23.146864
f42c28eecb1b44089d84abc483444f66.jpg,Poland,PL,49.724352,22.049223
441acc01a81343fda84cffdca08c5d19.jpg,Poland,PL,49.476253,19.672129
1c02335e81274f6b847ab9576b81b242.jpg,Poland,PL,53.584296,16.220974
9de8153db73e475ba049af950343690a.jpg,Poland,PL,53.061291,14.953235
810d6b9708c3427cb8aafe16598d3cfe.jpg,Poland,PL,51.434176,21.663046
c9cac0d0cb714dcaa16086f660d1dfac.jpg,Poland,PL,50.720034,20.673634
b89c0fd10b794f17a8c3eae49f51b761.jpg,Poland,PL,54.116298,22.867048
5bfc5feca961479b87520e938120cdfb.jpg,Poland,PL,50.830596,19.069896
ffe62bcacaa64013a35ba11dbf5d742d.jpg,Poland,PL,53.152705,14.355501
bf6eb818345d4881927d64fb0595829e.jpg,Poland,PL,53.172059,14.614218
dd0d3a916da44c228ccb018026934ec1.jpg,Poland,PL,51.241954,16.275818
51a99e554d2547829fc1a117a6ca8661.jpg,Poland,PL,49.52454,18.993086
dde6f58ecfa9432eb049e084083efc78.jpg,Poland,PL,53.467173,22.665945
ffa69e9cf4254c0080e436741c49a828.jpg,Poland,PL,53.158673,15.928122
93c71275ddf2481a87015edc431caef2.jpg,Poland,PL,50.063179,19.236026
582b2e1f8a124f488027eff8e8aee417.jpg,Poland,PL,49.548284,22.183546
d6cab49c2607490b862dd21db9b6ef06.jpg,Poland,PL,52.806005,14.632244
c4714208d9ab4240889f29869955310e.jpg,Poland,PL,53.051852,20.436047
92fe2c87182f44f0bd2f48d10dbbb498.jpg,Poland,PL,51.435748,22.381817
120682ff1427405d874693dd89e3375f.jpg,Poland,PL,51.386758,21.629585
7f7c617bc160405ab8e3e3e97dd5dadf.jpg,Poland,PL,51.664633,17.799788
65c2ea3b19e543f7a8cba41347aea06c.jpg,Poland,PL,52.154218,20.195148
cbba5e4b8a4b490595c3b6eb626eaa44.jpg,Poland,PL,51.387745,23.158787
200163d1fbbb49dd9e6639586c8574e6.jpg,Poland,PL,52.590765,18.989648
59c65cc9be1e4e45a402bbc11fa9fa83.jpg,Poland,PL,53.02475,14.663969
1e51c0651be5414d81c678d6ba1a5f70.jpg,Poland,PL,52.670344,16.90103
665098909b5242bc842acc7eb6fff6ad.jpg,Poland,PL,54.077492,15.635424
007111be52084672b8eed21fa7298449.jpg,Poland,PL,50.379338,19.758415
7fd0e092766843a3a4453c80e7591fe1.jpg,Poland,PL,53.51364,14.679513
c08b541a39844157ac4e35268d17b083.jpg,Poland,PL,51.730112,19.630377
258b967008a54040a6c47be847367f36.jpg,Poland,PL,52.691226,22.540962
adccd57173b84073937d279c35a2f524.jpg,Poland,PL,52.496954,20.877391
63c22be16f3e49518e23dab955683065.jpg,Poland,PL,49.64458,18.874802
4683115ae8ac435481b69293468c312f.jpg,Poland,PL,53.961425,17.107625
f952a0a69ec9445db5921fe2ae84c252.jpg,Poland,PL,53.109285,20.695099
a9778d0f9ce34291830dd803c218521a.jpg,Poland,PL,50.524787,21.191122
be6483e53ee745d1a8961393a03a8b42.jpg,Poland,PL,49.885012,21.584136
9910ea5d40ac406caeeeec497a6abb75.jpg,Poland,PL,51.334549,19.996041
1c7985bc37d84a0ba2309ab38b73226e.jpg,Poland,PL,50.755842,20.886815
c4538f85d6f14aa88b5b35f80aa5d295.jpg,Poland,PL,49.75507,21.693078
06b619e4fd1f40658f44a435226f9342.jpg,Poland,PL,53.749904,17.771071
b7c3f2771c134a16a8f3f724f45e9b04.jpg,Poland,PL,50.948484,17.287538
d00e57b5c3d44f3baf5d64d84aec55e9.jpg,Poland,PL,54.50764,18.317357
5c8ee20385ba4d5d8364a986fc7f893d.jpg,Poland,PL,50.701176,22.491471
1ff241ad7da7434d944727192d701049.jpg,Poland,PL,52.270825,20.353836
7f0a9917bff4425780750bda1c952b96.jpg,Poland,PL,54.581144,16.905119
73932da3b3e24be38e44fb3e0c27bda4.jpg,Poland,PL,53.439261,23.552421
558f08bd24504f1f9962e576adab0f4e.jpg,Poland,PL,50.485841,23.449191
a79768e8fbce47ec8808783b95d86be7.jpg,Poland,PL,49.96434,21.611205
e315bd46d3c5469a8067adf99e00ccc1.jpg,Poland,PL,53.447354,17.202095
b4d83995f9e24801a8fb18abbc129f73.jpg,Poland,PL,53.737002,21.607902
34ae18cdbdd24b1996ba6901368709d1.jpg,Poland,PL,53.969097,19.657122
1763ab04bfbe4e7fb386c291ee5d751c.jpg,Poland,PL,50.488038,17.569168
1ca4174cdf6746f29d16c35a604006e0.jpg,Poland,PL,49.630833,19.916428
cecc440f3e144a3ab90c63bf9d68ba30.jpg,Poland,PL,53.372913,21.292822
3f4d08beb15c42349e7c136c2b8ad91d.jpg,Poland,PL,49.97559,22.024228
aff6175979d3418aa21491091735fae8.jpg,Poland,PL,53.723756,16.290387
6ed69c13bd104b1bb5139a685bebb5cb.jpg,Poland,PL,50.342451,18.939051
1d4c37e2338d4d4aa66457590797eb71.jpg,Poland,PL,52.225771,17.352686
c4cb71fb92764073be2433274d6634bd.jpg,Poland,PL,52.492906,23.117211
e981878048ce408d97b26267d82a5882.jpg,Poland,PL,52.072733,20.369645
67da2b4be0f04fca8ce14c88e161ad71.jpg,Poland,PL,53.87098,15.568784
2691e23b3d634ffe9ec948fa039e6639.jpg,Poland,PL,53.256726,20.852975
7f8df816d7c0434fb5ec2a5b3a10343a.jpg,Poland,PL,54.778922,18.236675
9e75dba79763497c84dcbb668a8bd851.jpg,Poland,PL,49.933161,21.362856
09eedc1f4c244103885bd178d8e38bf1.jpg,Poland,PL,52.105639,23.540185
fa780a8abe6a4248a5dbab9a05757cff.jpg,Poland,PL,52.693814,21.751113
034a22002d0d414e9147a873a065d059.jpg,Poland,PL,51.29785,22.142687
ced986feef3f481a8a5a8a4427f5b488.jpg,Poland,PL,51.646708,21.904922
b6a4ee8d445240b5abde88ee66841a03.jpg,Poland,PL,54.187498,17.434092
d15b60d85700460e9639eb556b9ffd60.jpg,Poland,PL,52.55412,17.44755
5e63258843c341f7be2ebdbc594a42d7.jpg,Poland,PL,54.641503,17.66953
4be7a66add0142d6a84bfa6011166404.jpg,Poland,PL,50.385045,19.301235
439d798fd3924042964faa9793219446.jpg,Poland,PL,51.021673,22.656825
6ec68418e61844a2b5766b0c24bac9ae.jpg,Poland,PL,50.517603,21.604167
a6f57f1b193a4194b95cdfd31db60209.jpg,Poland,PL,52.045399,20.544355
7998dd0eec87475c9caff95a8776806b.jpg,Poland,PL,53.296035,22.455261
e536d777ef5a43a5a13af671eb5bbed1.jpg,Poland,PL,50.515252,23.491901
438b37c59fb9477a82600a1ff19f2156.jpg,Poland,PL,52.65476,21.56889
e8383c6aa70f43599c0dbb4cc486044c.jpg,Poland,PL,51.31873,15.663962
10b7e15b41984100a3996eac0f59d9eb.jpg,Poland,PL,50.079363,22.039848
5d99145a0eb24488a6e0b59b0cf350f2.jpg,Poland,PL,51.90814,20.097567
742815144e3449de960c4349b68bb9e1.jpg,Poland,PL,54.679728,18.19492
d618fe649bb342dea23ac0529c53efd5.jpg,Poland,PL,52.785263,14.495926
a0cca3aa16da45d8b2499c3cb2fc733a.jpg,Poland,PL,52.902897,14.330751
a2fccdc7602447d281578ac4f21da84d.jpg,Poland,PL,51.869744,19.088298
32d3d2538de042bca4a79a9c559692ce.jpg,Poland,PL,51.745468,20.852306
474258f1525d4fc98d5587c0e6924af6.jpg,Poland,PL,54.201122,17.516614
3cfcde5290c549d5a4a32a38a14acd24.jpg,Poland,PL,53.961078,15.11695
122764ab69bf43e1a4a66ae85e14cab8.jpg,Poland,PL,51.177042,16.067112
ec79f9a917044b73b807cb8be6592c8c.jpg,Poland,PL,51.171407,16.079057
2df79f2af0684748a0e150c325d8d204.jpg,Poland,PL,53.98536,15.022793
bf138e73863f47f7a6c31c72cbdb03b8.jpg,Poland,PL,50.57829,21.275213
3d58b895f9af4e9fb4febc4602bf102a.jpg,Poland,PL,51.547684,22.477425
2185e4d7728b4fbb8182c04d66c28f39.jpg,Poland,PL,54.299092,22.482157
2fbaaf8ea3524184b7eb9f064c49ae93.jpg,Poland,PL,53.367162,20.778366
57060e4fde8547ff965f7b5ef718d036.jpg,Poland,PL,50.670544,18.027604
478d11c4239e43a48e852f3f661dc5d6.jpg,Poland,PL,52.71391,21.36695
165f710811d14b1880a2dd9ccdebf906.jpg,Poland,PL,51.699425,21.005155
8f59660f2c164deabdc66d894ac23789.jpg,Poland,PL,51.550652,20.045998
ab6daad9fbd54d438ac8b954efcc6b31.jpg,Poland,PL,51.290018,23.02246
3e0bafe5481843908e5a9dcbb4cd313f.jpg,Poland,PL,51.248668,18.540473
15543e72f73746abb99ac34fa38a540d.jpg,Poland,PL,53.996756,22.465873
f0305b072cba4e499e8ce806c2632b48.jpg,Poland,PL,50.533499,23.761766
f656844f686a47579acb57e474006528.jpg,Poland,PL,49.670334,19.784017
9327cb2fcdbd4b6f8d86b020f5c38578.jpg,Poland,PL,51.383318,22.457828
edada394fa914141af23a5c422867a71.jpg,Poland,PL,51.312087,20.988604
05fef6dcbaf34d51a15406d68f2e63cf.jpg,Poland,PL,52.666524,21.186827
eb3bf4e5875a4de591016605b3d8daca.jpg,Poland,PL,52.397456,20.844057
ee49763f4c4e4198a46a26fca71e00f2.jpg,Poland,PL,54.412743,16.72552
db712da765e54188a8ca072c2189959d.jpg,Poland,PL,53.297792,22.454951
3f513374635445a2a137b287f4329342.jpg,Poland,PL,49.888544,20.051033
84f8dc2800684712b4c4fa5191e84722.jpg,Poland,PL,54.177344,17.500245
d80ab1e4fdc648b3a827e4d6392871d2.jpg,Poland,PL,54.493868,16.485006
b70c6ea2992e4c1fa4d338162268046d.jpg,Poland,PL,54.447917,17.321039
48328b91043343429411f11f3413b691.jpg,Poland,PL,53.42637,17.16252
555b8ce22a1a4c928ff4b3de3c15a75e.jpg,Poland,PL,50.650905,20.961143
21b41764126147de81d719accccb750a.jpg,Poland,PL,49.340849,21.723146
2d7c34adf47c4b3a80da041900a79097.jpg,Poland,PL,52.045783,20.412294
bf987cdcb08448a1a23b675de6ab3981.jpg,Poland,PL,50.679042,18.650596
ffd6286ef15d42c680e80e7924cb42ee.jpg,Poland,PL,50.1903,19.7965
6a2c5d35a7d84dd9bac5215236d4b1c7.jpg,Poland,PL,50.232401,20.707802
7ae0782a33504071b4fb57e6839440c5.jpg,Poland,PL,50.913585,23.17104
ed51e6633d3a4fd68533dd8637e38743.jpg,Poland,PL,54.496962,17.060184
f3db6bc43f6e4cdabb884018bfb32ed7.jpg,Poland,PL,51.556028,23.426825
9a4f40fb9a174f5eba37b2fd6756eed5.jpg,Poland,PL,53.41419,15.383925
3924d254a72c447d9a2e92ec8428f62a.jpg,Poland,PL,50.474981,18.337896
26dbc2a4329443d6a1b8cdb74ec81389.jpg,Poland,PL,52.254153,18.917164
2c4f622b4eb0425e95b21a5e3094b7e6.jpg,Poland,PL,51.274621,22.959957
327520a12fea4577963b4c2497feb981.jpg,Poland,PL,53.7192,21.319966
846de83ac8244171a1dad42dcfec41ed.jpg,Poland,PL,49.388712,22.127969
6afe3d41a91d448eba83353dc3afc344.jpg,Poland,PL,51.802244,19.727956
74380ce68d07493cbf2a60232c968a2d.jpg,Poland,PL,49.729022,19.328733
a36e40d71ad64e7a9400053306085804.jpg,Poland,PL,50.668366,21.761074
acd23838920f4569bf5f5721420fc1f1.jpg,Poland,PL,54.233978,17.47706
c4f18661607743dc8be1ba3e66bc4289.jpg,Poland,PL,49.557724,21.517636
cfa23435cc7b47eb930b41668736127c.jpg,Poland,PL,53.177938,23.147298
55344917bc2e4657a6be6166975f7bbc.jpg,Poland,PL,52.4992,20.909518
a72f41169ebc4203bfeb355a8751d62b.jpg,Poland,PL,51.198162,18.589177
c91dbc8fa2434037adb243b9477f4a77.jpg,Poland,PL,54.209287,15.927798
78bdeca3aa5f452c9cf4ff42c0123ba1.jpg,Poland,PL,50.008248,21.076695
6c66ed2a408a4cfdb83c05cf0ab5918b.jpg,Poland,PL,52.514,19.825603
276a2b938d7a4757b9cb3d3b848fef5d.jpg,Poland,PL,50.006581,19.87459
5bfeaaea8ccb4d51ae263f7d6c6d2f8a.jpg,Poland,PL,50.400502,17.688158
05550b4621dc49928cbb6059972eca9c.jpg,Poland,PL,53.604102,21.047086
162c790b10204e2d8d32e3cf3a9d38c7.jpg,Poland,PL,49.652752,21.183051
29efc8ada9364acdab75f86f33c29097.jpg,Poland,PL,52.357226,20.306168
97896d2991344c66bbdd4227fca2d052.jpg,Poland,PL,51.959381,20.573478
5e218f9bdb184d7c85d684b1562cfb2a.jpg,Poland,PL,53.476343,17.240533
9d67ba7244f7443997f595001c4d3aac.jpg,Poland,PL,52.404748,20.329306
808bba9c5c0d4a908da236dacadfb6d8.jpg,Poland,PL,51.470775,23.541651
a240f2cb45af4ea3ac1d9ce7583bf78f.jpg,Poland,PL,49.97578,20.508276
dd108f386ffb4edbbbe83217c053f6fa.jpg,Poland,PL,54.169744,22.931066
c7562e8b08354d7f943767cec66dab6e.jpg,Poland,PL,53.166212,15.520818
fcfd731625aa45b4876e36b3633b56f5.jpg,Poland,PL,51.597294,18.654489
9ae0a7adcbe04286b06051e5a402ad25.jpg,Poland,PL,51.706544,17.966264
4f8fc88af2364e8899ec81c4ef8fae31.jpg,Poland,PL,53.767071,22.965163
9d2f44362e82432b948a493535b9a052.jpg,Poland,PL,50.674478,18.649124
def009ce4aa04e34a1fad2d0991c5471.jpg,Poland,PL,53.048158,17.680281
cc941f82c76d4113952f9c3df0859570.jpg,Poland,PL,53.165173,18.16467
b1f5f9cfd95f43109b43dcaffbe20c32.jpg,Poland,PL,52.190118,22.102179
145bd530daac4edf8976bdbbd7b20a66.jpg,Poland,PL,50.410322,23.428899
1bbac00df7fe4650baf9657bb53459a8.jpg,Poland,PL,52.242688,21.261324
dc417e308ee048b9a50460ce3d96f560.jpg,Poland,PL,54.493944,18.334285
a6a1b8c67dfa4c2b9caf5f0cccfbb809.jpg,Poland,PL,54.785546,18.407208
184ee7010638466c9fc44099844230c4.jpg,Poland,PL,54.223719,16.521671
6b276f72335d46129c03c789e448faca.jpg,Poland,PL,54.790194,18.408566
4d0a6c08843d4b3b8f5fa38615a8b285.jpg,Poland,PL,51.585864,20.067955
7b7cb0f84c884b0f9caa87e9d60216ae.jpg,Poland,PL,51.195742,16.018528
c6fe5f627bb447f19cce19c1a7c695f2.jpg,Poland,PL,53.625239,20.765498
314cbce466a64555aad37c2fe8ff11e8.jpg,Poland,PL,51.460756,22.642346
3f2112b91f9a484da917572ce6f01ab4.jpg,Poland,PL,53.633352,22.476651
33ee62c6417b493da766eafe888099fd.jpg,Poland,PL,51.249482,20.375315
9d4d936aff614329a2040c68fe24fc29.jpg,Poland,PL,53.527641,15.071945
32a8bc6160bc4cb6a58a8b012f30938a.jpg,Poland,PL,54.777025,18.237397
73a8bec47aaa4ce5957ed7577447fb76.jpg,Poland,PL,49.809902,22.387182
ce64b8549cf74df28e6764169cbf9148.jpg,Poland,PL,51.521863,23.076633
10b0a4828d0545c9955605fbe290de85.jpg,Poland,PL,53.387679,23.45866
b916d042af4943fc8f4cb77be09b177f.jpg,Poland,PL,51.135537,15.399941
1b39392ed708442c8d566ef9ee2f60f0.jpg,Poland,PL,51.900117,20.21935
53bea958d5b74596a31c3783ba78da97.jpg,Poland,PL,52.286545,18.265577
9f39e60bbc574c618b37b45a13e75db7.jpg,Poland,PL,52.001249,20.673199
331ac14005c54cb79f4d1757fa838f49.jpg,Poland,PL,53.147455,19.187651
7ae71a31a5b142418d87e0ee7672a86e.jpg,Poland,PL,50.394373,18.682511
27fffcad2e634435a748cf263305001a.jpg,Poland,PL,50.027773,19.307024
45733f459f324a689102f2e290306cf8.jpg,Poland,PL,53.674267,21.260253
e6c4ad8b0e784f419b5e6f47c755bb8f.jpg,Poland,PL,52.331743,18.299378
4b239e91a4b447e69ea2b93181e2ca4c.jpg,Poland,PL,50.561307,20.209516
d6a8bdca603c40b5b147f8381680bb38.jpg,Poland,PL,51.593643,17.674859
49c483e304794edf9a6e2ee131af0340.jpg,Poland,PL,49.34303,21.719716
d0690f02c6ed447dac104c173a549d78.jpg,Poland,PL,53.312511,18.594576
d8dfdc4903ca4c688caada520aa0eecb.jpg,Poland,PL,53.958856,15.121846
3c1ab940b79c4d54bf33600cfd4bea66.jpg,Poland,PL,49.958614,22.179809
8b8c62c3e23b44d396c6d86026216f4d.jpg,Poland,PL,49.966726,22.051367
043a0f459d924d9b85729de4c2feb65a.jpg,Poland,PL,52.366013,16.249205
c8b7e36900864fbba953f6f7bd7a4553.jpg,Poland,PL,50.688506,22.983528
abd96472513144c29bfde49d1c631949.jpg,Poland,PL,51.024972,16.210393
67c9a7980e5043e9adbe81e63bc33ec2.jpg,Poland,PL,49.034874,22.353636
ed77153662d3492daff38aa246c9d212.jpg,Poland,PL,54.477609,16.584071
dbfadcc8e58c45e586b8f7e92ebf43e5.jpg,Poland,PL,51.307027,22.118108
eaf07f5338e1477a869e10b999543d04.jpg,Poland,PL,52.873533,15.784907
57c6b009a2274362bab34f13429b78bc.jpg,Poland,PL,50.494027,22.356792
549734156d8d4a19bd912d177626c99f.jpg,Poland,PL,54.075558,16.19808
fe0a4999d99a42b38ba57d1fdf8d38f1.jpg,Poland,PL,53.796838,15.015389
b153afb267a34141b409b5c268d044c3.jpg,Poland,PL,53.797447,14.643786
4a83b2da5bfc4acda678fd108d055550.jpg,Poland,PL,49.636277,21.137074
0726b3e6993142cf919907ab58259ad0.jpg,Poland,PL,54.339018,17.856196
a92494d9e6044861aa88b9799898b9fd.jpg,Poland,PL,54.254955,22.271033
55f20740d5394ac3a8af7e18ee26ef57.jpg,Poland,PL,52.629169,15.864195
bfe64f355c5f499aaf088a6f2084f97f.jpg,Poland,PL,51.462011,14.939367
71c119b7692642d08e1c07413b72b84a.jpg,Poland,PL,54.353226,22.727182
89ec029b9ac0486994e02e6b20a15f33.jpg,Poland,PL,51.476517,21.652104
58cadc07049a40f7ae0f419e0a68bc0a.jpg,Poland,PL,54.185701,16.090026
f4cfd53c29d241ce8eaa29dd159a7049.jpg,Poland,PL,49.814308,22.31293
045cf067c8d54f42800e777f015cba32.jpg,Poland,PL,49.3573,19.036121
d2fd08644cb541adbce83c6b710b1c2e.jpg,Poland,PL,52.84196,21.492498
a0b06d379aeb421ba1d72802891df3f1.jpg,Poland,PL,50.479941,18.552559
d1cd6bd791284884be1d10cef7ba8eaa.jpg,Poland,PL,49.867404,22.268105
093c8be81efa4f40917037e5378e480f.jpg,Poland,PL,50.708475,20.561708
f34b99722eb647e995004541fd2c2680.jpg,Poland,PL,54.135739,18.721373
69cbbda085e34d31a6d8d83e5833bea3.jpg,Poland,PL,50.182643,20.083175
db1492d7ec5a4c42916ad358509f379f.jpg,Poland,PL,54.301681,22.635894
057da527503d45cfb5bab9d39611fa09.jpg,Poland,PL,51.654388,21.585578
9400f27675c2479fa8019cf7642f2f9a.jpg,Poland,PL,53.338786,22.460341
51b5b202eccc48f1b1e4caed0b03920f.jpg,Poland,PL,53.242185,16.493044
ee9d2773566048ecb5fc9ab875297910.jpg,Poland,PL,51.283682,18.192478
430ccc2a578947ea991458bbb24be358.jpg,Poland,PL,54.120034,22.86413
40b8ef040ccc41dba253eafd5f72da11.jpg,Poland,PL,51.85543,21.38546
3ea0eda9be824a9680a449b3d7e01794.jpg,Poland,PL,50.754494,20.284491
f3da3488be1e4c28a8a761e4e274da7a.jpg,Poland,PL,53.577163,19.022798
cac7cb3f83414cc6a64a9805258fe69e.jpg,Poland,PL,51.181999,20.859972
87b8cea675344184835c758c98044e00.jpg,Poland,PL,50.002377,22.262985
b8cbbc485a2e443bb6ea89dd5c8c3a18.jpg,Poland,PL,52.381076,21.122096
30e80816db7e483bb4501694bb27be90.jpg,Poland,PL,51.578738,21.78193
debf9b1e36d449f78d574bb30164f47e.jpg,Poland,PL,54.493315,18.335167
bbac1159056a49c8913cf79d9e46956a.jpg,Poland,PL,54.645518,17.683472
1086e7de868e432b90b0da06c0936385.jpg,Poland,PL,50.482034,23.445203
e98782822c9949029ffd50553514749a.jpg,Poland,PL,50.549568,20.725968
04e3f7d876e24d5aad780ab92cd1426c.jpg,Poland,PL,50.652778,17.136212
72f833fb23f440f2aa7c1f0eb815fcab.jpg,Poland,PL,49.990135,19.213565
6a39ee239fa84a45b6957747b7e3d2ce.jpg,Poland,PL,53.839714,22.872442
69e2d1dddb924151a737b39d3222440d.jpg,Poland,PL,51.137637,23.395299
7bfa3892e10b4159a9b5ab66bd48ca73.jpg,Poland,PL,52.481525,21.639197
a36d4c6b190948b4818b1f351b370997.jpg,Poland,PL,53.499282,17.855084
9f58cf8f997444d6a0dd724095f2ffde.jpg,Poland,PL,51.416347,15.600969
ea4b73c9afb54c6fb23ca17eb99b912b.jpg,Poland,PL,53.650505,21.515647
9d45e9b1aaab4ab28404453884998fca.jpg,Poland,PL,53.076853,22.148214
5db8a5dc91614eff9da0932f202e50ba.jpg,Poland,PL,53.476695,16.56726
db60f68d85fe4cfca14e36901bdec9b3.jpg,Poland,PL,50.489723,23.45322
810a23d7fe504041a62aa87cb4da2b97.jpg,Poland,PL,54.832648,18.287463
1e2d3ce2259e46e0a03b1bb46356189b.jpg,Poland,PL,51.732649,19.625978
9052d173d0f74c9aae99773a2cb3cd55.jpg,Poland,PL,53.116062,22.8425
589f027bbc5e42fb8759a55d80167fa4.jpg,Poland,PL,52.21186,17.238567
8d53bb2f84bd4af584f34742762b4578.jpg,Poland,PL,53.351449,19.228265
d01566a404d2446ea55293fec7fd18d4.jpg,Poland,PL,54.449772,17.297416
15fd31d2aa5e4460bf11f8f1b603289d.jpg,Poland,PL,52.399153,20.160652
0241c8cb9e7845c0a58ba7a608fe289c.jpg,Poland,PL,50.670538,20.29991
dba9836d73dd4a5fad4f0d4095f39dd0.jpg,Poland,PL,54.66179,18.408865
d91232ed6ba447f2afde0a4ae5cdcdaa.jpg,Poland,PL,53.246982,20.898107
2b36f98118f54b4d9d0b740176d4bcb1.jpg,Poland,PL,52.737514,18.097224
a885374bcfe74e32b1c4c86c13d68542.jpg,Poland,PL,49.300481,22.602961
92147138b99b46cb8aae780529466f45.jpg,Poland,PL,53.726098,21.32721
d2caf518717f436d9731b9840bb9670f.jpg,Poland,PL,53.802028,22.970308
9e67a7e7bc5c4983b0772e3126e7f831.jpg,Poland,PL,50.726613,18.631957
20338f46c9f249e0a5f2a08935b90ede.jpg,Poland,PL,53.026707,18.565428
530f320e19a5466d84bc4ee6ed0c6355.jpg,Poland,PL,53.438824,19.221802
d3a51a9ae259448fb1bb92037c94502c.jpg,Poland,PL,51.831564,21.682899
2d18fe69ec2241188d2a7469b613db29.jpg,Poland,PL,52.234214,17.385475
3adb4faed0c8428c8cfe6e01d9dbce16.jpg,Poland,PL,54.104391,16.979914
5c4b2db433fe41e8b5043782ef866bcb.jpg,Poland,PL,53.92782,14.903873
8a492541af424d68b10a08d51a64e58f.jpg,Poland,PL,51.975139,16.539871
d726f86006bf43a98ee11b328b293280.jpg,Poland,PL,53.138968,19.265042
703187fe35b8470fa7aa17f5831c3501.jpg,Poland,PL,54.171557,20.331593
8d75a469716b42b292f9e2ef408e6644.jpg,Poland,PL,50.631738,20.773438
3db2180216664f748930db2e93168b92.jpg,Poland,PL,53.463383,15.645853
73ca97fc24b240c0b4a6935c077ff8a3.jpg,Poland,PL,51.276147,22.951713
a9a6cd9245ba41f886f184cb675e68e0.jpg,Poland,PL,54.30194,18.313491
41eea71515c9438ebde0658065b67c81.jpg,Poland,PL,50.119176,22.265293
b5c48e895d534dfbb94825cd49d52863.jpg,Poland,PL,54.075742,15.637246
cf76a352cb2f4de0b7184da8c06133ee.jpg,Poland,PL,54.147412,23.398492
9093a497190d4061bd9b8280359c1369.jpg,Poland,PL,52.430364,20.737443
83e14e96cbe44c73b63258f2ebe088f4.jpg,Poland,PL,50.743407,21.304398
31a18281806c4ac189a7cd54ca02a514.jpg,Poland,PL,52.039385,20.549024
8debe4811cb74b4f9ca0a8e83015d121.jpg,Poland,PL,49.787482,22.117257
c6e9bcb94a1243e6884d1a193d18b0f7.jpg,Poland,PL,51.284343,22.524664
a7ac43fe24944f93a8020c9ddc0bfea2.jpg,Poland,PL,50.427603,22.746244
7369358ec0b14234a7cc98141b79abbc.jpg,Poland,PL,50.233471,19.709155
0a45ffce3db6433bb493a40c52204936.jpg,Poland,PL,51.503991,23.53475
d3d667a31ff947d8a23052db0365782b.jpg,Poland,PL,50.862499,17.141652
6a24ba458ac943119d97ded53a2a743e.jpg,Poland,PL,52.415844,21.623862
a04ef04ae8364cb3b58222f52c5e7966.jpg,Poland,PL,51.483719,22.260235
8a802adab8ba483281baa7cd99e47ae6.jpg,Poland,PL,53.20664,14.969101
81b867ad4c6f4ab49a7a7faafdcc0453.jpg,Poland,PL,52.996647,18.508637
bf76d1f7e310497bb4020dec0da462a8.jpg,Poland,PL,52.095664,23.548437
3b80a8eccaa54266bf45ed96aa240b43.jpg,Poland,PL,51.518615,22.055374
0549ff1cb8cc4dc5b234ff5f52be5522.jpg,Poland,PL,50.02902,19.80091
319fee43d8f1476daa0079e2a2480c93.jpg,Poland,PL,51.950391,20.947679
c874a50013dd4580878b8eb4b2473d23.jpg,Poland,PL,49.527902,22.331513
e22e8f3fd0fa4c7dac5eff91416a4eea.jpg,Poland,PL,53.134505,20.73796
0d152b008ccb434b97a055708489245c.jpg,Poland,PL,52.232031,17.99012
0bb6fe7689af4d16951fcb007716d19e.jpg,Poland,PL,54.632306,17.50353
56266918870f4dcc96dd42448a7f2856.jpg,Poland,PL,53.394029,22.5828
30c106b2bc774bddb44de055a5f62e4b.jpg,Poland,PL,53.518461,18.9922
1329806b387347e28e2fc67e5f97ee0e.jpg,Poland,PL,50.970347,23.18315
f7fcd9ec8b0f4d74b05607cac7f20f5c.jpg,Poland,PL,51.644384,16.925847
d26f780f87284d4b9ff52ce61056d25d.jpg,Poland,PL,54.151466,22.841456
c3f5065e1ece4416b0e6fbd5e7b052c0.jpg,Poland,PL,52.44037,22.918828
8703888589d547838d6734e451a328a2.jpg,Poland,PL,53.824566,15.064171
b7f68508911849fc94ef7624c260a5cf.jpg,Poland,PL,52.610269,21.494867
709c66922fba48f19d4499e77abff974.jpg,Poland,PL,52.740526,20.298494
9aef2ff7825d470fae5dd78dde52b1ec.jpg,Poland,PL,52.165235,22.743178
4948cc6bcee4437b80e8e9443937ef8b.jpg,Poland,PL,52.746049,19.235066
254a9398941d4137bf73225360721380.jpg,Poland,PL,51.591271,21.981203
56217f80dd824336ab17ac089b9d6499.jpg,Poland,PL,54.149144,18.71395
bae8c484458e4c5bae9e50e1f27ea8ad.jpg,Poland,PL,53.459805,18.412207
8b0560f1d9474a81b6c14c4a5b4e7fce.jpg,Poland,PL,53.123049,19.517809
5d8af69de52d416aa8a8a2f2233ab751.jpg,Poland,PL,53.186024,19.20996
c00ec28de45c4bbd8080f8c28e8664b4.jpg,Poland,PL,50.952942,20.547024
c9a14648d29848b08d2c8689d99235cc.jpg,Poland,PL,51.687807,17.921345
19da798f4f0a4c01a43d361044c345d7.jpg,Poland,PL,51.788596,23.387368
96f03ae8fb80446991a91be42accb493.jpg,Poland,PL,54.659429,17.629052
2941224309a94f7e92da65daa5e32868.jpg,Poland,PL,51.482222,22.082534
f8463dfc4fb44c5fb16d6dcb7829f95c.jpg,Poland,PL,50.759628,20.4284
d1fdbd4677074e58bfeeed3ea8cf2c69.jpg,Poland,PL,50.796866,19.300308
c6f330e4316041358550d690d37671d0.jpg,Poland,PL,53.651157,21.508732
b3274e2930f8421a9f244465992d5dab.jpg,Poland,PL,51.04334,20.41802
84d6ae8c2697468582c4a5735f2e4d98.jpg,Poland,PL,51.216971,18.478096
fe4e7b98eb6a44d8b28f07912dff0d5f.jpg,Poland,PL,53.158329,19.180374
f69ae7ebe11747b5adb8b686cd7e83fa.jpg,Poland,PL,53.595567,17.822527
e1068c37708444709b5e4c41c3d0a048.jpg,Poland,PL,51.541406,21.812038
b76566addbe1478c9f2ed275430c530f.jpg,Poland,PL,54.150583,20.444417
fe3730cf2750424084412216a8e7dc6d.jpg,Poland,PL,53.092148,14.501921
b1f24f42a8db4a458cba3e70eb0a5dfe.jpg,Poland,PL,53.799178,20.078828
2ed2cc340d204296a8c9e148c8b98ac4.jpg,Poland,PL,49.752054,22.020726
512bd6f1e419482fa0a7ce92891ad07c.jpg,Poland,PL,53.602737,17.182047
7c3ed6d9171144959c185b1b57d2cd86.jpg,Poland,PL,54.443978,17.330704
4851780ec4fa462297493ce8d7f60e69.jpg,Poland,PL,53.767322,19.94884
f21a38ee383f4b3ca26cd0e9de4f21f6.jpg,Poland,PL,51.49432,22.559617
594181d6de51417bb676397fe48ca939.jpg,Poland,PL,53.245927,14.654734
b61f6f2e2a8e4168a48d4615b71295d6.jpg,Poland,PL,50.800048,20.826291
59e454eeb9b643bbadcf2c738e4985f6.jpg,Poland,PL,50.124413,22.104306
afab1a6dd2054f469827c6a0f139e6bc.jpg,Poland,PL,50.408685,23.429446
a43eed1145a84abd96cb08edb4dc033d.jpg,Poland,PL,52.328847,20.620727
0411b94983444843a98e5b84bb3a57d4.jpg,Poland,PL,51.478109,15.268282
a81b11105be440a48b10faf1555f84b2.jpg,Poland,PL,53.806069,17.245581
7815cfaadd7f4c68a1fdf99183cacbac.jpg,Poland,PL,52.410689,21.622174
1c70fd1a6a104fa68dd979ca2c299076.jpg,Poland,PL,51.69893,21.003915
f7be483ddbce41a0b267f3b009773548.jpg,Poland,PL,52.085213,23.574169
d91407e392be421ababfcfcb3c95af40.jpg,Poland,PL,53.091977,14.944766
64d8de0d778b4997ae7a03a9f78326d3.jpg,Poland,PL,51.444503,23.271385
503e297ed4ec436489c3701117964902.jpg,Poland,PL,51.770393,19.204202
a962072285ce49e28c23c131d79c7d17.jpg,Poland,PL,50.71346,17.368136
f65d2c1c3d944288a49da5a4ac2b11b2.jpg,Poland,PL,51.589805,20.070908
6ab89b421ed64f5c9398a70b7991bd56.jpg,Poland,PL,50.597929,22.41422
dd1c0073f09c453996a752332963043e.jpg,Poland,PL,49.908786,21.51994
585583be64f64fceb90abc156f5a82f1.jpg,Poland,PL,50.634421,18.476624
ba53bf7be3dd469db6a71bd7d43bbd46.jpg,Poland,PL,51.560992,22.015205
5fe03cbc8f1048a38f24cd93cff54bc0.jpg,Poland,PL,52.990085,15.705428
246b139a4bf24543811916ae3c167b52.jpg,Poland,PL,54.595764,17.256314
57250710187145859b7a7d7b90e1efe4.jpg,Poland,PL,54.548395,18.549657
b1da0471edfd40b195438ce0e0fc050c.jpg,Poland,PL,52.828788,21.225611
c201fa4d177a45909aec6092433a7ae5.jpg,Poland,PL,53.058895,15.165917
84dc159fcbe4499abf285f8189a67823.jpg,Poland,PL,53.019846,14.684518
92f2491f4d2744bf983e7cbc8dc1de7a.jpg,Poland,PL,52.094312,20.56517
6e3368fd21e34f2fb5a35f9ffcc4571a.jpg,Poland,PL,53.74462,22.747075
79fed9c30dee4d33955776617bf5990d.jpg,Poland,PL,50.260003,21.853498
258070bb9b3f43b5a0964fcc7d2fe3e0.jpg,Poland,PL,53.988527,17.05107
005852fdabaf4d25bc087086a51f36ff.jpg,Poland,PL,53.517441,19.013004
c42b627fbd294614b7e7b51e9e11ddeb.jpg,Poland,PL,51.568029,21.591807
59c2dbf45dae4a61a4ed3b12b5a11f4c.jpg,Poland,PL,53.033603,15.373936
32cea9c8cffc4c9499ea2de1a79e5d07.jpg,Poland,PL,51.39295,21.102648
03a995dbc48140b5860ff87d1cd69873.jpg,Poland,PL,52.205789,23.17661
03854bcfed7148c6aefb69bfe00a77a0.jpg,Poland,PL,53.87808,22.345465
9b42f937a39e4dbd96a46900bbd83064.jpg,Poland,PL,52.906779,14.341461
8c2165e6fd884965b28baae76df74cb6.jpg,Poland,PL,52.987858,17.37358
f63ab21dc8d845079b834990fc77f078.jpg,Poland,PL,53.804509,16.139411
9bb86b166f5249efbb7c9ce3c33162f7.jpg,Poland,PL,53.746728,16.614275
a011f86446124fd2ac15983aad1e6318.jpg,Poland,PL,51.392458,21.773709
7daa10289fa44b048fbf7540fc4d40b0.jpg,Poland,PL,51.044551,23.041529
c1ca5b45adfb467cbd8f9731b698f0a2.jpg,Poland,PL,51.397263,21.517702
d51eeacf35f5474d9994227cd7784d68.jpg,Poland,PL,50.822544,16.428628
60288a2f022541ecbb9df56bc721f580.jpg,Poland,PL,54.231867,16.533357
b9fef6e33b074e02b32c3bfd8b52af70.jpg,Poland,PL,51.288355,18.564826
76e28923263148aeaaf7af6fac3b3694.jpg,Poland,PL,53.548595,23.768023
7147affe6e6f4de1aa6c872e2ef8f8ab.jpg,Poland,PL,50.672373,18.001684
0d8e91e4e4104719817cf042fdb8568e.jpg,Poland,PL,51.429984,22.494215
38be77c4de3d49c394a785d457f0939d.jpg,Poland,PL,51.111214,20.875588
2d738efabd54430e86a378b3fbe813e4.jpg,Poland,PL,52.69867,14.552196
ea6666feae514a5f9447be3610710106.jpg,Poland,PL,52.360964,14.779414
a7332c9dee164a73974132da8e6685ab.jpg,Poland,PL,53.672103,21.289722
16894d9874fc4c38b5b3cbb20a2f9590.jpg,Poland,PL,52.880253,14.812698
dc64387355b64b1085e70c393ebe1bbb.jpg,Poland,PL,50.319569,18.945857
a8138af298b6429b9fef53114e2cc460.jpg,Poland,PL,51.591838,17.720545
797b1b195c614fc69c6053afe0613199.jpg,Poland,PL,50.431655,18.610298
c454b40ff5cf4dca83e0aa223d8230b0.jpg,Poland,PL,50.786003,16.064801
c80f5d8aedf44c5e84199ee8b59a4f71.jpg,Poland,PL,52.479205,16.535006
36bdf1023798430caaeee86b1f338616.jpg,Poland,PL,53.664052,14.32877
4ebea882e4f64e70be4211049459051c.jpg,Poland,PL,53.931246,22.399695
5ee2bcfc065e4582a6fab283b139acf8.jpg,Poland,PL,53.752754,17.775208
89ded064137a469a8ea76b8874e65a0e.jpg,Poland,PL,51.768065,17.709702
02e9f0d9c7194f4aadc7bcecca1e4717.jpg,Poland,PL,49.809913,22.510039
c24e3b0a52fd404abcd6dc33336a0977.jpg,Poland,PL,49.857184,19.364878
674218920d084e0fbf8a666a01e7253f.jpg,Poland,PL,53.736296,22.358612
6aafb9e2d2524da889f4ce7e078ad160.jpg,Poland,PL,52.942967,15.38666
d5d634652de9455a87fd994ee41c9fa0.jpg,Poland,PL,53.219027,23.190687
32fbe0ee6b06412d9f8bea9a0b07a0f3.jpg,Poland,PL,52.315758,20.87587
45f4fe7c2fc44a769ebb4cdc5112f9d2.jpg,Poland,PL,53.600136,21.043647
5f6f35f6152748bbbaf438d05e18f0e8.jpg,Poland,PL,50.562511,18.547283
f6ef04b61cec4e33bae7d83a5cce54bf.jpg,Poland,PL,51.706416,21.022276
d454c41c7af64770b61312af3fd83c42.jpg,Poland,PL,52.126161,21.198164
ce1b466d152a4e4893b6c68d96587b18.jpg,Poland,PL,54.464849,17.203659
2678c4de09794d7fb49c07e506b0be50.jpg,Poland,PL,50.742406,17.71424
adcebc84dfb945f59d29db0e5745d574.jpg,Poland,PL,53.513195,20.685154
eb5c419f5b924d68837709c0ec8d9424.jpg,Poland,PL,53.778424,21.421163
8093198986424fa384fff75c08ac65b1.jpg,Poland,PL,50.799043,15.716091
8a646525236342f19285e58126244ae0.jpg,Poland,PL,53.018656,20.452052
11b41fa31c004c51b2b38a61a1f8d900.jpg,Poland,PL,50.475649,22.737598
9d57183d8e6b473fa3fa3b543a0bc278.jpg,Poland,PL,52.71076,21.374986
7740d39ea17240d7ba90d6f8a9abcccb.jpg,Poland,PL,51.058772,21.282071
f7b7aecbdf264663814c760f09276378.jpg,Poland,PL,54.238702,19.528148
835ebaa823174d508c33f00d0d29f067.jpg,Poland,PL,52.669271,16.906546
cfd9f5c9f56a4676a17de1f0318be452.jpg,Poland,PL,51.314027,15.585624
8944b150888240ceac0acd3300a6c8fa.jpg,Poland,PL,54.219154,23.127467
c279b3619ce34b5b8c699e68d7c79ee6.jpg,Poland,PL,50.120978,20.399961
6b3fe9dff2944a9580f2affcc1df8018.jpg,Poland,PL,53.039459,20.444335
dff89e9605ff4c1c965b0ccf0e6ec61c.jpg,Poland,PL,53.423191,20.512171
0041ded3d11848a29e1b5f3e2a795dbb.jpg,Poland,PL,51.776288,21.16491
76e8593d7c1d479ab8a3ac7e588d43e0.jpg,Poland,PL,53.335505,22.458968
1f8c3c79465245299140077597121835.jpg,Poland,PL,54.721762,18.31907
76bba57c9a0c4484bb056d8861d9ca65.jpg,Poland,PL,52.994736,18.514644
a36b6c6977f54506a78dd7270ab58afe.jpg,Poland,PL,53.096039,20.677067
1edb3cae3406464e8ab64aa842ddc1d3.jpg,Poland,PL,54.088204,19.858568
804fae2f48e0416c93af5cded9f70974.jpg,Poland,PL,50.645644,21.072279
16bb1630ad3845c79feb34e2979733a8.jpg,Poland,PL,52.59466,21.182191
08be0ea1af9143899029ca76a7328c36.jpg,Poland,PL,53.036349,17.428155
7b5008c0d7ee434aa4a9cbd1856e3b37.jpg,Poland,PL,50.821065,22.736292
d7b1ae4ae3564d849a2dc7981229a2a2.jpg,Poland,PL,49.944497,21.327826
35d9ffffa237438e8313f81b6ac0f31e.jpg,Poland,PL,49.875124,22.373807
cf93d833fd3846879455e2f059b182dd.jpg,Poland,PL,51.625104,17.810958
029b77143bc645849e89ed967a36190e.jpg,Poland,PL,53.979933,16.029387
6dbc08546b9c486492c784f66b8040b8.jpg,Poland,PL,51.350279,22.732794
6c70a72445554d609655e79d038ad384.jpg,Poland,PL,51.615178,21.660435
9c52975ec4ac413b80dfed54b0a205a8.jpg,Poland,PL,54.184116,20.105549
61e679e78d8e4766b7a37d5a5ddef115.jpg,Poland,PL,52.447733,21.646522
18d34be8d3914cddbb046e82ffb41258.jpg,Poland,PL,53.120276,22.122432
f0d76725c03d4ff2a93fd65a2595865f.jpg,Poland,PL,53.50781,22.569973
dbe0294e238f487c87e9fd2fcebb886b.jpg,Poland,PL,49.343511,21.718802
6317d9d71b02446eb6c0c51abb625b39.jpg,Poland,PL,53.435936,19.84439
4a2f7b6515084375add5c68c81b759eb.jpg,Poland,PL,52.511746,20.645253
2b36a32d743448c19ce6adcbf863a72a.jpg,Poland,PL,50.411218,22.418742
0886888ee7b744bc80ae7b10ce051c53.jpg,Poland,PL,53.981866,17.070246
fe346701e4a1408f890a54bf4e3eb174.jpg,Poland,PL,50.092875,20.309997
99ff36cd08f541fda056d8690d3b43a8.jpg,Poland,PL,53.137884,19.208704
398fdc84fe8c4a9f92051e64adec1645.jpg,Poland,PL,53.089796,14.485743
f4b1c58c82844a3cae2f0b747445bfa3.jpg,Poland,PL,52.408238,21.088938
82d5a904db924e048b4cb8cd2364e60a.jpg,Poland,PL,54.357282,19.679806
63d9608f39234682b9990bb3bd86a197.jpg,Poland,PL,53.520456,18.97656
d66139b5c62e404a835eb21d0dbb0fd9.jpg,Poland,PL,53.419538,19.544101
3a86ae89b0ff443aaae58d5c74be1fa0.jpg,Poland,PL,52.976343,16.32581
634aa52bd2794a42868ae5462cccf702.jpg,Poland,PL,51.623804,17.772306
f84986dcdbb44e079ec8059c60b2659a.jpg,Poland,PL,54.453439,17.239374
2508e9b2fde248faa66e3e6bfe4a46fb.jpg,Poland,PL,53.181008,23.241389
dc0f7bf3cbb94ed1a2dae7cf66a0525e.jpg,Poland,PL,52.4035,22.644182
c822d7891c534881b3a9106bf4504ea2.jpg,Poland,PL,53.133284,22.897056
c3ccbe895afd49c5bddaf005edd3571d.jpg,Poland,PL,54.330621,22.66959
33a19a5c799049ac8742026c23193dc7.jpg,Poland,PL,50.9688,18.746015
e14161cd892f4a6e9d132bbdd99eca2e.jpg,Poland,PL,50.808045,16.10328
c0c77ed313024921ae360658bf47bf9c.jpg,Poland,PL,51.613886,17.733664
e9e1f2104ecb4763b1eb4cd7a3ff2dd3.jpg,Poland,PL,53.541766,20.967552
82952b4bd0394a84aa524116284b69e6.jpg,Poland,PL,53.892177,22.346202
eebdfe5201824fc8a8a45f740ee0dffe.jpg,Poland,PL,50.242799,18.643505
ef7c14a4016748fa9044396a3e3134f9.jpg,Poland,PL,54.701546,18.358303
1d4868b595cc4158a183639c3bcdb0ae.jpg,Poland,PL,53.360994,19.775542
03cc694911264258ba907f8b818e606d.jpg,Poland,PL,51.480985,21.469338
5e5d2a9d45f3472cac372faf2f2888ae.jpg,Poland,PL,51.458535,22.453649
d236a443549141cb97e43f1e141f9016.jpg,Poland,PL,51.501128,23.5424
c5e2b8a6b2214219a69182a697cd8d07.jpg,Poland,PL,52.087487,22.298821
81f568e096f14c6c86bb4c67021767e1.jpg,Poland,PL,53.362034,22.443575
dff1d9125f4546dcb0a70ece41bea886.jpg,Poland,PL,54.163802,20.232255
734bb652ee8145cc8695a634099cedb3.jpg,Poland,PL,54.259701,18.250377
2487ffa29d014ca18d11f7069eb8e5a3.jpg,Poland,PL,53.39409,23.471246
81f6f4c375f8415fb89211f0d925325c.jpg,Poland,PL,50.797647,21.165974
630345fdef4d4e378b6c37de9238e1d4.jpg,Poland,PL,49.35731,22.090883
762db6177cff4e418149f0e946b11b58.jpg,Poland,PL,49.76887,21.718858
337679d312974c2887e9db5672e0ade6.jpg,Poland,PL,51.075489,21.281689
a293bc868efe4f0dbdd8f0dbd3b82743.jpg,Poland,PL,52.915904,20.531135
dcb1538711e04e5188a07b851a8e1b75.jpg,Poland,PL,52.963439,18.912273
1c3b404a780842f6a6f915dd64f7f0fd.jpg,Poland,PL,54.167212,18.716769
be77201d8f52483f910b5628f79281f2.jpg,Poland,PL,52.003294,20.090784
b15d9145bfd0458c81f4b911025da733.jpg,Poland,PL,50.627179,19.834788
2f6c09e93b0d436f9884c2a31d8ff7c9.jpg,Poland,PL,54.407548,16.515417
6a0044af9b64415bb35a037fea97984e.jpg,Poland,PL,53.611816,14.8481
f51a23b12df24211823c5f17b46f5e2f.jpg,Poland,PL,52.322636,21.565853
79192ecdc21a4fee8d413a01aa33eabb.jpg,Poland,PL,51.548366,20.067223
625d4b3c4c254479bab3aa80e98b5793.jpg,Poland,PL,54.19818,17.391315
9717df7aa94b4c1c85959223c18d7244.jpg,Poland,PL,54.164718,22.931409
7e01f13387ef4f3791224a2fb8ceaf3d.jpg,Poland,PL,49.573315,21.508974
8bcc678546154bb39c8fb936b5b8d46a.jpg,Poland,PL,53.620308,15.154359
e30bc573eae64321ae13e8f193f134ac.jpg,Poland,PL,51.15941,17.05631
1afcfd1da36b4b54bfa43fbf41407cf6.jpg,Poland,PL,51.216945,18.478352
c2a01823b6d24fbeb0e3f16ed1f8615d.jpg,Poland,PL,53.636443,21.094383
5246f8df50b34a22abcac35fb48381b0.jpg,Poland,PL,49.641643,21.339885
dde14dc6a0a144738a6ff9a8cd20646a.jpg,Poland,PL,51.589535,18.659561
ed8f010463b24b1daf17590a4156b530.jpg,Poland,PL,54.199624,17.384906
4f3bf18737884f9ea5f9f6be80767d0f.jpg,Poland,PL,53.357798,21.259635
6228fbc8d28247dcb719feb07f36733c.jpg,Poland,PL,53.926638,21.468402
b81778b1d78d4fd3928e7790d1d1132c.jpg,Poland,PL,53.367215,20.7613
ce085b99a96a464d8158ba3d5c0cb721.jpg,Poland,PL,51.855126,19.405695
3088526247c44cd4b2e92ff75c3dffbd.jpg,Poland,PL,50.428953,22.467613
87be0b1c49c7474089b2e332bf1da87b.jpg,Poland,PL,50.226132,19.729764
7752ea1410fe4f36b2e4985a973ed0fe.jpg,Poland,PL,50.868982,15.800364
2a406ef5503a4568b166e2da04ae2ded.jpg,Poland,PL,54.294721,22.650151
0417f7e29a564468875c73edaae482fa.jpg,Poland,PL,51.349278,21.054446
7ac8206b046c4c53bfbdd772b60584ee.jpg,Poland,PL,53.297362,15.434612
7bbb166f6ca24e8db9a56394b5f3b290.jpg,Poland,PL,51.351261,22.736211
23a0386827424c97b10d6ec501e8dbdc.jpg,Poland,PL,53.808104,22.966898
31f9d2e9c3ce48a3b5d2f83d524957af.jpg,Poland,PL,53.873889,17.48176
4421531570f14623929fc300778ad13d.jpg,Poland,PL,54.212391,17.48138
3ebf262263a04cdab6907d3595b50264.jpg,Poland,PL,50.39645,18.997926
a8e54f085526471597ef2907bd7d4991.jpg,Poland,PL,52.325643,20.854815
ecb347b86bc6483fa27a25587f9e93f1.jpg,Poland,PL,51.269849,20.158565
20accffb199844758d52f1c3ddca1855.jpg,Poland,PL,52.565391,21.783652
efe65d9a8c4e4d739051507c1783f3b3.jpg,Poland,PL,53.025056,14.898744
507eb184124a400a87a19a61b0147d13.jpg,Poland,PL,51.369177,21.069261
da94c8411f7b46a8b20d9cc529b0fa0c.jpg,Poland,PL,54.191621,18.633119
5ba340beb7374f3cbf383079566867d2.jpg,Poland,PL,51.33529,19.687185
f60581b8c1a5481a8a1cde5923745bcb.jpg,Poland,PL,52.835021,15.060811
34db83d9e5ec4afabd05268e68f76ad0.jpg,Poland,PL,50.976933,22.312752
b523ec4803ba4ebab62b8cbfc5677a86.jpg,Poland,PL,51.909656,19.865053
2b6160080743487f8809867d0edebc3e.jpg,Poland,PL,53.907523,18.338616
044cb462376441d3b3f91753383bbf44.jpg,Poland,PL,51.188283,17.165946
312cc70ae223405e8be6652898fb97c6.jpg,Poland,PL,54.007672,19.974641
a6206b4814b449d1949ec57e9358d94c.jpg,Poland,PL,53.721142,20.472132
49b65c91ac5d419e8ba080a6a7f565ce.jpg,Poland,PL,52.944761,20.487399
8c789793daec4d23b3bc0722f8017fdc.jpg,Poland,PL,54.214683,16.01653
a0a626946bd64108a6ee6cca73d05f78.jpg,Poland,PL,51.969015,22.365206
f6b61460669949d2b63bacd6702ab005.jpg,Poland,PL,53.363175,20.9101
d8b1b5ab017a494681d8cf346e70125c.jpg,Poland,PL,54.641596,17.728339
cb1510eef2a542e09e26b80bd7974f1a.jpg,Poland,PL,50.644666,22.685262
62ea81fb96204e2e8154821c1a2b979b.jpg,Poland,PL,54.352818,22.711807
cdf6cc99febf499e82a6d0b5614f1afe.jpg,Poland,PL,49.920997,21.317046
3d7bffdf0ec445849ef6a2670112156b.jpg,Poland,PL,51.924201,18.982082
bbab17d93cea4f52b22f47afab6301ae.jpg,Poland,PL,50.200852,19.78557
d8a755ced1fa4dddb8765ac0e5fa6b43.jpg,Poland,PL,53.35988,14.698634
9e73d0d4346f4ae7948696d29c7adf8b.jpg,Poland,PL,54.612728,18.389594
32c405037e84406e8c1155081c337a4e.jpg,Poland,PL,50.760494,18.026754
6755d665854d4cd1a1cc9ab56649c04f.jpg,Poland,PL,54.456285,17.402512
db05b2c24f8f4ce79940acfe802487b1.jpg,Poland,PL,51.123472,23.344456
d7b1ef767b5b4559a1670f25552b2355.jpg,Poland,PL,54.166092,20.218158
c679384554594fddaa0fb43f82a2aa6a.jpg,Poland,PL,49.683824,18.974864
857a30a4dbc14250ae217fb2a2e70421.jpg,Poland,PL,51.480548,22.084133
3b0f9dc9175b482e947b28670acfda7a.jpg,Poland,PL,53.415636,22.45583
309d5b5007b54e6e820064aac8222815.jpg,Poland,PL,53.546419,19.41316
4dadc0fe90c54e93bd2adc7a7a9692c5.jpg,Poland,PL,51.420163,22.260113
377acd998ea647688ce9ac0d01f37299.jpg,Poland,PL,53.426352,22.590535
29cb7e85af4c4c40a382c1068faf8a4e.jpg,Poland,PL,52.059005,21.261986
11bc88a242d84449bef178c7ba49cbe3.jpg,Poland,PL,52.723981,21.322033
092ab4fea8544b3cb1395e61c6a5f45a.jpg,Poland,PL,52.670618,16.823882
ee34f24a86724ec8a1b9f33b33677237.jpg,Poland,PL,50.195557,19.791221
6e1d07af14a14842aeaa404508f6e2ae.jpg,Poland,PL,51.801518,19.796015
14ea88c026994f128bb65ebd890d53c0.jpg,Poland,PL,53.528839,20.726184
532ebea3682b4b119bf42a3a57c20ee0.jpg,Poland,PL,53.393314,22.424097
ac2719e6eb3f4eabaf13d03cacb6a5f2.jpg,Poland,PL,51.623764,20.768016
547fc890d3ec415aa42cbabb47955110.jpg,Poland,PL,51.599964,22.717425
44060e0b05ab484b97d6dfff46372740.jpg,Poland,PL,51.943577,20.214282
a0830a419b484eca952ae98c67b78f5d.jpg,Poland,PL,54.770229,18.401537
6f97e7e2ac6045d6b0e95c018acfdcf4.jpg,Poland,PL,51.72534,21.06443
ff3e11af7a324d37aea0cd096bf54c37.jpg,Poland,PL,53.657928,21.345181
3a77cc5462cd4e1c8941e5f97d912a4f.jpg,Poland,PL,49.654955,21.269644
c4cf52b905ec452e9510a36c2a2a4e16.jpg,Poland,PL,51.460447,16.121583
c117dd80026747d0b45cf5e6f25213f5.jpg,Poland,PL,51.649793,22.902276
6bd3fca2408944729264714fd6c67fc1.jpg,Poland,PL,53.608257,15.107757
e6d7e11a34ca405385bd998d4bf784ff.jpg,Poland,PL,51.445891,22.003607
d897fd1f91454061ab6836ae44ee5c64.jpg,Poland,PL,49.979629,22.021666
6a8b9b87785c48c1844af07a83002933.jpg,Poland,PL,54.300536,22.633293
8bc2c24fa31f44c7b9c0616b7ef31ca1.jpg,Poland,PL,50.726885,20.283916
1afc891a42de4ece87248e812e486334.jpg,Poland,PL,53.057406,19.086073
9a1515966fa24c36b8e59dbe5e107588.jpg,Poland,PL,53.002843,15.012551
283db82b3b674af396ae3cccb6f605c0.jpg,Poland,PL,49.444208,20.299785
45dd66538d8a451a8e160eaed75af595.jpg,Poland,PL,52.668403,16.880072
f225321ffb5145b7ae93f8e700d4086c.jpg,Poland,PL,51.657159,17.780654
9e08605636a746f7937d7c4de2c3dbd5.jpg,Poland,PL,51.060931,21.743771
50d39fade944467c9688d76300acacfe.jpg,Poland,PL,49.965293,21.311014
5a13245540aa4d04805ea6bf1a03b73b.jpg,Poland,PL,50.840575,19.054758
a9b79796ebd64d8a8ca300724e4b2ba7.jpg,Poland,PL,51.078533,20.378458
9a353bfec89046a4b6addad2e126e13a.jpg,Poland,PL,53.561039,21.217042
95e6f481e6034dc6a1df3ee486d1622c.jpg,Poland,PL,52.190449,22.462574
68caed8442c84d26b3e6937ebb7d6701.jpg,Poland,PL,53.47703,16.187632
3cf6b1a2172d4d80a9f61b1ed4fca197.jpg,Poland,PL,51.307329,22.695685
51972d7bc70e49418b8f706e7ea3a852.jpg,Poland,PL,54.232511,19.540087
05bf355c878b42b199c9b2a6164feabe.jpg,Poland,PL,52.681865,22.297236
212d0507cfe94eb2853c52b37ea9aa23.jpg,Poland,PL,51.929485,23.61029
a45e67d9ac814ec29f0c1141d39f324a.jpg,Poland,PL,53.049617,19.737671
49365e89447c4f82a2681336826219ea.jpg,Poland,PL,53.414738,20.056454
9636b37324f4456e8d815496e7bd24da.jpg,Poland,PL,50.849987,20.273811
2a77208882a043958043b04b2319e6f8.jpg,Poland,PL,54.62042,17.806495
5a7706c79f0647b984ecd0cbaad95645.jpg,Poland,PL,53.488128,19.349458
984494e0ed6d444f8a71221865867f2d.jpg,Poland,PL,53.323399,22.455967
1e4e4c3d93d94792a1266206d8b82f6d.jpg,Poland,PL,51.61345,21.292811
e0acd1bf808a439d8c991a6fd3c2caac.jpg,Poland,PL,50.788273,18.594351
367a1e8370ac4447a69c3738ef351a80.jpg,Poland,PL,54.590646,18.404967
e28d0cf62ef140f79088240fabdae06a.jpg,Poland,PL,51.749842,21.770093
f6618891611e41e794e8c0fa85ade943.jpg,Poland,PL,52.452773,14.719045
a345b49efe4c4811a2576785d1f9662d.jpg,Poland,PL,53.420427,19.543763
8b427be849f44e178e554ead70ff7f4e.jpg,Poland,PL,50.159738,22.159174
2668769d64a944febc24bc26fb60be1c.jpg,Poland,PL,51.138468,20.857708
72bf6d7f30644054ab4ed76f5e6f0d26.jpg,Poland,PL,51.932388,23.612608
0d92a782a296458aa3523db4508a3250.jpg,Poland,PL,50.638338,18.479008
71ae4078900e468683714371970e0b82.jpg,Poland,PL,52.06282,21.374085
a5f115899dd641f9a433016f980a3e2b.jpg,Poland,PL,50.024387,18.58598
4245f572722b4f3791090e2e6825d3a3.jpg,Poland,PL,52.251102,20.400186
489b6bfd610c4ceda0b2203c21ada439.jpg,Poland,PL,49.595965,20.583141
572d42e07c824661ba6209a383896b45.jpg,Poland,PL,51.704219,15.607054
67da3cf6b9af44ee999b15214cd4329f.jpg,Poland,PL,51.488531,22.078139
69c84de971774cb4826bd1e272928d42.jpg,Poland,PL,50.482974,23.446198
000f2b81d53847fa840df9bd0d59f9cf.jpg,Poland,PL,51.659431,17.800406
d709601a4d6d40afacd53341fd963446.jpg,Poland,PL,54.039116,19.90708
0717813125104e7f8e092094da9d047e.jpg,Poland,PL,53.568379,20.879217
d2cf12237d834b14aabe5e7a3e22696d.jpg,Poland,PL,50.078093,22.372012
02ce317562c24466bff1177201f4737c.jpg,Poland,PL,52.841454,17.986882
30c88a74dba94a90a4fe5edd5c87da1d.jpg,Poland,PL,52.336978,19.357841
d7579180096d47dba2894ca0042c697d.jpg,Poland,PL,50.291373,22.248856
6138bd75c01a4ccaa62b1207f65ade43.jpg,Poland,PL,51.310961,15.575394
a67085b2223f42ae981857cec4103f2a.jpg,Poland,PL,53.761527,16.681334
264e4fe27cd747e397fbfde6ee7c8594.jpg,Spain,ES,38.70182,0.081773
5c6ca0864d98496d9dd9dcfbb3c2d100.jpg,Spain,ES,42.454776,-6.144019
ab1f2525ce38410fba32b82806faa611.jpg,Spain,ES,38.005728,-3.820097
903e778da5884793a56bc637a08f2626.jpg,Spain,ES,39.53824,3.246388
dedd5f8cd6fb4f14a4f782c730818f03.jpg,Spain,ES,43.12634,-7.518212
6cee474bac854a3c9b346639e437d3ce.jpg,Spain,ES,43.656914,-5.844533
09230bb430ae4216a0fb1c0431cdf6cc.jpg,Spain,ES,43.421806,-5.08755
4128a7d6c1924516ace06c456a88ae50.jpg,Spain,ES,39.861441,3.19788
b942cbe13db74b80afb32737066ee622.jpg,Spain,ES,43.064733,-2.715558
edbe03a5244441b1a4a6e83a1c3c00cb.jpg,Spain,ES,29.063582,-13.58522
6f0f7f1195e8414d9fe56cd53786d03f.jpg,Spain,ES,40.968212,0.638726
963c8bb568644d89a556603bfe947f37.jpg,Spain,ES,37.133307,-4.74244
64f7c999e57a4801afb58aee00666f21.jpg,Spain,ES,41.057206,-5.854759
dd357feed81a4338932dc64d5c32631a.jpg,Spain,ES,36.853396,-4.13325
934d984e0ee04a2287afc2986cc35c4c.jpg,Spain,ES,36.701993,-2.839804
6d60d6562a904a85892a7043c71ad77f.jpg,Spain,ES,39.64826,2.698728
9013440e930a41498b821f11d1030a61.jpg,Spain,ES,41.84419,-0.797108
fad9438989fe4c0db830a3f618ecc352.jpg,Spain,ES,43.071382,-7.643514
e5d0a036f2774c0d939b47bcf4213167.jpg,Spain,ES,38.727639,0.037565
1443911d65b14207a02dd0871e4fb430.jpg,Spain,ES,29.002457,-13.551451
41117ac72f2d487996a27a5d6425b14a.jpg,Spain,ES,39.440593,-0.39641
744c32383f264fbbb6844a5da918d24b.jpg,Spain,ES,38.323799,-4.979309
9881e45c544b4e9badee57435a0ea734.jpg,Spain,ES,40.931791,-3.830881
c74c43b4a95446029d356132065c6cf6.jpg,Spain,ES,39.814303,3.053184
a3928a161b1c4e1f8beec90d6bfcc972.jpg,Spain,ES,42.116313,-0.068642
f44c6110a00a40c082e0d04cf9a90e7a.jpg,Spain,ES,28.963853,-13.568601
588bd69d58f6467f8f5af9c86602c971.jpg,Spain,ES,40.833984,-2.709432
423592dbea714c7e856911d88ca49b66.jpg,Spain,ES,42.462881,-3.152802
f491216b218f4078ac08900bac0a5420.jpg,Spain,ES,40.550758,0.243943
3860d93fb0f046bf847dc98ae8b1fc9a.jpg,Spain,ES,43.654934,-7.598379
42d6a1be87564913a35402c85bb67265.jpg,Spain,ES,39.971872,-0.58087
838796ecbeea4d5aa30d45a655b5c2de.jpg,Spain,ES,28.651457,-13.832023
e0b5cb0b545b4eaf86fb642b52bd2ac1.jpg,Spain,ES,43.651568,-7.600131
6ffefd7106db479e91ea53463b8926d3.jpg,Spain,ES,40.882199,-5.579537
d36fbfc78ed846839907d0e145d44654.jpg,Spain,ES,38.216162,-2.4546
8a4a8a19ddf647beb2b94d632be8a2ce.jpg,Spain,ES,41.658411,-3.485947
bc059c7ae4b44ffe812425a5135bd460.jpg,Spain,ES,39.057264,-0.596209
bd60e14b356f45f582def310f9700050.jpg,Spain,ES,28.049492,-14.331906
95922ff2ca2045459d0d8300d26d7c6c.jpg,Spain,ES,38.822757,-0.511819
a6fdbb7078744a398ae00e7218a2304c.jpg,Spain,ES,37.107374,-3.412285
88e0f5c5a5724580a64ae1e5139dca8c.jpg,Spain,ES,39.861605,-2.564393
f6090d04543749238eef456862ddab02.jpg,Spain,ES,39.39569,2.977685
16a2217cc22f46ab82b4b4e0dee9604b.jpg,Spain,ES,42.145193,2.610324
52f45cdc851c469c8d4e774532e0d67f.jpg,Spain,ES,41.935253,-6.724018
e75a980b2c824b6ea8a900cbb1d842f3.jpg,Spain,ES,28.958284,-13.573914
1ae5d0ff65ef4398bf62bb5266ac21a8.jpg,Spain,ES,42.39558,-2.239427
73ef64cc0ee249278ebcb49561b23d93.jpg,Spain,ES,38.20467,-0.723269
eb3eb7c2815440cd9ebc85f6c3f079ce.jpg,Spain,ES,39.348074,3.005866
2f9fe0e77efd49408c23b5e550c53017.jpg,Spain,ES,28.180057,-17.246246
b71395fbdc1c435990c064d32b2778c6.jpg,Spain,ES,39.562354,3.239057
bbef5510e95249b9970c3a50decef669.jpg,Spain,ES,41.201817,1.597578
c614fe30b80b4c1eaf3fc6e26e31b317.jpg,Spain,ES,41.624908,0.431304
ebeca6ade3194498b4ef2b15fb8c5fcf.jpg,Spain,ES,41.682547,-3.252902
d7d37a98633741ad934c469c6cb26571.jpg,Spain,ES,38.916251,-1.823491
b94712069ff94b989f38a670a53d5304.jpg,Spain,ES,36.519239,-5.045007
67fc95c07ef240f4b73c02bc511b355c.jpg,Spain,ES,38.412792,-0.633893
41f4cea541284428b49541d9cc87be3b.jpg,Spain,ES,39.742311,3.168865
60b1a4961a154b4697c6a1e4f8757f32.jpg,Spain,ES,39.384622,2.996997
8716709bd75d49629b6db0dc86780736.jpg,Spain,ES,37.362366,-3.824284
951874f379e54813a5f837d02e584c3c.jpg,Spain,ES,36.709956,-2.804122
9deb681cccc84464bd5e0e74d276a2c7.jpg,Spain,ES,39.476626,3.248868
a1f391e67f8f49be998c42118f9ff52c.jpg,Spain,ES,37.669856,-0.925546
588033d809064273aaa8fb8c7966b97e.jpg,Spain,ES,39.563084,3.237049
f47eb825d21d442caebd34f3ab23fd4e.jpg,Spain,ES,40.448252,-0.224204
ac6e515fa1db448cb4852f0a038f622b.jpg,Spain,ES,37.94765,-0.711221
4fd0e4aeb450408690c86d54a2280a87.jpg,Spain,ES,39.501628,-4.214675
6e9c4b333d49483194e63759019b689e.jpg,Spain,ES,39.625231,2.648001
36b9c3f0beaa4f41beec380c31d98be7.jpg,Spain,ES,29.134745,-13.46356
148d1a6829d14d88b84f930731316411.jpg,Spain,ES,42.48693,-6.760733
f9cc9016d3ea4b11b5f51ded1c696807.jpg,Spain,ES,28.91187,-13.783046
85be254c6cfa4622a932f712280681ea.jpg,Spain,ES,42.024263,2.986053
f71ab43544b649eab10aca9b4f744856.jpg,Spain,ES,43.263024,-3.176075
1fd5d17c142e40398659d8581a29748a.jpg,Spain,ES,38.444642,-2.770463
053bc32603d147d69461b9d8a2a9574f.jpg,Spain,ES,42.422668,-8.715862
ff29568e27b14d9ca51c8b994d190e74.jpg,Spain,ES,37.635711,-0.774701
f2a6375d32e04080a9f4140b8739f609.jpg,Spain,ES,43.748229,-7.723766
e4c37ad2607d4f6780a1fcc0a371a724.jpg,Spain,ES,43.136153,-2.933564
866cbacb94b346e79725fc7cbaa81fa3.jpg,Spain,ES,36.852367,-4.133562
1d6d2431f50b40efb1f4a7de55b1a5b5.jpg,Spain,ES,43.028325,-8.427142
b915b1c6396146199381fbac6e36f114.jpg,Spain,ES,38.996591,-4.344472
7ae7cf3272e748ee95ba3c11424460dd.jpg,Spain,ES,37.817728,-0.819055
75728f07e40340a08100634b547da30c.jpg,Spain,ES,38.550228,-2.980345
4268ad8cd7304480ad13fc67778936d1.jpg,Spain,ES,42.767198,-5.071515
7dd13a1f978d40d3a87a4e43fa5a034a.jpg,Spain,ES,41.058264,-6.453487
d233556d65e54071882b7536b40e0a54.jpg,Spain,ES,42.968903,-4.979859
7ac425ae738d4a65b47758b157953051.jpg,Spain,ES,39.394493,2.941892
e0d150f78c2c457895a733259eeb1176.jpg,Spain,ES,28.974354,-13.748667
d5e3321d595e429d9e926cd0192ee4b2.jpg,Spain,ES,40.000982,-0.586141
724d4643fe6842b7a1db9050bf4f88c3.jpg,Spain,ES,42.554245,-2.946299
315f9cbcf9b84128bc228c90fce1f535.jpg,Spain,ES,41.363281,0.913832
042ebf6ccf084d6eb0d8dc69c49cd455.jpg,Spain,ES,40.05615,-3.071862
44f88dafc469493b9951760fea87d138.jpg,Spain,ES,39.882023,-4.019389
d7e2de7c526941fe831ad8aea27c73a9.jpg,Spain,ES,27.935426,-15.593087
3575ebc3c7c2463da8fd9e5b472da6f3.jpg,Spain,ES,39.703891,3.087014
e423e167f47549cea51b3f107db9f6e9.jpg,Spain,ES,36.995387,-2.690404
f038a17e43ee4c29a8abb0411d512009.jpg,Spain,ES,40.231349,-5.160796
a283698af4984f6fbc8bed654a7f3972.jpg,Spain,ES,28.953952,-13.6672
e2af99ce162f4892a9f798f785eb288a.jpg,Spain,ES,27.862246,-15.502188
5c44222d0cba4b78b518228817c0b11d.jpg,Spain,ES,41.612038,2.26656
6decd53a63174a3980ad1d03c58a8f69.jpg,Spain,ES,38.3433,-0.568651
9ddd5deb03c646499b83af29baba8437.jpg,Spain,ES,37.009124,-4.488741
a7f441ebf7364f0e8bf77090654ee429.jpg,Spain,ES,40.66797,-6.625292
39a2919946f0482fa52131693dc24178.jpg,Spain,ES,39.572638,3.108003
6225b8d079c84cfb845db45c27ef01bd.jpg,Spain,ES,36.526572,-4.664411
616969d3267b4bd3ad4e369b7124dbfc.jpg,Spain,ES,28.556135,-17.868935
5464b0a76c3446a69969269388a83206.jpg,Spain,ES,40.683782,0.338429
38e192e5f7514abb9a3207190095531d.jpg,Spain,ES,42.837018,-5.15426
c41872292e9f4515b154575962969a45.jpg,Spain,ES,40.49764,-4.676647
720fe66c90f64ef3b8afedd750b61f00.jpg,Spain,ES,41.660931,-2.504293
866bf71488314aa9bec7342f0e0ba6d9.jpg,Spain,ES,43.016551,-8.431304
4bc87b870fe24739964addd951dbaaa3.jpg,Spain,ES,28.068589,-14.418014
6834b94943af4a179c2f7d9ad1145b36.jpg,Spain,ES,42.075879,-1.640609
8ec82ed733ed46279d36a188b34a57db.jpg,Spain,ES,42.766292,-8.451231
5013b8587bd14a629743c7c467fc706b.jpg,Spain,ES,38.790542,-3.408166
97c564a26b8a485f8afa180bdce19416.jpg,Spain,ES,36.874605,-2.586271
8cedf59b490e49de9fc1c8270055db8d.jpg,Spain,ES,40.121653,-0.741161
91edda6b52554a86b648db31d919c170.jpg,Spain,ES,39.057861,-3.375256
1d07585c3abf4331b772268d3997ed72.jpg,Spain,ES,28.782205,-17.764522
d954aa9beccf46789707fd8f5d6827e5.jpg,Spain,ES,38.859999,-2.20809
eb4f6263d98e4892bfcd91e57b07e021.jpg,Spain,ES,40.34227,0.125926
a6344033a4f9423b8b2dfbe7999f4be0.jpg,Spain,ES,41.242587,-3.820675
d435856fa92840db83aac6a70236d0a2.jpg,Spain,ES,41.65757,-3.485564
63c81a921f764cb2bfe119d15db5304f.jpg,Spain,ES,41.241776,-3.779279
dbfd5aa6eb474b788dc4254376ad9f5f.jpg,Spain,ES,42.70811,-9.01727
e3c89cf1d91d4396977bf51ec7908626.jpg,Spain,ES,36.761358,-4.061577
f5e8ceb7285048b996b81751f3087141.jpg,Spain,ES,38.681827,-0.051148
7960ce176849463ba6fed1e701e989f3.jpg,Spain,ES,38.436571,-6.38455
10c6a71477114b6191e4a74522241c4b.jpg,Spain,ES,37.696448,-1.701581
81f7a7c50ed445b3ae52fe821a2d8823.jpg,Spain,ES,37.809949,-0.880417
a6df43a46dc244e6ae00b0c91481c474.jpg,Spain,ES,36.748422,-3.511172
ec22902aa00345d28cf0cd62133dfad4.jpg,Spain,ES,43.390259,-4.375276
d5cabf673fe44580aeb30c55f5d9ddf4.jpg,Spain,ES,37.955624,-3.791662
90a4c95f07b045e5ad8321454e8b3bbb.jpg,Spain,ES,38.908586,-1.663589
0403a4f730194dad9f34bd1e7f178e31.jpg,Spain,ES,41.739356,-3.171023
cfbbdc4180a049a39faf03931a8d49e8.jpg,Spain,ES,43.346276,-2.652936
c17bc827f8944ac498a5687e2796fb94.jpg,Spain,ES,28.075177,-14.495811
1cbc234e527f4c0baebca8a2a607b390.jpg,Spain,ES,29.001438,-13.544938
6950642bb1224365992f6787a2cf9cf9.jpg,Spain,ES,36.73528,-4.239885
18efebb5cf8d453dbdcad44b79d63ece.jpg,Spain,ES,38.808391,-0.463231
e0bdaa53c08e4bc881e4d765f5cb928e.jpg,Spain,ES,43.255797,-8.865562
3a0a86814ed64d4d99bffa384a413367.jpg,Spain,ES,42.063605,3.048623
b9ec286cb1344ec59519dc136c520a15.jpg,Spain,ES,42.978351,-2.233785
cc6e0a01436a43a8983350bd80c5cac8.jpg,Spain,ES,39.413736,3.136744
3abb4306dc024259a037ed1d420b0e06.jpg,Spain,ES,43.168306,-3.44145
21653ff365bd402db5ba763ddd4b4ad7.jpg,Spain,ES,40.242464,0.191044
0cbac50e0330481a8010cf9ddf0b483f.jpg,Spain,ES,40.575808,-4.174801
e2ade4950c8a4ab487f0cf13e7d95dba.jpg,Spain,ES,36.986576,-5.944767
cd309689b2f844ce9ebcf0bb2da83617.jpg,Spain,ES,38.313329,-1.482958
0bbd0d872e6d47fd948ca115b34555e8.jpg,Spain,ES,38.675353,-0.043177
d17280b9dbaf4c329d629fe18a3f8662.jpg,Spain,ES,39.317202,-0.407377
e84c3ed3379842bcb20fc6c771365236.jpg,Spain,ES,38.036032,-4.107785
6cb5d4e4808b400abfee10b0e9ceac39.jpg,Spain,ES,39.56841,2.770324
074fed94959f404b846b1d5e8d7e07a6.jpg,Spain,ES,42.224638,3.004793
d2cfb82d0a494f3198fb0f25fd652d6f.jpg,Spain,ES,42.789596,-4.904219
ec44b5cb04854b1cb94df2f53ae95da8.jpg,Spain,ES,42.105874,-0.171407
ea055f0bf72b41bc9263a7a0781937b2.jpg,Spain,ES,41.442299,1.558577
ff118951725a459b99cc1acaf77cc8db.jpg,Spain,ES,39.700225,3.101041
fa9b6201c8ec4f418b19a795cfa234b6.jpg,Spain,ES,42.795317,-8.12744
6fcf935ee70e470ea11ee66e8c7459ef.jpg,Spain,ES,41.956977,3.048326
1e10fa10a7064203ba733351ae554abb.jpg,Spain,ES,41.518674,2.125268
6efdc09c9383483f9622deaf10d5279d.jpg,Spain,ES,43.245141,-8.196915
47f74254501a4173a1a1a2a1f2534603.jpg,Spain,ES,39.926597,3.825969
8f29aae40ce24ad59e464868792b0db1.jpg,Spain,ES,42.671309,-5.599272
cb7ee566e0dc40af91ac383d1a56028d.jpg,Spain,ES,41.968908,2.867241
84bf333eb83c4ee68cbbd90b92666de6.jpg,Spain,ES,39.173629,-4.177186
710857f95b7f4681922a3170acf3e435.jpg,Spain,ES,42.15147,3.026452
182f8e586adb43fe8855c78e794633f2.jpg,Spain,ES,28.953111,-13.669556
8d38d5d42db348009d50dc835bcf47b6.jpg,Spain,ES,42.309565,3.056967
7bb2581efdc448048aa42de7056cd1e4.jpg,Spain,ES,39.520292,3.28774
39efc958e50f4356a1b792ae2e202b8b.jpg,Spain,ES,36.72425,-2.880668
7bb97f91b3d841d5af8fc2b55bcce73f.jpg,Spain,ES,36.580595,-4.707666
fe2712590da643fdbfd1054f70fcf062.jpg,Spain,ES,28.061374,-15.503301
3c3e2e9d254b4d48b43affe99155a024.jpg,Spain,ES,43.657099,-5.844271
f4cbe4b268bd4bc8ab643d07e262f580.jpg,Spain,ES,42.785904,-4.843574
a9e7044022f2455ebed4aa394a59e633.jpg,Spain,ES,28.654008,-13.831868
0178f2f56de942f2bdc7976c3174084c.jpg,Spain,ES,43.036498,-8.797333
5012a881ec6a424db628db335a861487.jpg,Spain,ES,40.054278,-3.613566
ba2c38769b5f4ec79a3ec611b9873991.jpg,Spain,ES,28.317492,-16.565578
db742f8536f540c3bdcd8f22b6910b86.jpg,Spain,ES,38.068431,-0.585952
596f057a1d4b4af7a4526bfb4c6aae4d.jpg,Spain,ES,37.325082,-6.834047
aa53882888f64beab318912805332aea.jpg,Spain,ES,39.704498,3.242097
83808b436edd4a0bbe6b1cad41c91cd7.jpg,Spain,ES,37.62893,-0.796453
506ec462589c420183b949f562f2584c.jpg,Spain,ES,41.690568,-3.776182
9c0a48447ae84e4b997875fd0bfe7ca3.jpg,Spain,ES,41.332482,0.810697
6416db792cc745088cdae904261946ef.jpg,Spain,ES,37.621898,-0.782052
41567d286d3d4a10bf92261ced6f3a5e.jpg,Spain,ES,37.243922,-7.319286
d2c9ef824391480aa7e332a9c222fb67.jpg,Spain,ES,40.795479,-4.455789
2f668b8b81264835b8d4f724987b3429.jpg,Spain,ES,39.440062,-0.337933
835095a6158a43328569b87c853bed7b.jpg,Spain,ES,28.472232,-16.424577
3a9e667c2bf94fbe8bd49983235b0447.jpg,Spain,ES,38.394037,-4.295581
e9178cad114f412c8fabdbf7466bef31.jpg,Spain,ES,41.34192,-4.110246
8b85419ea95a4177a698379256581184.jpg,Spain,ES,42.19852,-1.436046
a72513de1f4d406e94ab792365a0c345.jpg,Spain,ES,36.847105,-4.451494
05d836fde40d4ec7870de47778b12f27.jpg,Spain,ES,41.990718,2.75894
21215fa75acd48469e6fae1f7e25c5ed.jpg,Spain,ES,42.549467,-8.864157
46ac073844e045f1971766b5273daa6d.jpg,Spain,ES,28.368709,-16.849223
6e053b67ce054f0190454bf0952e2d4a.jpg,Spain,ES,43.410494,-5.207877
8750b34aa33a4093be06c114c5749cfc.jpg,Spain,ES,36.751636,-3.184364
0201f303a5d94aaca31ca53a3a809b88.jpg,Spain,ES,43.65764,-5.843969
7a48ec4d2f9f424bb3aa7cd4b3509a8f.jpg,Spain,ES,41.947239,3.124821
81dbb6a2c22045aab0be82c8892f657d.jpg,Spain,ES,36.806134,-4.124499
bca547e2ff9344ac9d8379511d23d3ce.jpg,Spain,ES,39.795769,3.071751
f2b8efea02ef40d08f7d0c477ae69031.jpg,Spain,ES,41.977911,3.025598
3b52a150216b41f5b36ad2b68b67831d.jpg,Spain,ES,43.727791,-7.72416
beeb8d40f76549a1b638044fdf7035ba.jpg,Spain,ES,40.913776,-4.262271
2dae7fa55b9b4ddb95695f1c97acd263.jpg,Spain,ES,38.370117,-5.961787
3af9d4fdc8184f43b7eb7f6a2a075bcd.jpg,Spain,ES,43.623597,-5.80019
b5663c9450a0447e82ed25a4d8d86d32.jpg,Spain,ES,38.186114,-0.810082
6fe32289ead548849b92ddeffe7008fd.jpg,Spain,ES,39.073245,1.536917
cc7583e10d904e64bc62237d826fdf24.jpg,Spain,ES,28.055768,-14.36334
cbf2ce80d97748139bb3704d427228fe.jpg,Spain,ES,41.966884,-3.113328
6ba0456d23a643f887b9756d555df818.jpg,Spain,ES,36.859071,-2.635936
2cc198bd70224a8081d4158f644efb12.jpg,Spain,ES,41.207535,-6.270961
dde44d125741404987dfa62faeee48c4.jpg,Spain,ES,42.035623,2.96726
fc219f4a89d0491e8db67b818710c999.jpg,Spain,ES,42.742614,-8.961322
df3900fcd2c7445d9bfd980df4442f4c.jpg,Spain,ES,42.386986,-2.166759
27fb5b360a0c48b7840ea1f7c144537b.jpg,Spain,ES,39.666768,3.234908
fbe4d6c4f69d4fb1ba0e5b13d1813308.jpg,Spain,ES,36.775086,-4.109316
7801ae27003844ec9fca278a5f7b8da8.jpg,Spain,ES,28.992357,-13.741676
99e9f730da1a412cbe7dab9049aff46c.jpg,Spain,ES,42.048934,-7.662925
6e546039b1eb449ba31ca153a7759980.jpg,Spain,ES,40.456357,-2.544307
4423ca07772d415b925eeb7438712312.jpg,Spain,ES,37.051734,-5.929738
c8d64dd3be644a5f8da44aff52c2e12e.jpg,Spain,ES,36.849494,-2.621772
e443dca363254205bc249816c9df6b34.jpg,Spain,ES,37.876593,-6.567868
875c70b54f9a45bb80e96a20f3534eac.jpg,Spain,ES,43.346965,-5.019349
d7283b877a8445a493b47aff0ff9b736.jpg,Spain,ES,41.596439,-2.519617
4415a1cec9f94abbbf271e82a344f52d.jpg,Spain,ES,42.804393,-2.905447
8f5ef684c2dc48e7aa764ce462e836f0.jpg,Spain,ES,40.684517,-4.620094
e53895b9ea8447188cb6c8a5f95e2aac.jpg,Spain,ES,37.486248,-5.626076
1b25616ce4654966b733d1e464dfb326.jpg,Spain,ES,39.741528,-2.42178
740e24084a794d308a837b3ca3e34c33.jpg,Spain,ES,36.738374,-4.238682
d9bd4a9ac3224c498b2aa276119262f6.jpg,Spain,ES,43.124558,-5.171307
90d701af831c4c2fb9c07de1bea542f2.jpg,Spain,ES,43.238764,-8.565685
c5185cc2ff2f4a52b8911cd5a857935d.jpg,Spain,ES,39.564296,-4.236263
5e3ca3bd90a04b8ca4507f4dce2d4a8f.jpg,Spain,ES,38.754138,-3.103558
a1fc904f180a4d499a5918a8c5268967.jpg,Spain,ES,42.242002,2.306202
af1280e9ea72484f8d023d8cba708709.jpg,Spain,ES,41.968898,3.031821
fdfc553f08ed4ac796a9997d3904c049.jpg,Spain,ES,41.101402,-1.187275
cc6c04f458ca456f93c0b5ff2c8d7874.jpg,Spain,ES,41.762114,-3.893498
bbc2d0eeb83e4a0498ec7be663e7fe8c.jpg,Spain,ES,38.171952,-0.864267
cbbac95e196d45e29862ab141380120f.jpg,Spain,ES,39.488512,2.814789
2d39c42173fa487d8453739d6d2456c0.jpg,Spain,ES,40.419082,-6.125988
dde87a96dae74dd8acf54fc7f5a821a1.jpg,Spain,ES,43.294698,-5.136941
8ad016978b444b08b51945130dd00368.jpg,Spain,ES,39.048829,-0.243978
958b96d8876944518e0df85271f276a4.jpg,Spain,ES,41.720909,-3.184258
12b15f9504fb429fb99f7481522d58d1.jpg,Spain,ES,43.628609,-7.603044
36d54d5b749e44afbf8af6e555309b02.jpg,Spain,ES,37.196295,-4.795081
32bf8d193d0a4da6bb0184561e31584a.jpg,Spain,ES,43.352743,-3.930528
a8379a0f089e4fc691068e8cdba05e06.jpg,Spain,ES,36.713366,-4.327232
56920d8fc4d5418a8705498f10898e48.jpg,Spain,ES,36.746373,-6.047217
69f00ac93bf44a5983cf6120122400e7.jpg,Spain,ES,40.643455,0.307422
c8e2d3727997453181a10e319536ccc3.jpg,Spain,ES,39.661345,-2.371593
1d21acc2c83e4dddacde8f0f20b3b817.jpg,Spain,ES,43.730344,-7.692376
60e9c4a323d44c03a86b6c7454445ecb.jpg,Spain,ES,28.248965,-14.040299
85d25f802aba4c79a5e836914c323037.jpg,Spain,ES,39.026099,-3.374009
b11d2bf855fd4805948f9ebd840da05f.jpg,Spain,ES,36.77177,-4.109204
768bd34df71a489e87e1ea1e0179ee80.jpg,Spain,ES,41.758081,-1.084571
970d368ab6d04e7a914ff814a93f844e.jpg,Spain,ES,41.627697,1.028547
75a77ebba7c4431f9ba48a7e8ce35c3d.jpg,Spain,ES,36.55719,-4.656322
d6ff0ef8f1a049a5a4b91f8891765a3e.jpg,Spain,ES,43.08801,-9.219305
b7f5b26200f24322bc10b3a575eb3912.jpg,Spain,ES,28.052552,-16.600723
27bc613702ac46f79fca1b54dac9294e.jpg,Spain,ES,37.622885,-0.782986
8a4bca34187d4826ad07cf9e206c447d.jpg,Spain,ES,39.058698,-3.375289
d50f1aead7464f9d88d0d72179477bb6.jpg,Spain,ES,40.21861,-0.937353
6c92eff98394438087fa72bb1df5255b.jpg,Spain,ES,37.453851,-3.940316
b0f0fe66d90e4c51b8bb5ec93611689a.jpg,Spain,ES,37.564146,-4.298141
fc4d39a3ae1f4e108564771fadb90e76.jpg,Spain,ES,28.723326,-17.789903
9d1faf53681e460fbfeda001d90265b4.jpg,Spain,ES,28.141437,-16.456745
3439e2c9237c4e89b9165c517b42c06d.jpg,Spain,ES,41.485077,1.660827
cabf3663ea674f8e82d7dabd89fc1ba1.jpg,Spain,ES,39.701123,3.262162
84b02304316449ae85337566ded168df.jpg,Spain,ES,37.544086,-4.027289
8b23688f5bec41ffb744126cd791a985.jpg,Spain,ES,43.633525,-7.601127
003c69a1a1344a9b9706180523b39e7b.jpg,Spain,ES,38.132169,-0.951758
2ddc35db117548e0a257c04c7b5fc5ea.jpg,Spain,ES,41.539384,-3.203965
7422582bcc8444669a52a994a9b7a1eb.jpg,Spain,ES,38.525041,-1.675094
af8242d4578f4e128b1981d03521421a.jpg,Spain,ES,43.188915,-6.076391
9129fcb95bf645d29ff8ebfe25461fc0.jpg,Spain,ES,43.112036,-8.146786
76e815a060584630b98d878a24dc4204.jpg,Spain,ES,42.513018,-5.420392
619f89ad6e4546558ef4abd6cc27e213.jpg,Spain,ES,28.226926,-13.990521
52c44844da2f4d25bae8a42506b547a1.jpg,Spain,ES,37.84299,-1.040445
04267539a7b64e52bb6bc5eb0180fdbf.jpg,Spain,ES,39.485393,3.158413
2583a11356664d1d8e49f88801196636.jpg,Spain,ES,40.609998,-4.115545
adda6d46629f436f8a9b03f6e8df024c.jpg,Spain,ES,39.059711,-4.178951
c80773069d634a0ea5303b846b9935df.jpg,Spain,ES,37.604184,-5.757007
ab0e5b2bee1d450f80b26a17f801ff0c.jpg,Spain,ES,36.808881,-6.061391
385d192460d54bfe969375ddf2c0f44c.jpg,Spain,ES,38.653473,-3.469571
c041b6efaca44623a049152191c84c5b.jpg,Spain,ES,41.147517,1.013315
bf2a416aa108447c9592408d942283c1.jpg,Spain,ES,39.430252,-0.340393
c51e5c5e49614fae884bdbd043d7979c.jpg,Spain,ES,39.560402,3.244096
34451a545ae6436094522677baeb1dd4.jpg,Spain,ES,28.074514,-14.424764
25177c85620e40bd9a0e1f71fc651c90.jpg,Spain,ES,28.884392,-13.832873
4c36c3e30c7a43cdab3e860954136035.jpg,Spain,ES,38.860503,-2.209342
4e626347583a47c599d24950dbd76071.jpg,Spain,ES,39.395155,2.981089
488ed25437cd4b53972d061c56a2c9b8.jpg,Spain,ES,39.086575,1.520939
cbcf8f9f4f7148a88d54b51686ac4552.jpg,Spain,ES,41.73234,1.264926
f075e3d19df742f1b56c6084070dc986.jpg,Spain,ES,41.980902,2.868287
a3278a0c476f4a3da78d3139075690c3.jpg,Spain,ES,39.873513,-4.017265
0ace5401a1c54c4594f63f8540e81549.jpg,Spain,ES,39.704267,3.105209
78366bda8c774e63872ecc52031d5d12.jpg,Spain,ES,39.857179,3.19553
3cfd0cf4890e444385ab25e043765015.jpg,Spain,ES,42.835816,-5.206527
d4344279911846648babb425aa7cc3a7.jpg,Spain,ES,36.717956,-2.874764
c193f5b488004bf894f1bffb516688f4.jpg,Spain,ES,28.713276,-17.749737
0087f52cd0b9428b9b8f1576f3bf91f0.jpg,Spain,ES,39.351556,3.132722
b6b30a5b78e84ff3afbc7a0a8b7c8a12.jpg,Spain,ES,28.500504,-16.197217
0f9338e522a94ea4ab4de3636c5f43e0.jpg,Spain,ES,38.87021,-1.778505
3c16551c087f42a18bed2a76f6094ca1.jpg,Spain,ES,43.219451,-3.165747
55bfb5f4a7c0465abc4b3b3349b4bb15.jpg,Spain,ES,40.807184,0.163785
cf0271799a29476a832fdb66950a8f28.jpg,Spain,ES,40.217411,-3.591323
466c6893c8784e0db887fcaeaf22aa7c.jpg,Spain,ES,38.75797,-2.897876
e8f7c69c8edb483fb2d620f263afd2cb.jpg,Spain,ES,42.417108,-3.284499
9ef7504123074ac2909d5fde40ce5ee9.jpg,Spain,ES,43.363021,-2.667998
6a8e0ee5b7a845c08f33730565817cb3.jpg,Spain,ES,41.618922,-3.053264
92036c7e75c24f5b8e29a270007d6476.jpg,Spain,ES,39.373791,-0.566865
c4e68dee284844aeb0e0ded040f8d9b9.jpg,Spain,ES,40.186107,-4.989147
a7253ff54d4641fd9333024cc4d5af5b.jpg,Spain,ES,39.357139,3.19963
5bf1da7806a44084b8bd1d695d82c831.jpg,Spain,ES,40.330093,-3.448117
8529017f9e06438caa2ab10c074068da.jpg,Spain,ES,40.451703,-4.685186
ae663b31e61845ae8513925ef91784c4.jpg,Spain,ES,39.680318,-0.322079
88f4424f055144a484dd3ef0047d1404.jpg,Spain,ES,43.368403,-4.450061
f15fbc6f19f742d4af4047264becdf60.jpg,Spain,ES,42.423542,-8.718336
57863a7bdf624cec979acfd92b5a7a6a.jpg,Spain,ES,39.655976,3.250847
1e8c433d73f5476398f798823a2d4048.jpg,Spain,ES,28.546979,-13.94608
adbb1d31331446f3a7b36658dc1e4e44.jpg,Spain,ES,42.95604,-7.530611
549d291ec5514c82ae51f92784c06cb0.jpg,Spain,ES,41.817488,2.730802
6bc7e5d5218442c296a25b66e54c9a31.jpg,Spain,ES,37.693668,-0.867995
f170c00e3a2b4606b3883d54ca391ca0.jpg,Spain,ES,39.625408,3.295713
d019b5e9baa14fd8936d3667b2f41b8c.jpg,Spain,ES,41.897049,3.144593
23e6ff535ffd44c1b015ee47552a22a2.jpg,Spain,ES,38.832412,0.06347
3aeba931020847a69e6aead006a82c04.jpg,Spain,ES,39.477224,2.895489
01237c2c2f254c609256cc01a6f4944b.jpg,Spain,ES,41.724769,1.426922
d70ed2a9d18c48bc97c4fd3f0948e6d0.jpg,Spain,ES,39.437633,3.234857
5e53189ed13e439188e42a739b35751d.jpg,Spain,ES,37.126415,-4.367489
bd15b78817ff4024b113088fe7e54ad2.jpg,Spain,ES,37.845897,-0.788254
8c7758bd5d3f4e70b5a254878d5a7203.jpg,Spain,ES,39.358262,3.131218
e7981e03a0c4455397ffaec3e4b32068.jpg,Spain,ES,36.320238,-5.951542
50537e6c4bac4ae786426f3de267dd5f.jpg,Spain,ES,39.66495,3.267195
eeb85d489778420abc7a8e1ce86e2673.jpg,Spain,ES,38.929961,-2.941693
54c0a2fdc7e5466b9aed3bd2e351b5f2.jpg,Spain,ES,39.548292,-0.442968
8f4ea52c02d4495eb88f73687f8baf4a.jpg,Spain,ES,37.169503,-2.875597
dd745b3bcc1a4101b691577462a1fbb8.jpg,Spain,ES,43.02848,-4.858196
85c43339f49f400ba34b0d05cb313278.jpg,Spain,ES,40.632187,-6.563168
3760290f79b048bfb3f4dbc8ef0d258a.jpg,Spain,ES,28.939055,-13.629443
60384eab246b42c4ac9269bedec63731.jpg,Spain,ES,28.929767,-13.701559
6d0743d582fd479e9e4c4337ccedd2c2.jpg,Spain,ES,42.83402,-8.739643
82e199268bbd4225aebe6c24e3a9c34f.jpg,Spain,ES,28.502986,-17.847634
e9a8a530831843e08758b8b72ba84e83.jpg,Spain,ES,39.986563,4.004188
bc2b5821c3a2433ab7b7cbf10efee1e9.jpg,Spain,ES,39.612311,2.646076
7eb4848bab5447c19d3bb5df6914c432.jpg,Spain,ES,43.379525,-4.065546
8b5c4cf7c9bf4d85b965952e9efd7680.jpg,Spain,ES,41.028628,-1.658791
ccf77e88bf2b4a0292e0698dff936fe5.jpg,Spain,ES,38.199715,-0.679126
9765691dadc54289accc6c39f7485458.jpg,Spain,ES,38.565102,-2.3343
efcdfefffe1c4c91a9c6407ed5932983.jpg,Spain,ES,41.949002,3.105779
d0494f711f174096beeaff330773b50e.jpg,Spain,ES,36.782111,-4.104239
21da9f65b80242feb060a74892c3cd6a.jpg,Spain,ES,39.122062,-4.133688
71c708752b3944169d5c7e765a52534b.jpg,Spain,ES,42.921475,-5.292561
8639a55627074c82be69fb494285de9b.jpg,Spain,ES,39.36108,3.128669
ae1d385034d54842a461b8efafc89791.jpg,Spain,ES,41.897388,1.320002
a865cf84866440018fa570db90d5576d.jpg,Spain,ES,38.011527,-3.838726
436789acb7714cf8a6d86f1f0724b209.jpg,Spain,ES,42.662281,-4.792326
1f8fec0eed7545d298adc77dea9138c6.jpg,Spain,ES,40.258936,-3.762033
237b963f619b4bc3acb3e1513918592b.jpg,Spain,ES,41.630391,-2.515324
54625e0622e34c3780a054c1a5ffb6b9.jpg,Spain,ES,37.366487,-6.941043
b0239a6738f94dd791f6820078ed84d5.jpg,Spain,ES,37.286284,-6.994538
8a9903d416324c85bcbdc72bc00d173a.jpg,Spain,ES,28.940975,-13.802124
a7b9d465909448e8ad72808c8d859b9e.jpg,Spain,ES,39.37136,3.147322
15856a48e54d41a69c9c5b7d2a31f203.jpg,Spain,ES,28.063086,-15.64629
7ff09852d5ac4ba7ad2a0bbfc44e77ab.jpg,Spain,ES,43.238659,-8.570288
408194b16195447fb1b0f877cf8c34ea.jpg,Spain,ES,28.397363,-13.87153
8575c8b667464578a22c77e2db25ab13.jpg,Spain,ES,28.774627,-17.962095
2b6819a569ca4509873858209f2355a5.jpg,Spain,ES,38.298615,-5.950485
914b224c060b48c18f4696de577b9fdb.jpg,Spain,ES,39.662993,3.223561
6c2ba431b9b14fb2a2d4138dd2a411b6.jpg,Spain,ES,43.332439,-4.691646
27b82bf79f354f168299c7fa13e9b5f0.jpg,Spain,ES,42.728825,-0.525206
f3d4254fc5d843c58f388ff7364cb213.jpg,Spain,ES,37.335646,-5.949848
623990350e574bbc98a1d3c4569f827c.jpg,Spain,ES,41.117823,-0.944057
932c36c4532740c89e8ef9db918fd4ff.jpg,Spain,ES,37.420785,-5.912494
c4cc4879069a499fb157f46d0f56d2a1.jpg,Spain,ES,37.523033,-5.245947
75bccb44f893431bafc91f6a23b04d19.jpg,Spain,ES,39.992107,3.845867
dad44bce4f414940bbc85ff6348c0339.jpg,Spain,ES,43.746086,-7.720213
76caf926fbe04298983dca2466d1b7e1.jpg,Spain,ES,40.381443,-3.478168
f088661c239c4dee90e4d42632215935.jpg,Spain,ES,28.651833,-13.831988
722200b96e4b425c82fa71cd1f83e2c4.jpg,Spain,ES,38.978974,1.466092
82182e486a93418c9ab08038886d227a.jpg,Spain,ES,43.220112,-8.985345
47a1be52b77741278a0ade82ba18648e.jpg,Spain,ES,43.622729,-5.800413
0abaceb0173a4b7c9e4464eb03550517.jpg,Spain,ES,29.102668,-13.555302
cdf95745ff074fd08c700bfc6ed8aff5.jpg,Spain,ES,37.084424,-4.375483
7ebb453e1a194219b33897fa326f461c.jpg,Spain,ES,42.266787,-0.679079
65cb260d998e4677870750568d8480ad.jpg,Spain,ES,42.862874,-7.908033
f6c79228aa8840c69d8dfce0922b7612.jpg,Spain,ES,43.484456,-5.490774
df13603d6ab94e3180048a4bbc382d0e.jpg,Spain,ES,39.99515,3.845783
f80351ccedb14f0d81c53e2999af7199.jpg,Spain,ES,42.497455,-2.723674
5f942d62da8f4c418bb30790fffdd5cf.jpg,Spain,ES,42.427271,-5.835332
8c1ae140b2754c5e96639d3c51f70681.jpg,Spain,ES,42.437567,-3.07748
73f4e9ee9c0d434f9f8f2b4da430ad96.jpg,Spain,ES,28.951643,-13.673207
87114556f920458e9e17041b290ecd94.jpg,Spain,ES,39.488821,2.809053
1e12ae57e3e04008a2afd408b4d28ef6.jpg,Spain,ES,41.188478,-4.449763
bf4104f65da5494a802dbd8b33b6eb81.jpg,Spain,ES,39.54071,3.237928
ecc55e797ee549fd9f4f231ace69c74a.jpg,Spain,ES,28.078733,-14.433039
2c58d0657f6546abb7c4d4ab9862b0b2.jpg,Spain,ES,38.186952,-0.809817
c01f5a1393f14bacb2a37876a6be0803.jpg,Spain,ES,37.869634,-4.31212
0f5f53aeaa3a4647a85873d42874ced8.jpg,Spain,ES,39.489617,2.805731
0b76c1c2882d4c79a89dccaecdb24324.jpg,Spain,ES,41.875876,-0.768468
fb91efbd30884016ac45c95ed357b23e.jpg,Spain,ES,37.636477,-0.904824
20ca9a0528bf4fa5aa8ed8f17ea0bdd3.jpg,Spain,ES,28.126868,-15.470195
d6f3ec535e344e20be2cec7eac2465d9.jpg,Spain,ES,29.104045,-13.469375
3f259c4276f445e0b046d72774245e97.jpg,Spain,ES,42.455701,-6.13377
20fbd737b2ef4185a30cd9df68be4100.jpg,Spain,ES,28.500037,-17.847227
ca9b1c4149634e6d9dce882cd1c709a8.jpg,Spain,ES,42.128849,-0.061443
721e38d1e4c44a04ba84e5629c104188.jpg,Spain,ES,41.449719,1.785866
32d91b0bd0da4000a4cd680364198443.jpg,Spain,ES,38.509096,-1.654367
d6f9596d72824c699e730eab578f31cc.jpg,Spain,ES,43.64486,-7.603017
e734af15ea2b4d289c33e9cb535ce1a7.jpg,Spain,ES,39.999973,3.850715
bfde9309fbe74ee293a5e55722a435f0.jpg,Spain,ES,39.359798,3.129493
c8ea1a447f6f44249f5007addf1e2ae6.jpg,Spain,ES,43.353079,-8.313255
37ed19eb6fbb4e508934697db59c2576.jpg,Spain,ES,39.719718,2.886209
1b6c9f70ed2b4e78b135c1fd3aa24d46.jpg,Spain,ES,42.558481,-8.791144
5ea9f05335464c45ba5838bfa1cc0ae9.jpg,Spain,ES,42.541244,-8.799373
b2afb01808f14751a12d9364080eb9ae.jpg,Spain,ES,43.162239,-8.182833
d64ade0b877847ed993412b8550163d6.jpg,Spain,ES,38.53533,-0.623838
720fa8650cad4405bf42a4a1b9938317.jpg,Spain,ES,39.520131,3.287639
e0bc1db834c447829599723da04dbd9d.jpg,Spain,ES,41.929049,2.729045
5d0e830b5cf64742b553f1532a8e3574.jpg,Spain,ES,37.025678,-4.343586
19a1eb53b48549698ba29db113655d3b.jpg,Spain,ES,41.762404,-1.119712
bea8430e81a2401c9d5976511766edce.jpg,Spain,ES,42.858055,-8.19622
4be60f9a30a64b17929a32ba4cd39ed0.jpg,Spain,ES,42.019372,2.992918
5bbd41fd5c0d41108f537e45bb4be47b.jpg,Spain,ES,41.755253,2.798435
bbf4078296c04376ad16295f603ffa6f.jpg,Spain,ES,38.311814,-0.516901
e2ee48fdad064990a24781341dc573c6.jpg,Spain,ES,41.187775,1.484347
104a126a4c954fc99b70455879e26710.jpg,Spain,ES,36.696693,-2.788844
2f49aa0285f745fa841e677fb86d4837.jpg,Spain,ES,41.642954,0.902941
8884f168e2df4867a6c8abee91d6082c.jpg,Spain,ES,39.570213,2.829393
51d734d5d4724d05a5263c637e99c04b.jpg,Spain,ES,37.29686,-5.712545
17ebfbaf5fad4524b6b5ccc74f86495b.jpg,Spain,ES,40.693348,-4.105842
6970bd2a91ba452195a8c1d4a900c1ce.jpg,Spain,ES,42.355281,-0.738097
e114b6f98ea54d94aebbb68543340c91.jpg,Spain,ES,36.713784,-4.274085
7826090d1de44516aaa9051bde6ee107.jpg,Spain,ES,41.613388,2.266637
fc57f74ede7b461185c18d7554d1ad04.jpg,Spain,ES,42.19732,-0.315043
8e5c1cf9d3964e6eb6baf3bab07f277e.jpg,Spain,ES,37.622647,-0.78506
68f802c83d6441a8b319bf322f8f1860.jpg,Spain,ES,28.777887,-17.763926
1d616ffc2e91453292d1359929dfd1e9.jpg,Spain,ES,40.019312,3.873187
aae0851b5a194bac8385d0b2b310a85d.jpg,Spain,ES,42.038953,-1.601847
a70fb62461d4468080097b072defc914.jpg,Spain,ES,42.205774,2.756201
1bc1d50e7554495492245e048dae9e42.jpg,Spain,ES,39.931881,3.827084
f31a4cf740b344509f1f09d32b35b060.jpg,Spain,ES,37.674876,-0.889448
5c458acdb12d433b96a83f771b9c6661.jpg,Spain,ES,39.524434,-0.531218
e5758cb903d547cb85e835156a684d2e.jpg,Spain,ES,42.490784,-8.651602
e0c7197ccc424913b759de3ca0eb2fac.jpg,Spain,ES,39.859379,-3.993268
1187cad01f6941e2bd2df7c2dd9b0817.jpg,Spain,ES,37.983868,-3.810167
5be5e2c40e1f4039896474d8bf8380fb.jpg,Spain,ES,38.521515,-0.616833
b489aecb21aa4c1abf79d5d09c0cc647.jpg,Spain,ES,28.917154,-13.709456
e5498799b7da44e78234fb62c0d72b92.jpg,Spain,ES,39.693464,2.634018
829c0208a29d4fc5855aa679e0fd88cd.jpg,Spain,ES,39.292,-2.203284
1475e382e9064b228b3f2072eec64f48.jpg,Spain,ES,39.650529,-6.893954
d8f42205c90346c39fbc01e099de6446.jpg,Spain,ES,40.824865,-4.65736
304bb15946c34ddba2f3edc2a4aec346.jpg,Spain,ES,37.856444,-1.400201
9bfb2f9c54f84411ada8dc107c124eb5.jpg,Spain,ES,28.080808,-14.479183
ae75b4fa21be4770b1f767a33ce70ce0.jpg,Spain,ES,41.982467,2.870921
8875b3ee497a4d618f172b70d5c4efca.jpg,Spain,ES,42.177951,3.033926
8d9e5516e64d4c6fbc16cd70fb43b609.jpg,Spain,ES,38.28622,-1.458351
57dc49440fb34394a5fa9b0f252e6b73.jpg,Spain,ES,28.053232,-14.359174
e9591b5cc9d046e2bac48359fa6de31a.jpg,Spain,ES,43.018288,-8.835299
9c40632726d045af875f791701fcbca8.jpg,Spain,ES,43.241758,-8.195742
ae608f2b8ca94186bbc2d51eba04f6a1.jpg,Spain,ES,42.436649,-7.705097
9503f1cd02e347edb4490d2416e361f1.jpg,Spain,ES,41.887766,-2.790526
d53ce4407b8b42fb922f863265e0fb35.jpg,Spain,ES,42.150664,2.611594
4af197ce4534472692c80829e1335a6b.jpg,Spain,ES,28.670361,-17.80403
69d7f37c233b46beba0a9ce533705c2c.jpg,Spain,ES,36.146006,-5.448637
29a8996ac80745b6815a45f24f4a3700.jpg,Spain,ES,39.576326,3.142679
6558e889119740bbac59e02751801ac3.jpg,Spain,ES,38.482631,-0.602481
b26b8ef0ab09491b8308e11cb6b855c6.jpg,Spain,ES,43.728971,-7.690226
7895e8d5ba4a489bb72c3965bffc554c.jpg,Spain,ES,39.709139,3.014539
5d2bbca369664a95819884cb8a318711.jpg,Spain,ES,42.027822,2.977389
980a9332abee4ba6a2ab5ad028ac2957.jpg,Spain,ES,35.881251,-5.506237
c731d8a2c1944e05b8243bae7590d3b7.jpg,Spain,ES,41.94892,3.106373
166254930f4b4628b35fa98ca79c5c4b.jpg,Spain,ES,41.256836,-2.19453
0a368a3febd144028f047badc4c0c495.jpg,Spain,ES,39.560526,2.981222
fbfc26430f454c11b457caa70fed7b93.jpg,Spain,ES,42.632736,-5.743861
6028864566084c35b12666b511a7c50b.jpg,Spain,ES,36.853029,-4.445483
16bd673a39e14138a9a80358dff79028.jpg,Spain,ES,38.315256,-0.662891
88a901a3f2be4022b5ffc9ba7d0bb46a.jpg,Spain,ES,28.075436,-14.4952
6e33b1e905ce4f56a5067982a3a16d09.jpg,Spain,ES,39.020087,-1.80578
a234b87808754643b2f652653316bee0.jpg,Spain,ES,43.027356,-8.427511
84d9cfb1006f4382a3706e3fa30ef6ff.jpg,Spain,ES,28.982436,-13.744076
aaae791be39047a89b911fcae0bf84aa.jpg,Spain,ES,36.267012,-5.941844
9790a075e09f45e695fb8aeb4f3fb931.jpg,Spain,ES,27.96411,-15.602765
9a1b1a0f6111468e84d12279638dd04e.jpg,Spain,ES,38.940215,-0.187837
d30233cf7e674ed1825316806d1c49c7.jpg,Spain,ES,42.827971,-2.169901
8f85ca4dedd74cbcaf861c071aaf8cf3.jpg,Spain,ES,36.579329,-4.70816
86c7743d6e064b778e7af55450128e68.jpg,Spain,ES,39.467666,2.899223
9d25d13304a64f3cb40532d850aad049.jpg,Spain,ES,42.535643,-0.386954
9a36eabf377b43b4b6df3b8afa1033fc.jpg,Spain,ES,42.112021,2.774026
25261d18df6c452eaaab4cc097c37ac3.jpg,Spain,ES,38.665632,-4.182748
1219c9a3abc64558b989cb65965f5f9b.jpg,Spain,ES,28.88029,-13.832304
433ee5299c194834b53ae022b8d831cd.jpg,Spain,ES,42.78306,-8.467047
0851331bf1014e9c9f758a4be29563bc.jpg,Spain,ES,39.636156,2.650821
287e39baa43a4c9f9ac1913d6610d6c3.jpg,Spain,ES,39.562417,3.092888
a640586e30db4908bf576536c0ceb716.jpg,Spain,ES,40.448122,-0.219346
690fffb604ef4a3a973b20fd27b23957.jpg,Spain,ES,28.780436,-17.962977
175ebea3c0f94be98c2bf9d1145d8dc6.jpg,Spain,ES,43.623804,-5.80003
1494b44b14a649f3a355d43c4212f8f8.jpg,Spain,ES,28.779701,-17.963034
1b5f9a8721044c3b8c926c05fcb6c657.jpg,Spain,ES,41.183955,1.423057
544d4e7dc90f4ff0891002a80d0830db.jpg,Spain,ES,38.734116,-4.090279
90d856ae76f64b2590ab824496b139a2.jpg,Spain,ES,38.407039,-0.551021
7dcd72b0ed384a109d3ab17d75a92d26.jpg,Spain,ES,28.661902,-17.816287
e5564907a969409f8c45b6c2b6356224.jpg,Spain,ES,40.768182,0.555726
8ff53ab35fbc4c279cef11058178551e.jpg,Spain,ES,38.208125,-0.682584
b4648d3f0fe24c62b2aa35e5bf83de88.jpg,Spain,ES,40.17504,-0.869698
9793f53ef4f74b4f98ba95eaf22f14b5.jpg,Spain,ES,42.291636,3.208021
00c1b46f23a742efb330ae46aa173c56.jpg,Spain,ES,39.561229,3.249621
2bc59026debf408aad8e0b6a4978d076.jpg,Spain,ES,40.092081,-3.855985
72a2046b3d9f4fe3b50bf98c9d4bfd9f.jpg,Spain,ES,41.543066,1.543423
19291bee9a1d410db0ce2e54f27619e1.jpg,Spain,ES,38.881421,-0.751503
82014ae6a43a4092bd161da9cc86533a.jpg,Spain,ES,42.018403,2.707649
8044c67826174b54b5b23f1ec36df0c4.jpg,Spain,ES,37.332484,-3.276836
c352ab6b058c4fc8ab4894ca41e56703.jpg,Spain,ES,43.273342,-5.597113
bf722bae5b9a483c92e9c21ab7d19d0e.jpg,Spain,ES,39.256442,-3.75607
dc75c7d2ba5647e7a401d09df9f17de7.jpg,Spain,ES,43.744959,-7.693173
a579bb66f42f4d85af3ca9b4f662060a.jpg,Spain,ES,41.547165,-3.20571
1c718d69698947009b28a10b9b2b0d18.jpg,Spain,ES,43.662866,-7.602585
27460fd465b54124af98d41cf1e32abd.jpg,Spain,ES,29.00024,-13.544474
b3761049cd80463a97f3e031c3493f1c.jpg,Spain,ES,43.165531,-4.370305
eab8adc9ad6a431f8bc00c61de2e3fc9.jpg,Spain,ES,41.526576,-0.356535
523c8a5fe8654463931f705b3747b95b.jpg,Spain,ES,28.498568,-16.206482
a142c979f36146c8a734f2127da6d10e.jpg,Spain,ES,43.371682,-5.375104
38ee552026fe46be90ed4d611030edbf.jpg,Spain,ES,38.437479,-6.377121
bb6dc57e430e42b6a2c7adbff485c16d.jpg,Spain,ES,36.863494,-2.573487
ee3cf36be4204f799f365bf0ffa025e7.jpg,Spain,ES,40.73446,0.820519
6433b2e0d66747d79a97438bce3edfd3.jpg,Spain,ES,40.765362,0.561859
9e9fafb19cd3437b90bb3e3d762ad6bd.jpg,Spain,ES,42.783271,-8.467285
c8beb4643028447090006cfe8f8db2ef.jpg,Spain,ES,28.049279,-14.345004
6a555120a2b0458bb2645204ae026095.jpg,Spain,ES,43.729278,-7.687743
06a25a04965043cf854a122b822011b6.jpg,Spain,ES,28.396482,-13.870392
a657bca4c28d4e25970badabc76bc8e4.jpg,Spain,ES,38.839954,-4.690554
ebb4e40d0038499faaf282a3c1361837.jpg,Spain,ES,43.646794,-7.602612
b88cb6c9c84549c69a17ea5193cca448.jpg,Spain,ES,43.412151,-5.207642
256056b757a8459da79c6a7ef7095436.jpg,Spain,ES,42.009427,1.716789
4150faf6f8794d37b9078af2f3ac7429.jpg,Spain,ES,39.680307,3.322305
3807cf18fd024addb280ac57c401d9f9.jpg,Spain,ES,36.745051,-4.236473
1696e55b599e4c8b99ffe98ce31db4a8.jpg,Spain,ES,42.987156,-8.130525
16a1d346e3df408ebdaf259e5274b398.jpg,Spain,ES,39.358193,3.226798
96b369fb65554bc9a7f219cdc59dc13b.jpg,Spain,ES,39.026074,-3.925277
54ffa6086649492f86ffe2ecebb33d36.jpg,Spain,ES,36.323847,-5.954856
156bb9b2b4b6498f8350e83c0ebcebe1.jpg,Spain,ES,38.320639,-0.513346
01a838bfc1014b62bb3669ef272b0678.jpg,Spain,ES,28.928276,-13.652843
4622fb64ab414d5792c1885f35f0ac4a.jpg,Spain,ES,28.912315,-13.780146
677d520acb144e6fa1c7d8eec6222bfc.jpg,Spain,ES,28.859315,-13.804984
a684c83ca8984cee84c9bdb6599ddeb6.jpg,Spain,ES,42.850424,0.736042
497ac899463c47a6b85872cea6a23250.jpg,Spain,ES,43.656494,-7.599338
d7c57dabd2eb444d9787b4b841819541.jpg,Spain,ES,42.920351,-8.203875
bd32d254fdbf4be391d9945910a2f7be.jpg,Spain,ES,42.092848,-1.650321
3e2daafac886454cab9c2e200a9f6ff6.jpg,Spain,ES,29.007375,-13.598629
fd227fa9dfc44688b97320dc664c6cd6.jpg,Spain,ES,37.356047,-2.029078
76a6a5cfd9624afdadd5e53083d720e1.jpg,Spain,ES,28.279178,-16.816588
5b408c45d90c44d18ff853177914d8ae.jpg,Spain,ES,42.8591,-2.355799
e4e24f30925049728052b2e9c4c6b185.jpg,Spain,ES,39.552361,3.345915
b16cb45da50640c28c0fe8479b59073e.jpg,Spain,ES,38.529083,-3.493849
a61fbc7a795d4a1193b5997a1b003782.jpg,Spain,ES,42.758768,-8.438119
c4d989f7f6c948ca9d782d43e60529a4.jpg,Spain,ES,39.44487,-0.402713
b9f3f8cb3fd04942916d81b6ce758505.jpg,Spain,ES,37.543553,-5.04636
808ecc8aacb949e5b2d3a1f0487bfa88.jpg,Spain,ES,38.381189,-6.277205
22bb33e9ed2c4f16b7099447c6374d48.jpg,Spain,ES,41.877716,-0.768746
ee3f5224fd064be0aae17420741c79f7.jpg,Spain,ES,38.935922,-3.386831
9c7861d1b77e46f7bd8eb20e477e1adf.jpg,Spain,ES,28.079542,-14.485114
7955da85f5a841fbad4fc3e0ddc92167.jpg,Spain,ES,39.332135,3.106505
d3ea1e1dc6a1486ab4f34fea098daabb.jpg,Spain,ES,41.951466,3.091191
9acd3535f2ab427fb6a347b3fc8cd7c4.jpg,Spain,ES,39.360402,3.200645
6dcc57e8eaf34f9abfa46af0c18c827e.jpg,Spain,ES,28.652656,-17.929139
e19d082a1270488f874cc654dac03afd.jpg,Spain,ES,37.467041,-1.961532
2bded6eaca7e41b18acbd9ab5cac8e35.jpg,Spain,ES,43.662095,-7.602835
9f3ede3fae7f45a08fa99b7ea976b1d3.jpg,Spain,ES,38.850565,-0.495731
5e06b6863ae942d2a5673076fff88c61.jpg,Spain,ES,28.778207,-17.942317
b97cc74eeff94237a4f02a840aaab16c.jpg,Spain,ES,43.342402,-8.302587
7fca2c2e1e6d4450a72f61ae13e685d2.jpg,Spain,ES,41.888753,1.067805
00962bcda8a74486be91dc7fe4986b4c.jpg,Spain,ES,41.103312,-1.168238
6765e7d602b942a19897c059c44f87df.jpg,Spain,ES,29.123607,-13.467053
a8e48b2b9c5b4141ac4d412cf52d354a.jpg,Spain,ES,28.785603,-17.767267
c2cf658cd61444058dca4516d24a85ea.jpg,Spain,ES,42.424623,-0.795263
6e23488d1d8744f38beafa8a06c098e4.jpg,Spain,ES,39.275893,-2.205168
3cb3538cd567483a9ca1987a8796c625.jpg,Spain,ES,38.116988,-0.550413
4641e1d3f7dd4f5982c3403cddaa7d44.jpg,Spain,ES,38.797892,-2.337173
5279a3e6cdc14b768dc30e6a7870592d.jpg,Spain,ES,40.809254,-4.866352
648e34fbe88f420fbef33ce4d8a34f15.jpg,Spain,ES,39.512192,2.767183
74b216ffdc584ca58e75595b206caca5.jpg,Spain,ES,41.133848,-4.088747
397a8c7ec0414f30b92311b4800861a4.jpg,Spain,ES,39.436713,-0.338528
b261c1d1da624c988dd138b20b4cfc80.jpg,Spain,ES,40.79926,-4.466284
c9aefbd9af874a51bbbeab7592e8c1d2.jpg,Spain,ES,37.641842,-0.788696
4380d780853c479890521e0cdae095f5.jpg,Spain,ES,41.561614,-3.207067
fa1fa02e6ccb400b9400f2a013c1c9f9.jpg,Spain,ES,41.897548,0.983651
6a806660db6f4fe3917e348ff87933b0.jpg,Spain,ES,28.076307,-14.42836
9bb393d6a4b547699c260b17f31d699a.jpg,Spain,ES,42.683589,-9.022729
8c079530afdf40649b366de2b7deb2c4.jpg,Spain,ES,39.688449,-7.629331
80bbb792ae0c403f883be412e9885a18.jpg,Spain,ES,39.339619,3.095482
daeead3d3179410d96083b98c86c45ab.jpg,Spain,ES,28.771155,-17.96012
037031643b474867a73ac8b7ffe9a2b3.jpg,Spain,ES,37.824225,-0.8189
6410c53275cf44899404bd5c2c891497.jpg,Spain,ES,39.29448,-2.202388
dab8a655e66941b1828b740891aa655c.jpg,Spain,ES,39.41489,2.900536
2fae193bbc9143f1adbd2de5cf4192dd.jpg,Spain,ES,41.943851,3.12434
e5f99147970947f1ac061baf3a0949c3.jpg,Spain,ES,40.992831,-3.997329
dbd9c0fba28d4eccb4c887c725c0365f.jpg,Spain,ES,39.435352,-0.339188
a4bbae39be364a1dbd43e8ebd8b76976.jpg,Spain,ES,41.420853,-2.358681
2c3498d647fd47b697d919eb46f5633c.jpg,Spain,ES,38.953641,-3.50864
ef9af64c9f024440b81bbc8d19574810.jpg,Spain,ES,37.629878,-0.79893
fac7a9853ef84d20b7f85b93641b8798.jpg,Spain,ES,40.448151,-5.87699
d9c047d65c9f4301a78365ecf75fbf87.jpg,Spain,ES,39.413151,3.137122
fd9c3dc73ccf4164a9440460de022fd4.jpg,Spain,ES,43.728484,-7.687987
3b62470d3ddf4acda8116ab6144397c7.jpg,Spain,ES,40.006393,3.882051
7d3ec3c206684cdba509b0a522f6543e.jpg,Spain,ES,42.863018,-8.636295
4dba768ddb2741709bfb2e78ef1f24ec.jpg,Spain,ES,42.432153,-7.703815
b00a49e95c2241898c8592ab3c899a39.jpg,Spain,ES,28.54494,-17.810161
b9a9f0e92fa541c5aa08759647bc70d8.jpg,Spain,ES,43.313204,-8.421903
da13b852ce5e45b68bededea47586019.jpg,Spain,ES,38.996304,-3.800679
bd405f3e56994e5281a410a07882245e.jpg,Spain,ES,42.441843,-7.706388
8464d075e90048f491cbd759ea2c1f62.jpg,Spain,ES,39.49673,-0.495994
97237497b3a84fc3854c2e08415e4190.jpg,Spain,ES,42.421361,0.013808
23032ce3bbb24e62aa15233b988c9a6a.jpg,Spain,ES,41.973599,3.028578
eecb1453cfd246798e6912115044c096.jpg,Spain,ES,40.806906,-4.539404
95b25bea0b844591830186abbeb7612d.jpg,Spain,ES,39.444735,2.899442
14ef06351b6a418d81fa39a6eac6f8b4.jpg,Spain,ES,41.434733,-3.677443
f1b6763a9e124f4d87d7a5207fec4b19.jpg,Spain,ES,39.467962,2.899158
b22456c81fe747dea97b3933b8b280a0.jpg,Spain,ES,43.633118,-7.600987
e97ad2782752422c8888b345ff85751b.jpg,Spain,ES,37.395991,-3.442087
fc7a991b5dc043e7bec336fdb8e8a690.jpg,Spain,ES,38.743157,-1.682322
cd4ca38d83744e71a311957354cb85de.jpg,Spain,ES,38.591922,-1.686883
be1a0ce4f5e24652983b03b21168aae7.jpg,Spain,ES,38.143325,-0.934572
25f57d335ba945578ec5ea2fdd675c0c.jpg,Spain,ES,36.751616,-4.038974
458865b26f7d49fc91ea9abfb5131a77.jpg,Spain,ES,39.522966,-0.529255
441727e3878f4625a71d1ebebe84f484.jpg,Spain,ES,38.409107,-1.565166
7e6539407d69449d9af37689404336b1.jpg,Spain,ES,37.384465,-3.829737
b1179f5768c145d9b4ba5e72b3aa58e1.jpg,Spain,ES,39.446441,3.236446
65cc2e507f6f4c7fa530db226ebae5c1.jpg,Spain,ES,37.880116,-0.940902
c4966afb7679489597a3b58a7ce5b6ce.jpg,Spain,ES,39.564654,-3.684938
ec48974184144eafa6d48160aa6fe080.jpg,Spain,ES,40.390559,-3.491888
6d88e776aceb49d985eb44409d3b8e3c.jpg,Spain,ES,40.969969,0.34394
211b982fd1f04d2a93d0082cd973fa52.jpg,Spain,ES,41.910771,2.852126
c5b522171aaf42d68344b21452036a4d.jpg,Spain,ES,41.981803,3.022095
390cfc0a9d994eb1902d9071306cdcd0.jpg,Spain,ES,43.329453,-4.553621
cd67dfb6274d417ab2983a56dedf0893.jpg,Spain,ES,43.376913,-4.516835
45f7c7c6e279440ca4f95f0e5458a374.jpg,Spain,ES,38.064573,-0.589395
8fed25a30cb04fe88109da919703e744.jpg,Spain,ES,37.966222,-4.462283
f2921e410505418fad687b4f43c2a332.jpg,Spain,ES,38.369385,-0.704071
18cd40760fff4e40852d78a2c567f2c0.jpg,Spain,ES,41.068452,-1.028365
56673d86abd3420e9b0349745b7c8541.jpg,Spain,ES,41.807341,-0.708855
bdbfa0432bdf4366842b6ef21f434720.jpg,Spain,ES,41.88132,-1.756906
078010795956474d9823dc43b2250df6.jpg,Spain,ES,36.965384,-2.103976
1f90a5d2f9454126bf4f46f6de2dff0d.jpg,Spain,ES,42.791363,-8.121592
25ed8bf12eb3484d896bdd3691668b90.jpg,Spain,ES,38.723606,0.028132
14ba830dacfb42ec8e0ecce239a733d8.jpg,Spain,ES,39.519581,3.287335
5daeb15ca40d413c93a95779ee1ed5ab.jpg,Spain,ES,39.038644,-1.907489
f4a24b23c2d84c9cbe58590a337f11a1.jpg,Spain,ES,38.37946,-7.216579
c5d4477754474d44887758d2ae17495e.jpg,Spain,ES,28.986756,-13.741806
1d8742b44bbf47f284997094e5890abd.jpg,Spain,ES,28.985871,-13.584265
f08a271baf0d43b2a865e9c5570e4c65.jpg,Spain,ES,39.391765,3.189861
fdd8240e17044d8584cd7508ca033419.jpg,Spain,ES,40.386291,0.095599
62627e5d49a7453c8f307656b79b18a4.jpg,Spain,ES,43.064829,-4.784311
e49393e12ae24c9f93a07330e2b77587.jpg,Spain,ES,38.317745,-0.514607
572c9e823d1642dabb92e23b6909cef3.jpg,Spain,ES,39.673322,2.957416
012e938238004624a16cf5740c81b0a8.jpg,Spain,ES,39.994325,3.845642
d35d570bf593493cae797d8a4aae0ca7.jpg,Spain,ES,36.701668,-2.717626
5f00d0a92ac04ec19b1ed15ed10ab7a5.jpg,Spain,ES,36.229393,-5.843071
f5562fa3f2ac4fe5b580f8a3a9815c6f.jpg,Spain,ES,37.950606,-3.533241
c1bbd078b95647c3a8626edbab4d3424.jpg,Spain,ES,37.521548,-5.162227
2c55ff6fdc004f00a0bcebc8677f38f9.jpg,Spain,ES,37.494225,-2.772559
bdd85b3d0f7d4bf8989a8d515cca7915.jpg,Spain,ES,29.001911,-13.549113
460a8a022d8c4c72ba958b87dcaa61fb.jpg,Spain,ES,41.491975,-2.85175
7ab704addfee46db98333a133ed84ea4.jpg,Spain,ES,41.982395,2.882943
1a1ce7b5facf4db39f51a052afb86d46.jpg,Spain,ES,42.949435,-5.020833
dfbd876b56d4484fa8239ac5dcd42bf6.jpg,Spain,ES,42.771091,-7.574953
b6be25de2f9945d6ad25f7ec0e0870f8.jpg,Spain,ES,39.354319,3.132359
0484a47f65884c1a949f9e1dc2dfd01e.jpg,Spain,ES,42.745708,-0.516635
4fbfd7ab4a48463ab93e4b0ba9ea8574.jpg,Spain,ES,39.383733,2.998294
b9269bb9436e414d81de312ac480bb5e.jpg,Spain,ES,41.537821,-5.953375
22a113708b3c47a98a22f27bc34aecb8.jpg,Spain,ES,43.420479,-8.135647
27338b4ac7d24d08a0bdc39a6125d925.jpg,Spain,ES,36.85139,-4.132186
37a3580f78af4ee0b1f2f2c1f98c5d19.jpg,Spain,ES,36.804632,-2.132193
251223649b664713906e8f88770dbcfb.jpg,Spain,ES,36.772698,-6.04207
fdf698d2922b43a38a0e21981e1f4bce.jpg,Spain,ES,28.070307,-14.420452
265d56b9e44441e1b205c03146af13a5.jpg,Spain,ES,39.596871,2.653853
389f6a01f09f4fe48f0875d1bd7c142d.jpg,Spain,ES,40.377346,-1.11557
bbb65dec6dfc4a28879e90e76fad07da.jpg,Spain,ES,36.480552,-5.038261
d7b261a05b3a4de7836754cbc0e7d6ee.jpg,Spain,ES,37.181748,-4.776373
f08ebe85dad84f2e99948b7c4b8c8ef7.jpg,Spain,ES,42.154682,2.073288
6468175752424e50b95a9822d80057af.jpg,Spain,ES,39.319087,-0.408522
92e4c71d7df04e0cbb1de79abec3da07.jpg,Spain,ES,43.171861,-8.3686
642f37f17b714353a819956e40fcc93b.jpg,Spain,ES,41.809055,-0.713363
45bda4d8e36d4507b86e11da4ab82a3b.jpg,Spain,ES,39.513313,2.76595
48f789b07e2a4fe2bdae3157c89baeee.jpg,Spain,ES,39.364515,-0.653788
79290707a123431c907e821ab0fb02e3.jpg,Spain,ES,29.100232,-13.469668
3d489fbdd97f44f19d4bc13bab8ce968.jpg,Spain,ES,38.29099,-6.302999
bbb30f9400024b4585a77b352a05fc65.jpg,Spain,ES,43.353219,-5.478176
8e8e380310c24794994adbfb301a7dd0.jpg,Spain,ES,41.084325,0.625073
f186244eedb142ecb9647df72b1f1ed9.jpg,Spain,ES,40.96348,-5.756353
8ff62d8b04044c209bf7df509d9c9e3a.jpg,Spain,ES,42.197233,-1.429862
01978ef358174653a2a83b2f0bc5c205.jpg,Spain,ES,42.543759,-8.797509
29d269f9435442158c0fe6be09e50b50.jpg,Spain,ES,39.514966,3.284247
f99ea88f7b4c4e0494f7521f0e65c3b1.jpg,Spain,ES,41.59951,1.400205
f540aa42058642e580b373e0dfa65b74.jpg,Spain,ES,40.236013,0.140438
e00584ca11744431a09be6c76190a7e9.jpg,Spain,ES,39.484433,2.831271
c14e51a7a4af49078c392e0517a0993e.jpg,Spain,ES,39.379797,3.225874
2a1355a76fa341d891ae61fe66f4e9aa.jpg,Spain,ES,39.595876,-3.713291
5aed9a1566b44fdbba2592bbe052e08e.jpg,Spain,ES,39.134058,-0.305732
3d301a86d6c84e869b2341ea215e03cb.jpg,Sweden,SE,63.875165,20.662774
5c837ead584f49d6bc523933b776757d.jpg,Sweden,SE,65.600684,18.125367
4d6953b90b2e4046b324d1fec664d256.jpg,Sweden,SE,59.568743,17.637801
f4e7e996d6434d38b1de083ec405bc07.jpg,Sweden,SE,64.369532,15.369096
bec8455f86b845118f8d7403fc8a0e19.jpg,Sweden,SE,61.813616,14.676518
404185f49ba7464bb41a9fbd1f4e96a5.jpg,Sweden,SE,59.082749,16.852421
e9d125549f9e42028cf769152e702e01.jpg,Sweden,SE,59.958908,13.632474
a5723eb87c4b44f29080c57927385ca5.jpg,Sweden,SE,66.540744,22.366148
f9b5e737286d4d1d98a5a97962fc2a84.jpg,Sweden,SE,65.704707,18.746816
f32df68d63a3407aa020197f3d880b68.jpg,Sweden,SE,65.632147,22.31811
602c0bae33614d21a112c31aab2a8cc7.jpg,Sweden,SE,57.335909,18.484797
304c4c5925c8451ebbc3185cafd56498.jpg,Sweden,SE,63.894731,15.282526
343a2dbeaf5f4c25bc12ac8a2d42f089.jpg,Sweden,SE,55.561861,14.259054
4fc5cb136be74c5f920861f30f455eb2.jpg,Sweden,SE,61.361226,13.53489
5a5db6c4680649bd88de106dbb7b1009.jpg,Sweden,SE,55.862868,13.749743
46ed360b39dc46609dffdbc7616297d8.jpg,Sweden,SE,59.670137,16.30807
ce97289e9f384ef1bfcf01479f74d7bc.jpg,Sweden,SE,57.651015,18.38467
e135c7558053459e8225f8e2fa14dacf.jpg,Sweden,SE,66.129033,22.8659
96f121454bbb482b86415dc69a4fa20d.jpg,Sweden,SE,56.549416,15.448048
816f43106e244564ab1c5dc986c9d099.jpg,Sweden,SE,66.107855,22.848107
6ba9f7ae03174b01b1a276502a4f2329.jpg,Sweden,SE,64.248047,15.831514
730dba8e747c419a929791e043ff289d.jpg,Sweden,SE,68.032885,19.835579
2dd0f6b891544de1b6ba445213a5cac1.jpg,Sweden,SE,65.877953,19.462926
25b7ede6b51c4fb59cc8b2ff90c2fed9.jpg,Sweden,SE,67.143007,20.794396
3fb3f1190c7c4056a7a71911fcce0a20.jpg,Sweden,SE,60.383603,13.294023
bfd3bb2c72c2400c8eef88815375c782.jpg,Sweden,SE,67.086083,20.749479
3789fdad0b26484494efbd68eef1dfb0.jpg,Sweden,SE,64.537737,20.719181
d5b49dfb2aee4bc2bd4c534af909a2c4.jpg,Sweden,SE,64.157467,16.037874
74c7533dd5de4d3d8f1bcd8572b92a83.jpg,Sweden,SE,66.042989,22.820215
4317572622b94dcf8e8e0eb6140282b9.jpg,Sweden,SE,66.590162,19.145342
d43c2a1db15f4c379b972b18a2673391.jpg,Sweden,SE,66.060295,17.754262
b3bbb03d6fab46ffb70f468c427f79fc.jpg,Sweden,SE,62.556967,14.456749
1c0d3bd4076c42debb89c11a8a2183ed.jpg,Sweden,SE,65.442824,19.37279
b76e203afa8543edae21a58acf2ac8dd.jpg,Sweden,SE,57.56679,18.402924
c745ec06afb44082a580d022ef38f97d.jpg,Sweden,SE,60.812208,17.059411
3af40ae51ba54adf8ef4531cdaf57128.jpg,Sweden,SE,64.345682,15.702938
275fe8d17f20439582e0419fd73f9255.jpg,Sweden,SE,61.98461,14.580846
c03e1af85ecf4c8bb5c7615596860e91.jpg,Sweden,SE,67.09855,20.960342
ac1c823943f64892a8f19f72eef8b806.jpg,Sweden,SE,67.855012,20.621583
4faa6b5169234448a05a9db2086ada6d.jpg,Sweden,SE,57.560415,12.015431
232fefb2fe344f63bf02592dfcfffc66.jpg,Sweden,SE,67.711093,20.740547
9d51ded13738405295a14d3a6c4a7c18.jpg,Sweden,SE,64.915074,18.238231
d2d4b83634ee421cab7b246559fde7f1.jpg,Sweden,SE,56.955931,18.302545
f736264fe144442a9d9f5acddf607672.jpg,Sweden,SE,57.640896,15.68303
3e82c2458d6e41e3ab38effc9d1ed878.jpg,Sweden,SE,65.929278,21.819881
5d13101fa12d4cb3a97940a416ac23e2.jpg,Sweden,SE,56.840071,13.511724
17ae9fa72eae44f8b46041536239f4f5.jpg,Sweden,SE,59.594653,16.761022
1b9b5c2d52a14e1ba57d45d088b4a32e.jpg,Sweden,SE,64.46754,21.088204
a2367f4a70c740eea841cabf977f244f.jpg,Sweden,SE,61.771532,14.14664
71e93f4ce0d24c68805c5b1436e4e4e9.jpg,Sweden,SE,55.540224,13.765482
fdd60ee9a2d24cb182691119dd31a0f5.jpg,Sweden,SE,66.064834,17.689346
bc360b0519a34e6e96191e877c92dd6b.jpg,Sweden,SE,64.151653,19.685822
a5b437edcb0b4921af41936995c110ec.jpg,Sweden,SE,67.576976,20.878916
80c9fb171476408c975aaefb292d5724.jpg,Sweden,SE,55.531331,13.349853
90e2b5b8e3654ab7828afd7cadafeb2a.jpg,Sweden,SE,62.814665,13.08409
d1c14abfd4344b8e8a418692151a2553.jpg,Sweden,SE,62.806166,12.795961
51be8744ff5b4b68b638ba337d4bca2c.jpg,Sweden,SE,67.739085,20.668919
f82b8f0db4894e3894accf09d2b42989.jpg,Sweden,SE,59.364462,16.071754
49c847324c2a43548590a30f4cdb93e9.jpg,Sweden,SE,66.038811,21.04479
67aec5199ab84536920c5dc5c266db27.jpg,Sweden,SE,65.249473,16.860178
987f994eb07048d2bace5db35ce37a71.jpg,Sweden,SE,59.387461,12.176241
dcac09857ecc46fba3007ee5ddf4facc.jpg,Sweden,SE,59.866461,17.839608
e9e20563cac24776832454c2f510e2b6.jpg,Sweden,SE,62.182355,17.163348
f20f6b4b381f49baa31b1b82e9f59ded.jpg,Sweden,SE,60.484807,17.421063
b065b7620bbf40d5879ce1f68295f5d2.jpg,Sweden,SE,60.946257,15.688155
a0357e6e63344f94859520101cf7ac58.jpg,Sweden,SE,58.899209,12.381447
dc139ba7e8c249488f8e5100baf36315.jpg,Sweden,SE,64.31727,15.727648
bee531509ef247dd8a7c370fa1e5a16b.jpg,Sweden,SE,56.2453,14.063098
d8b599f11f5f49a7a38d401d6daab2d3.jpg,Sweden,SE,57.059921,18.311683
4f4b25e8e1f040bb890f29a8cc3c51a7.jpg,Sweden,SE,64.713378,21.154692
c1c2b84f4161459f94a674f89fbbc7f8.jpg,Sweden,SE,56.90828,15.525342
4870ec802b2a4a07a224e681548dc2b6.jpg,Sweden,SE,62.162712,17.498828
9e012585bfec4d59bf1e8c45c5ae4c3d.jpg,Sweden,SE,56.276972,12.832465
42f0c73fd47b4f16a6c8f796eda3800f.jpg,Sweden,SE,64.811529,17.513959
78120bfc2b474ec8b9a4d2f27aba81ba.jpg,Sweden,SE,66.228021,19.933874
49023824bfd84b088d913bac84be700d.jpg,Sweden,SE,64.182535,17.452505
eb03a1863d7341d0b4074a76556d94ae.jpg,Sweden,SE,60.221507,13.473628
736664928fe0490bac8a9531c2650258.jpg,Sweden,SE,59.199615,14.399581
abf11b5d89dc4aae89e28fed977ad0ab.jpg,Sweden,SE,59.846324,16.639218
50d7ad150bae4d688dff0aa74cceeab6.jpg,Sweden,SE,60.569152,12.690098
034a987fc48b45679a1fdcd0ffe74d97.jpg,Sweden,SE,63.302134,18.523599
d0f59da6ad9c41b6a33bbfc6e5e05ebc.jpg,Sweden,SE,59.146639,17.574425
193b36805df748c394f61dfede85a735.jpg,Sweden,SE,59.086278,15.035517
80eafa01decd4e14be48d09280c27fb2.jpg,Sweden,SE,67.756624,20.07438
bac7d427ad3f4f56b28ab193c2b945a7.jpg,Sweden,SE,63.154321,14.227609
4bc02f2a1a21419d9f5f623773664300.jpg,Sweden,SE,65.882163,19.462928
f2acec6693004d2aae70b8e193743614.jpg,Sweden,SE,56.95959,16.448792
e9c4695c8047426c89198223555caa90.jpg,Sweden,SE,61.247035,14.767038
62ee5aa89fd84a5eb3401b17ae2fb70b.jpg,Sweden,SE,68.248846,19.516152
490c9d5d6bba47e6a0832eb06adf0015.jpg,Sweden,SE,58.103369,13.835063
7ff5d309732e412aa49c0191f16a15d8.jpg,Sweden,SE,56.80765,14.462141
f91fc8648cce477bac9c4240d0813a75.jpg,Sweden,SE,64.354768,16.684909
53ac9f35d368487ab2eeedf560ee59f8.jpg,Sweden,SE,58.070875,12.842856
fbe7333abd59467a92d49829564adbe2.jpg,Sweden,SE,65.378445,19.451469
cd9fe64b4afa4dd39c0f3297ca4f990f.jpg,Sweden,SE,59.37263,18.198585
3d773591511243f39940e32ae0fe656e.jpg,Sweden,SE,64.073764,14.077745
a26a4fd75dd2479ca5644f822d17f4e6.jpg,Sweden,SE,61.931782,17.263672
72d1af070abd438a8bc55cb3b31e6ec8.jpg,Sweden,SE,67.830541,19.621827
8d677a822b4047f49dfd05fbeaa3c2ef.jpg,Sweden,SE,65.081853,19.438652
f6172d08b37140e4817ecebfa2e9cc65.jpg,Sweden,SE,57.46371,18.444812
9227d98ba37945fa9f00f43e49d5fb4d.jpg,Sweden,SE,64.199549,20.790814
221c6eb2154d4460b0308bab42d8dab7.jpg,Sweden,SE,65.24459,18.853285
41c2abbf866b468683bc442eb17095c1.jpg,Sweden,SE,67.844798,20.396218
105acb0b22434bb5b5faef91b9c748a3.jpg,Sweden,SE,65.375874,16.126388
055a9caaad774adab888b3b479b228b4.jpg,Sweden,SE,58.983598,18.120278
b757a3ad0f754f8e8b88078764d34e43.jpg,Sweden,SE,55.940457,13.492509
2ec1c2ea474146da98058c4d39b675f2.jpg,Sweden,SE,66.121516,17.411756
e6418ce8328347b9b4c90d05453d269a.jpg,Sweden,SE,66.558392,20.08932
c884c1f15ec841a8bb4041d71de23c86.jpg,Sweden,SE,60.557113,16.034246
92febcc0bfa042e087398059167e0a15.jpg,Sweden,SE,55.772907,13.635375
437fb30cb9fb45a486fc99de66abaea2.jpg,Sweden,SE,65.804743,23.151
3aeba74ebd264dabbf0cbe136116ade7.jpg,Sweden,SE,57.834935,14.084359
a9d63b942aa040839e04763ad743779e.jpg,Sweden,SE,59.272569,17.511693
82b3cade8f774c65beeab8b6541e7086.jpg,Sweden,SE,65.834228,23.757475
594c7941ca764b0d83a4a7911e31dd8e.jpg,Sweden,SE,63.71669,20.069772
5df0bfe5f0e346d9b2df6c6e7ab698a9.jpg,Sweden,SE,56.34633,13.828332
c6deec21b0d94741b88f333637fdb653.jpg,Sweden,SE,60.189463,14.75753
7df88c66e4194044a757f51e7e9d2722.jpg,Sweden,SE,58.680935,14.646972
fad7a4d8f0db4aecb4a9c13f6e60a48b.jpg,Sweden,SE,66.471514,19.692954
9fe9d70f2bd14ec1b9d8355eca9c95f4.jpg,Sweden,SE,58.396003,15.297691
a0838c234d99462a894f8a701c5cdc39.jpg,Sweden,SE,65.031811,19.407549
4561a75d27fe46ee81c3b77a63f2e86e.jpg,Sweden,SE,64.411557,19.289982
ccc8fd7f45744e039693cb55d8f3784c.jpg,Sweden,SE,57.565984,18.404016
1d1e872c3d24497b8c2ab349f44d318a.jpg,Sweden,SE,63.996555,15.276591
b8582680f37440b691698a44004542df.jpg,Sweden,SE,60.414853,14.779892
eb50bf7fb65a4ec69e4319587ece7653.jpg,Sweden,SE,61.796364,16.330615
800c813af037431e928d9c4f502a6214.jpg,Sweden,SE,67.964824,19.976606
e63943f91ea143f6a03c86175708500f.jpg,Sweden,SE,65.301572,16.035351
a4ca45a908394321ba2d9613e354aa31.jpg,Sweden,SE,62.170708,17.158308
477184d5b8e742849af6d7831725ce3b.jpg,Sweden,SE,64.377302,15.644258
787a9b7a9468405783e1d815313fa683.jpg,Sweden,SE,65.081254,21.465107
92c5a31731574d28a3aca2d8cb9c1312.jpg,Sweden,SE,63.917194,15.240991
d45fdf8707bf41f9aaddfd9b7209465a.jpg,Sweden,SE,65.902772,19.472748
0303bda7f053467fbb6260ca8c762788.jpg,Sweden,SE,60.692346,13.707227
3246219b9bb74bd7807da370afce0eea.jpg,Sweden,SE,63.488399,12.488396
e90a2190b7ea41079b641dc0e1d4525f.jpg,Sweden,SE,59.994644,17.713114
6495d0c8efd244a28a71d2fcfb971a38.jpg,Sweden,SE,64.496185,20.67606
0e5e648632254d5790e0897fbe4f9849.jpg,Sweden,SE,58.226254,15.540547
609fc22847d341ed917640b39aa7ff89.jpg,Sweden,SE,57.287064,18.186874
4b4faf799a1a4d7d9c272d3b3626c4f8.jpg,Sweden,SE,59.202594,15.069845
8cf76f800ad74eeb86c316b0b6b59b53.jpg,Sweden,SE,63.495025,12.47252
87232e47e9a7470eb6f3e5b98d764971.jpg,Sweden,SE,56.528036,15.126717
23f1683f497a4dedbb253038844ba894.jpg,Sweden,SE,65.410185,19.684866
1a07a72fd8ba47939af12eaaab6c54c0.jpg,Sweden,SE,61.378246,15.899194
a8a35faedde44bb9b76b1a305d9b05b7.jpg,Sweden,SE,64.303073,14.958715
fa7292766f374708ae4cbcbeb3c43560.jpg,Sweden,SE,60.008483,16.642894
4de3b4852e1b425e9e8346be9f2aab5c.jpg,Sweden,SE,55.730081,13.874312
56f2552208c240d09cdd3d65cc787b35.jpg,Sweden,SE,59.899823,18.943441
faea5d0c8df8408bbf7cece638aba598.jpg,Sweden,SE,58.379225,15.896588
1fa631746d5b443e904da986bb21ad94.jpg,Sweden,SE,65.159919,16.557663
db2d19c61e0e4ecba628fea3ce91b540.jpg,Sweden,SE,58.319156,12.790328
d3471e731ad94298954d8e6fc5ac515b.jpg,Sweden,SE,59.345193,16.025236
e24779a3647c4423b8b5a93d5077ed51.jpg,Sweden,SE,58.413225,14.819913
a87dfdcdd8164365b216c57640ea0d4e.jpg,Sweden,SE,63.616549,15.043235
242256210a7043f6ac63e5b920a684a2.jpg,Sweden,SE,63.68418,19.378303
4b21bc3c8d0c4254ad6a34269f3b12f1.jpg,Sweden,SE,56.755647,13.6788
19ee9782abd34059b5b4173b318d3071.jpg,Sweden,SE,61.368717,13.526002
36f2364f4877413ab3b01f2acae2de50.jpg,Sweden,SE,56.303683,12.767631
be4194e14c14472cbde4fc3309eb1b87.jpg,Sweden,SE,63.183149,15.500758
8693964882e24829a766415a02ba6982.jpg,Sweden,SE,67.969163,19.963645
2da643024076408691ec9d6dcfb32ff8.jpg,Sweden,SE,64.095004,20.754648
9fdfba7e8d814b1fa4c823e7a7c27134.jpg,Sweden,SE,59.692034,15.51265
c9f30c0066be46bfba3988da6cc713d1.jpg,Sweden,SE,63.98777,20.370601
7cfa80427f8c4e37ba1ce7902f38ae51.jpg,Sweden,SE,65.609963,18.981421
e4bd18e2368447ce8c90b382165a3619.jpg,Sweden,SE,56.936349,13.06866
52093e3ebe424a848c835092ee8491f1.jpg,Sweden,SE,59.577443,16.845407
c7a2bd358a91459d97d00e15b0a4cb87.jpg,Sweden,SE,61.835335,15.841833
00d2012ffeea43e491f51f2a17dc02be.jpg,Sweden,SE,56.223308,13.58875
388a0c4fd4194ce5a74dfc132d21a2ba.jpg,Sweden,SE,57.561072,18.709824
33d3c49b0ca04c36991615d0daaefb78.jpg,Sweden,SE,64.324468,15.720818
243299c474fa45938d36a53c8b1d01e6.jpg,Sweden,SE,65.980633,22.866528
6748efa86d5f43409d2aa83ae9eea760.jpg,Sweden,SE,65.593912,21.122561
eb06c70880e1424cba8416e86004605f.jpg,Sweden,SE,55.595339,13.722277
7b7ebe491c0949b4b04b3ce720676622.jpg,Sweden,SE,58.555319,15.597105
1ad2451f7b99422aaa5620b61400813f.jpg,Sweden,SE,56.598384,15.087387
1115d287c68644789fc0c54284adf80f.jpg,Sweden,SE,61.443729,17.123278
c9cd6759614b4f359aa928c3c77aa427.jpg,Sweden,SE,55.402082,13.605754
dae7d317dec14fbc9cd3bcf9a2cc44f6.jpg,Sweden,SE,59.972889,17.697901
badd65f7dc474d4b92098fefa986fe3c.jpg,Sweden,SE,59.143595,15.166211
c6f1b725e00c42f9b1a79bf8b33b1015.jpg,Sweden,SE,57.552011,11.966775
d7f7ff70e74649c38fb9bc2e5a63a055.jpg,Sweden,SE,64.12108,18.964557
657350dd333f415cbab579c4397fbad3.jpg,Sweden,SE,55.755608,13.536118
28c482f1b0874434ae80f33705658b55.jpg,Sweden,SE,60.34533,18.127956
a9760c77c4b444f2a2a7ca6667f2e581.jpg,Sweden,SE,65.585511,19.426047
ece7e93ecf314c56b2e8f2de3f755881.jpg,Sweden,SE,67.193841,19.412002
cfb796b888d64ebf88862d7bf1bc3fa2.jpg,Sweden,SE,63.241942,18.512855
9231f14564e3438880a318bc6f5260ab.jpg,Sweden,SE,65.321013,16.675509
70f3686e51c54be18c63fac13108ccc6.jpg,Sweden,SE,63.289986,18.400588
d9b9320e17ca4c46977dff95f394e525.jpg,Sweden,SE,62.501876,16.162225
d964f47b6b3847dca923d940771abfba.jpg,Sweden,SE,65.337463,16.14951
7f9e0ebe976041c7a721ca86cdfe24a5.jpg,Sweden,SE,61.262393,17.131567
399646e68637483c83b91d132d497895.jpg,Sweden,SE,58.569469,13.119648
cd0f5258b0fd447cb09519589d2d0317.jpg,Sweden,SE,65.409776,16.123972
306ac2671397411f96f30008533975dd.jpg,Sweden,SE,63.810096,14.38629
ef7af9833b4344e7842ee968081600b4.jpg,Sweden,SE,57.069847,12.509087
66909d1be99544f19c23a91204f8753c.jpg,Sweden,SE,60.311661,15.045519
789737b874b54a558ca6d7e3a8674e9e.jpg,Sweden,SE,56.244729,16.46563
3ba41cf360b1450b9a27d6d5c4a09c99.jpg,Sweden,SE,58.265134,13.471541
26ef4eb97bc94259a61b96ebb8844955.jpg,Sweden,SE,57.023095,16.82575
a91362da8e244fd5b5a01b98925fb3eb.jpg,Sweden,SE,58.358672,15.930729
6eedd2ab914c42929696f45066e12664.jpg,Sweden,SE,62.195182,17.499965
148c5d2f4c9d49cba595f78cbbd3beb3.jpg,Sweden,SE,60.526679,16.484767
b3aa3821a15e46709103f2275f09d028.jpg,Sweden,SE,65.356283,19.485203
8d4442593bd14838b8604a3a98b6373f.jpg,Sweden,SE,64.316607,17.52838
103acdb5f5304cf9b337836d655ef3f7.jpg,Sweden,SE,60.604971,17.088789
427b835e348f4a999767b79c5f0002a0.jpg,Sweden,SE,63.267603,15.568664
957e88353a454ee8a5be620873105261.jpg,Sweden,SE,57.258961,18.459621
bad76e6b4cfc4e4487da87e2c71d6015.jpg,Sweden,SE,62.921735,14.845804
7f2e2a7a92ce47c68693b1a2a0ab5b6c.jpg,Sweden,SE,65.740243,17.11867
c5bc08edc14e473a80dadca6e3ed21a5.jpg,Sweden,SE,65.090805,18.873469
eb694035e45340f3a13fc0ecfde7afcb.jpg,Sweden,SE,61.159412,15.129742
cc01e860af94488fa8ee55ed03de734e.jpg,Sweden,SE,59.807539,17.982223
12513a1961034056a2df9e20982ac577.jpg,Sweden,SE,59.07098,15.866333
a8daefe3639f4e75ae21e5a2eb85006b.jpg,Sweden,SE,67.118082,20.472978
4743821144e94881916c3adb7e20a896.jpg,Sweden,SE,62.22591,17.138163
4ec0c2fea0484beda5d07a5c1ebc8902.jpg,Sweden,SE,63.829725,15.615979
88575b0a42894737b0631dcc97403569.jpg,Sweden,SE,66.656791,21.243374
356230f216aa4f65a207d97676238e3a.jpg,Sweden,SE,57.251732,17.013225
685eb95286a44e568ac2ce992145dfca.jpg,Sweden,SE,63.49659,12.470929
f954e528f8e94a37b5a4366237187d5a.jpg,Sweden,SE,63.829296,15.617103
a6b55e0317a54f869afb13287fccb512.jpg,Sweden,SE,57.416652,18.355601
90cee8bd4283491995a58834d08d8daa.jpg,Sweden,SE,56.201712,13.744897
4255102bd93c4ac3bf2fa4573348d69f.jpg,Sweden,SE,60.065633,16.139518
4abee447b1684564aca95600242d931d.jpg,Sweden,SE,57.555419,11.950585
ac9d86afc35340dc96346f9c96989f86.jpg,Sweden,SE,60.13121,13.509109
586e1a9fba874ee3bf047f32afa41105.jpg,Sweden,SE,66.051526,17.840445
9e6cdc3863e84fa886948551463829e9.jpg,Sweden,SE,59.693365,17.1813
e6c78f35761d433eaefe4976a5d88da0.jpg,Sweden,SE,63.976214,15.264572
eab3aca3ab7b416eac0f168724ef296e.jpg,Sweden,SE,57.580503,18.377275
56474c7996c348a6bd264a51db2bf4ce.jpg,Sweden,SE,61.58414,14.824924
cde9b8b497f1445da315caf1c8fb2f26.jpg,Sweden,SE,63.314465,18.988083
2f65d1daac184b20b4c614eb3ec4f83b.jpg,Sweden,SE,59.939451,18.600144
935ef251741b47beb221baa55838c670.jpg,Sweden,SE,57.295633,15.923763
452ab9e07a7e4e11abb5572b7ef6f4d0.jpg,Sweden,SE,65.018048,20.193125
648651894e0d4f2e94fb0292f60f432b.jpg,Sweden,SE,59.174011,16.574551
b063fbea38f04cc48ca585edf7f93424.jpg,Sweden,SE,59.757224,15.894199
a4633829ed5645518bf5924753c2f136.jpg,Sweden,SE,55.586586,14.158956
9215b0556d6343ddac5fdcbae0418337.jpg,Sweden,SE,59.926452,15.935854
37a11f2c204d47a38b150e981c9fba41.jpg,Sweden,SE,65.004881,17.073022
670d58acd23f491e85ec572a1b491502.jpg,Sweden,SE,67.098068,20.4468
6d34ad30b3d44092b75ccfe227d58124.jpg,Sweden,SE,65.66192,15.445209
120de9b06aea436db952f0ae4bba47a5.jpg,Sweden,SE,63.431467,18.194187
736c07df7b5441f6907dea5085f129d1.jpg,Sweden,SE,57.778784,13.293008
4b6369b167d244a4b8ee1a7605c39b32.jpg,Sweden,SE,57.693462,18.559936
b97db2133d3d42f78d6f74f3a5274cc2.jpg,Sweden,SE,61.658569,13.177434
f9ac874273344ef8980853e9b4f0717c.jpg,Sweden,SE,57.51573,18.373488
1883be9485264aa8b77b4b7aa27bd83d.jpg,Sweden,SE,56.947266,18.157056
46bbf9147d3245488669ac55d381cbe4.jpg,Sweden,SE,66.65806,19.946702
1c9135078c5f4a859c584eca879a2b29.jpg,Sweden,SE,65.901352,16.322517
483f13ef218c4b35aee069d916a485b7.jpg,Sweden,SE,57.315579,12.422665
50e327d364da4e4593e72715a63b6bde.jpg,Sweden,SE,64.702715,21.124958
e1d5b09d1da645e59e4a7e4429afe94d.jpg,Sweden,SE,66.404121,20.684796
dac315e5720f453b95065c60bb87f369.jpg,Sweden,SE,57.475968,18.623502
459ea67b29db4c55a3648011cbdca83e.jpg,Sweden,SE,63.748045,16.430978
d729eca4118d46df9da1f9c0940a3b99.jpg,Sweden,SE,60.021985,17.88389
24e4bbb4334d43dc92755e4b17cd79cf.jpg,Sweden,SE,61.661723,16.059412
60d93382db2a4387959fdc15bff0f289.jpg,Sweden,SE,67.854182,20.635371
d8ec581b90714df9b496c6ac0ecaa2dc.jpg,Sweden,SE,63.821629,14.39159
395e02953e844e9eaab2bfdb2e49dc92.jpg,Sweden,SE,62.200191,17.495495
d69b624c8e0242709bd8644d7905b6ba.jpg,Sweden,SE,59.830573,17.998021
99ebe7a1c7634e7a966d24420b0ec864.jpg,Sweden,SE,61.9296,17.24552
244740ec11254f32b91603c19a93b01d.jpg,Sweden,SE,67.098884,20.958266
6faa39ed51c349e9bd49167f807959d9.jpg,Sweden,SE,57.177718,14.078164
8e085b58c38c42808c5659e701a500d2.jpg,Sweden,SE,56.75834,14.918567
bb3a612364bd429c9a8fda3aad96e06b.jpg,Sweden,SE,64.435616,15.12416
94db9e490c2c4d7f93016a3334199308.jpg,Sweden,SE,67.113761,20.629835
ef75bf97f76c4505ba26210d7715d9e7.jpg,Sweden,SE,57.862884,11.706913
8ac279ac3e6d4bac89f6cc016b200292.jpg,Sweden,SE,62.701181,12.687726
11b20522096f4f43b89e2f8abdc7ba47.jpg,Sweden,SE,55.732714,13.55481
a86e55596a034708bdce58b98b213f6a.jpg,Sweden,SE,63.843369,14.375885
fee65c946d2f4692810b0256eb835887.jpg,Sweden,SE,57.778879,13.292995
db3e30805a0e4c35bd484c895ca9faa7.jpg,Sweden,SE,56.35992,13.852611
c3112de98daf412b8e61eb12128fd9be.jpg,Sweden,SE,59.865138,16.822127
ad35ddf23dae430684bfb6f1780dfa87.jpg,Sweden,SE,57.647849,18.636977
9281cefe2c0a4f3ba8439b654ec0f2a0.jpg,Sweden,SE,65.922477,22.656767
e02e4d99efa947a89520314a84301fe4.jpg,Sweden,SE,62.704429,12.524822
d69a02d9cdf643cfbabbbd96411fb2f7.jpg,Sweden,SE,65.6403,15.517551
f9442369ebf8496eb670fd3687cbbf63.jpg,Sweden,SE,59.729782,17.713669
288d8d741c89449990a08ce03642004b.jpg,Sweden,SE,63.861694,14.339636
039b2faa13de41afb097b0a731850244.jpg,Sweden,SE,62.395855,13.938966
2ead49714b6c46298f5f16d2fce8cdfc.jpg,Sweden,SE,58.84308,11.258969
40afb9ebb6e8408fa8d7445650abad05.jpg,Sweden,SE,57.560439,18.4111
1a4fd0cf4518459eb53fe2966b3080c0.jpg,Sweden,SE,66.454428,20.497432
ecfefd71ee634692a9e1f364bc8ef2a4.jpg,Sweden,SE,67.039015,19.79509
037db81e9d9c4c3dba8d632c8d5f23b1.jpg,Sweden,SE,56.975206,18.314161
cfa59dfffd0341bfa716731b415eff7d.jpg,Sweden,SE,55.778662,13.813182
e92da08cb17245d8a7c1da949d1ad656.jpg,Sweden,SE,67.083369,20.357679
1fcd50fa4a4a49358afdb6be96813b4d.jpg,Sweden,SE,64.311834,14.961415
cf40eb7d9f524d09b8b04fc85334292f.jpg,Sweden,SE,59.902445,16.751614
afb780ee35f04fb7a529bf1773024dc7.jpg,Sweden,SE,61.60086,13.253221
6d6ad81ffe554afcaf8da869de6583a7.jpg,Sweden,SE,64.381075,21.381786
4a729dfb5a71430a9c8c497c3c693235.jpg,Sweden,SE,65.314309,15.858111
5fc943b9bba14575a6a26432f6f43b16.jpg,Sweden,SE,57.835296,18.593167
8315a6f562f04047846fd83dce0acba4.jpg,Sweden,SE,65.304519,16.719152
3edad4cdf5b84f23a8eb2b36bb8c6cad.jpg,Sweden,SE,58.6145,15.293063
0f0d78d7fcda4fee8c7621dea60c2024.jpg,Sweden,SE,66.445829,20.508921
c991406261134b37aa6638241b667ab7.jpg,Sweden,SE,60.134387,15.676151
36ed67cacf5b4a149b7bc6e663201037.jpg,Sweden,SE,64.271487,15.776878
9aa27a34e54446d48ee3a064719b9aa9.jpg,Sweden,SE,57.166283,18.308923
43c85225f2404278ae54c43f1acd7bfb.jpg,Sweden,SE,62.157733,17.449426
eb6b1b5591384d55862782695187855d.jpg,Sweden,SE,64.646519,15.733068
e131287b383e49dead2e47bf4872613f.jpg,Sweden,SE,66.684392,19.830604
f771324a11fc4b00bed712b308a64c76.jpg,Sweden,SE,57.565325,18.404874
d1c967cbf7d8415fbeb53bfda04acd48.jpg,Sweden,SE,65.038537,17.018265
2805bafcfc9e4290b1f6336ebe4ac597.jpg,Sweden,SE,65.414853,16.527094
f84dc98ad944488ba6411ecb06d4bad8.jpg,Sweden,SE,63.717556,17.745612
df640cdcb8654e81adc06819e0fcdc39.jpg,Sweden,SE,58.45843,13.473962
7f4d30d1125c430fb91386c2e5e47c34.jpg,Sweden,SE,60.148883,16.401681
7494f1a3e1b948de8104315f7c285433.jpg,Sweden,SE,67.292447,21.079796
034522568c2b4a1aa0ee9d3cfcd16ceb.jpg,Sweden,SE,55.617004,14.199052
2286fd6259ab41d3b64e143daefc661d.jpg,Sweden,SE,65.461734,16.795965
6c30cdf55ea4426989060576cf899ea2.jpg,Sweden,SE,67.102348,20.45276
98ccca36be414e76b84a87dc895ba093.jpg,Sweden,SE,56.333729,15.145573
f1c8d41ddd484f4f9003077e9d887735.jpg,Sweden,SE,66.235739,22.314724
54774b5575fc462682981f8efd867ad3.jpg,Sweden,SE,64.458925,21.122909
60e1c19d0efa4bc183e3792e965a450e.jpg,Sweden,SE,62.623657,17.406909
bb9a5b4323ac4a1eb8c56fdfc25ec5eb.jpg,Sweden,SE,64.530242,20.836752
cfdf0979a9954e4a934d235ef0597669.jpg,Sweden,SE,64.077023,20.775767
493181754c6049e5a102fa65278aa040.jpg,Sweden,SE,59.381709,15.136423
026d865df2ba44fda58addac0a2bf458.jpg,Sweden,SE,61.758814,14.156599
438fc918d7a742c380c6d7e370ea2edf.jpg,Sweden,SE,60.351208,18.205365
1359c5c5a2e5457a939b1b2fc5a2f23c.jpg,Sweden,SE,58.72199,16.299303
e4d8873f32df4329b0c842f73e8ff41b.jpg,Sweden,SE,65.981779,21.601562
e741b5bae67c46cd9f24cf82ac724010.jpg,Sweden,SE,59.089122,17.928387
08ca9b66f30745dd9ef1b3ab3eb28442.jpg,Sweden,SE,66.652856,21.273242
903137938dc5415589f45447bde1c500.jpg,Sweden,SE,64.121547,15.288088
ce562e8b050f49e487d1b67e68e2be07.jpg,Sweden,SE,63.838317,19.74977
5aaf9b55ee404f3e98714326710f57c1.jpg,Sweden,SE,60.469698,18.410898
b14596eb0b9143588df8db29bf5cfd8a.jpg,Sweden,SE,66.657957,19.94757
d545ad8b4e3544e7b584e4173ee38e2d.jpg,Sweden,SE,66.390924,20.697868
1f6d477439f04d47af39522411e84c35.jpg,Sweden,SE,59.979023,14.61904
7a5fe3e520914c23932c958d5740f048.jpg,Sweden,SE,55.610175,13.959864
2e98b5a3c1b54cb7b2cb0f3af8508004.jpg,Sweden,SE,65.045315,16.986365
42b1194f82d242bcb108046dea5124f7.jpg,Sweden,SE,64.062343,19.035809
e7931ec63e294a7891f5c6c078ae89b8.jpg,Sweden,SE,63.529608,16.472604
214af0c883ef4058b7e280a7cf783f07.jpg,Sweden,SE,60.978921,16.415239
2069cfe010414505b233ead41a92468e.jpg,Sweden,SE,57.487277,15.025628
25d7897b3e6d46c58e1a41b6b6ff9882.jpg,Sweden,SE,58.188564,13.593602
9ed0d050e3234b9e89d5cff42dd0965d.jpg,Sweden,SE,61.431867,16.06693
4eb49ec263bd4bd0a41e357f9dd42206.jpg,Sweden,SE,59.866173,18.137683
71bdf80ac7a8468298621cb1f1c86f3e.jpg,Sweden,SE,57.455964,18.342597
baef3db77b804845931a3058fd5fc91f.jpg,Sweden,SE,65.326798,16.651808
c38866c3e0104f9e98cee2cc139027b6.jpg,Sweden,SE,59.938709,13.55337
486ea24ae5654234918e8e1c4727c9e2.jpg,Sweden,SE,66.674849,20.165057
3a66c2ae60c144ef83cb8ca8fab2cdec.jpg,Sweden,SE,66.998655,19.844396
ded8c2fc335c4d45888542e0b18a23a0.jpg,Sweden,SE,64.111877,19.328535
a6324e8885a34bb583077885c8ae96a8.jpg,Sweden,SE,62.147288,17.344779
6daf69bce7ca45429737a1e7f076c95b.jpg,Sweden,SE,61.165365,14.703564
df174db4dce14980a3460877fc0f85de.jpg,Sweden,SE,67.139484,20.799931
139e4b04819e49f99e7e431fd0dbd9c1.jpg,Sweden,SE,58.548832,16.722419
e6d4415edeea43bfa5a1404382950d82.jpg,Sweden,SE,57.500771,18.563602
12e0994de06943b3aad08914ccca56c0.jpg,Sweden,SE,57.486195,15.026928
2e7ce7a6290d41a79fed2e90f5e25a96.jpg,Sweden,SE,59.979023,17.101885
84eb226a16084a28bdc7e341d1261c5c.jpg,Sweden,SE,64.55731,20.881952
25c0e33305844d63be5e725d0ddfca16.jpg,Sweden,SE,67.828787,20.721484
5503dd1f1f7b4fe1abddeeb714450dda.jpg,Sweden,SE,60.814739,13.429015
f60bc74212ef4cfa82aceedf8282d906.jpg,Sweden,SE,66.721182,19.837625
b30740a2f1464d78ab2be1872870be89.jpg,Sweden,SE,56.211379,13.736622
b7b11990351d46278aa38e6f70a30c2f.jpg,Sweden,SE,58.34958,12.005409
b5589545e226408984dd4e61885fd7be.jpg,Sweden,SE,64.154832,17.862405
44c1a84201f149b8b512884d4ac4a613.jpg,Sweden,SE,59.919194,18.925024
4ace73e9ad7a483086e8eac4903a36d3.jpg,Sweden,SE,62.17306,17.157395
7b18be668d1943609b2a2e89e1692690.jpg,Sweden,SE,60.694435,16.023354
9b16b888104440cbaad6eec6f5903ec2.jpg,Sweden,SE,65.247336,16.878074
7a7f5a4cfcca450bb078da914e422836.jpg,Sweden,SE,67.143219,20.855925
a509691309034b2b92fb422c6ebef07d.jpg,Sweden,SE,60.283559,17.945113
a9c65c969a3b40df923e0610e58e7c55.jpg,Sweden,SE,66.716755,19.83423
2744fa0138024df9b0af43458abe1881.jpg,Sweden,SE,63.819623,13.10823
ca0a368b65194080bb8af327f9ff2a0a.jpg,Sweden,SE,57.077371,12.379498
753ecd890a0648b7b382556a27cc4d25.jpg,Sweden,SE,61.420106,14.839124
9f4dba64616240e5bd395357ac5ba8df.jpg,Sweden,SE,62.229384,15.173057
6ca9d86b08c2499d89f797cd85184f13.jpg,Sweden,SE,55.95205,14.096634
c2a8eafce592417d9f2f598d1c266bb9.jpg,Sweden,SE,62.618604,15.658652
5b0226e61f9e4c158cd4863b9bc40440.jpg,Sweden,SE,63.587738,19.364633
e4022a80bc3440578422d8887dcc155f.jpg,Sweden,SE,58.192244,15.403752
411fcd21ccc2462eb73855394a531f88.jpg,Sweden,SE,60.177804,16.285333
4450be5e31ac498498939b5de9af430b.jpg,Sweden,SE,61.104801,13.30346
4aa234b127914c9cad80b7d2c8887c40.jpg,Sweden,SE,64.402499,15.642567
11ad23a90a974866bb533580e1c559b9.jpg,Sweden,SE,57.082063,12.527574
1763e566f77c47468952639dba025cdd.jpg,Sweden,SE,62.480571,14.770064
fac2e54fdc0a45ed9c3f1272f9ac090a.jpg,Sweden,SE,66.346258,17.06844
122de2354784475e9bd58dd095cb1e3f.jpg,Sweden,SE,68.233621,19.565903
6743a0e590e442eb90d3b7d108e4c6ab.jpg,Sweden,SE,63.964249,14.073303
af2816345fd04d6d9c46ea3d74f4ef8f.jpg,Sweden,SE,65.924175,22.657625
214101e188c4415a8486757e3b26b5b2.jpg,Sweden,SE,55.527148,13.983926
bc9b462296864fc781da7d75331b1546.jpg,Sweden,SE,57.108945,18.325469
7ea61158865c40409cc4a24959f27ab6.jpg,Sweden,SE,64.317758,14.93895
c4c960e45c984aa68597ecad8ef51f85.jpg,Sweden,SE,67.437903,22.528637
e6ef37cb593c48f79fa99cb2a03d553f.jpg,Sweden,SE,59.833939,17.526269
c93f8a2b7a32462ea36b514fd2604a9f.jpg,Sweden,SE,64.425723,15.137022
3488f4c135084a2a9ef4f49fbe8706fb.jpg,Sweden,SE,57.7972,13.068563
1a0d9d65e9f04b3a85a72fbc82fc0c8c.jpg,Sweden,SE,66.0568,22.707409
b87365f30cd64aeea500bed54a9b7481.jpg,Sweden,SE,65.327492,16.635541
7ce50282a30c4ba9b21e62c75c963cd4.jpg,Sweden,SE,58.908828,16.625953
bc5e62f2e5f74a929ce6bebee31de457.jpg,Sweden,SE,66.686073,19.830746
d93eeed866e84cdc8e56d5d7099cc0cf.jpg,Sweden,SE,64.92568,17.038206
09501f368e374134815aaf896310b722.jpg,Sweden,SE,61.387465,17.191653
344b127e5498430abb0b60b872c253e0.jpg,Sweden,SE,60.139161,16.839613
8272ca093f9d4e328053e6ede03db1a2.jpg,Sweden,SE,62.913665,14.157175
44685de197d7447ca217bcde7a037c7b.jpg,Sweden,SE,63.429312,14.061881
0e319abe0b1c4d16aa00b8c75c8d32aa.jpg,Sweden,SE,65.31097,16.196515
9e4fa0ce82d642899cecb0a9c4a0e26e.jpg,Sweden,SE,62.377039,16.750629
faa097b06bda425a94038b2373235919.jpg,Sweden,SE,63.7373,16.429167
88d9e7bd557e4a019c557d760678e346.jpg,Sweden,SE,57.520359,18.372938
c37eed289a2b49339a1c68872d4d6e3d.jpg,Sweden,SE,65.63316,15.531155
144bfb8bd0b84aa3992b1d0413e38b59.jpg,Sweden,SE,63.722283,15.878697
25fcbf4a81d34a9cb2971a3a43016c69.jpg,Sweden,SE,60.813004,13.428568
31acd89f83c14827944e0054c825e000.jpg,Sweden,SE,65.034072,17.474645
d334c77691b24daaad1dfac8537d83ad.jpg,Sweden,SE,64.34068,14.833467
01b8c8b205c6494d998861669217921a.jpg,Sweden,SE,56.885884,14.229187
280cc8e65fc747668dad59b5362570cf.jpg,Sweden,SE,57.660029,13.327479
213f929eb5ce44cc8a0ef21084619752.jpg,Sweden,SE,65.576782,19.246709
65165ff9d48643a3b3b670b8e8aa9c67.jpg,Sweden,SE,62.216222,17.470384
1c5c7c796bf04ec798f4e7493acb6c36.jpg,Sweden,SE,62.095429,17.43106
cd04716cb64e4116966c3bd62743ef70.jpg,Sweden,SE,67.945904,20.046309
a89824057f6348f583b1bcc3de3a20b4.jpg,Sweden,SE,62.658266,17.261015
641350edaacf49a9abd810693a48bb23.jpg,Sweden,SE,57.692491,18.53034
5af031a4512c466a84b33b25ef80a94a.jpg,Sweden,SE,65.239386,18.82696
ae96b33ba99544e7b7e47caf88debced.jpg,Sweden,SE,62.987129,15.149624
daa9ee16549a45bb8c30feba46080dc4.jpg,Sweden,SE,66.592453,19.212588
2d11cdb762b9415090f21358f29c0ee7.jpg,Sweden,SE,61.814703,13.778838
bb99fca4ab9d4dd4847846c3a85bc760.jpg,Sweden,SE,65.670617,20.250252
96d9d19920f24158a4f9061b64eab858.jpg,Sweden,SE,65.719496,18.695764
408024e484e74a7683a4b42df3305fd3.jpg,Sweden,SE,58.533458,11.5742
fa8f985668e44ea0974b418c0b0ae8d3.jpg,Sweden,SE,61.392244,17.173692
e47c2eb1b30f46fab1ae4f3a142985a3.jpg,Sweden,SE,58.272039,12.981051
04bbb772a912429da1d74023e06995d2.jpg,Sweden,SE,65.486279,19.329744
4a94b3df993e46a5a03f9ea63eb14f07.jpg,Sweden,SE,65.451277,19.377702
ffa48afbf6b344cdbcdf48579c6e42d2.jpg,Sweden,SE,59.400386,15.366067
8743baa8183d4bd7a65e1fe14db88d6a.jpg,Sweden,SE,65.420037,21.25187
76446470b7614c86a6a596feb67dda0f.jpg,Sweden,SE,59.998428,14.549238
ba6bfc6693954e4a9870cad32ca931be.jpg,Sweden,SE,58.709006,16.641965
adaa6a86ec7344a28fd2f35cafd82e91.jpg,Sweden,SE,60.492783,17.424146
224077ff311b42098a8ddf403853f132.jpg,Sweden,SE,65.953719,22.675857
f328355d305744128d1b6ad0091d837a.jpg,Sweden,SE,66.25552,19.92362
f2477f12a88148438aba37086747e300.jpg,Sweden,SE,63.44018,19.666109
181fe380cff746d18e831073134c0391.jpg,Sweden,SE,57.618745,15.515687
05d1f2e4d9934ec99dcd09a47f78f3f3.jpg,Sweden,SE,65.691216,20.476206
92f401d1ab6942a58034a61089b8e1c2.jpg,Sweden,SE,56.574401,15.967201
c5371eee8d4b4277b398bb9d3b1e448f.jpg,Sweden,SE,64.951986,17.755101
e232ac5b3ade465d8224076e48331df6.jpg,Sweden,SE,61.37987,14.787376
54ce20a5ce794cc6abbb23a7b20ced0f.jpg,Sweden,SE,66.594658,19.892573
015504577c6c49f189e7c3a7a7a87385.jpg,Sweden,SE,57.529168,18.467257
f624726d944e471b9b90c65ee8d51c78.jpg,Sweden,SE,61.647764,14.799222
dd614a56898d4c04868327086f7bded4.jpg,Sweden,SE,65.86766,23.600935
593e70fffc7a4cc195fcb39a7adc6810.jpg,Sweden,SE,59.343457,15.833518
ad2e178db8b6450ab8f9d433b8142485.jpg,Sweden,SE,62.317838,13.772551
41b01714577a416d8cc4f2cf3036a888.jpg,Sweden,SE,57.612762,18.557269
6566f95729b44f29832120b47dd82c32.jpg,Sweden,SE,57.577203,18.382213
172e2bed96044727aafdb9cebdecebfa.jpg,Sweden,SE,59.58412,13.16943
3da708a8916e4fa9b615d6b7cde00c0a.jpg,Sweden,SE,61.37949,14.786972
0057bf0f91f64f04b899dee57ade9960.jpg,Sweden,SE,62.448483,17.308534
803f103b95b44691903204c2054b45d7.jpg,Sweden,SE,67.235525,23.312061
d24958c549e94bcf8ed00d917f739e6f.jpg,Sweden,SE,60.225298,15.078272
6b91ff129b0742e3810fbd44fd4f8ae6.jpg,Sweden,SE,67.152421,20.927566
566bfd3769b44842be7b66cb3a546f24.jpg,Sweden,SE,65.600354,18.594167
b9996282121a4e64b35a7fa6c768b762.jpg,Sweden,SE,63.252289,18.518978
0eff7e4e60dd4b19b221bf16d14766ac.jpg,Sweden,SE,59.614867,17.997028
46253fb17e0a4fc09aecd796a3e359d2.jpg,Sweden,SE,65.284119,16.312731
c655967ac45a4264860725a491a38495.jpg,Sweden,SE,65.3486,19.495019
2b6642765d8a4535a95fee964e1d7e02.jpg,Sweden,SE,61.252572,15.448635
294d1af2228b4403bf6d50baab47d701.jpg,Sweden,SE,56.340738,13.274315
6c661f0fb7ce42969fd1d41c08d5c148.jpg,Sweden,SE,67.026274,19.828802
c326d09f2e724568bf4fcf789f9efb53.jpg,Sweden,SE,58.178218,11.476442
8cf201eded7044658311436a847587d2.jpg,Sweden,SE,60.1992,16.592087
4e59817ce0a54aa6978751ef60bf3c70.jpg,Sweden,SE,61.787617,17.186259
7ca7cd4fbf3d4e5995651ddfb174962c.jpg,Sweden,SE,67.094198,20.435839
95e882cc2dd5466a9129192e3eb4361b.jpg,Sweden,SE,59.78882,17.141833
159ef78cd3dc4f7f88d2c06838faa98a.jpg,Sweden,SE,64.344933,14.714131
1aed1e95587c493e8951e3b3e3fe1fb2.jpg,Sweden,SE,65.583338,18.112624
f08d34517b894676b9e18a82cc750f97.jpg,Sweden,SE,65.054595,17.275649
6f62d83a3a664d948201764524beafe5.jpg,Sweden,SE,58.938706,16.607527
3dccef4404564f6a972ab0873edca83e.jpg,Sweden,SE,59.836135,14.256936
ae134bc122d74058aee8dd4b77ec30f3.jpg,Sweden,SE,58.596982,11.502275
da240abf830a4db99a100bb1cd1a5410.jpg,Sweden,SE,61.791205,14.128996
4aa287b825e641348e471c69870869aa.jpg,Sweden,SE,66.991871,19.83667
beaae91efad7495f9e4820a233687bbe.jpg,Sweden,SE,65.20823,17.957804
d33bb71a35194864a6b0e74364637b4e.jpg,Sweden,SE,60.496411,16.107689
8552339dc1bc4b479f65a0ea73d0632d.jpg,Sweden,SE,65.654167,19.71287
45de143fdd5743da8ea79f8627c04153.jpg,Sweden,SE,65.462118,16.822604
0edfdadbbeea48b6ab4cb7ca42f2dc1b.jpg,Sweden,SE,58.994291,16.608067
9d7bd22c9beb43759dcdc6f8dc621e3d.jpg,Sweden,SE,65.494668,17.006987
8f55107973364cbbb105493e8e1c4c4d.jpg,Sweden,SE,58.964634,16.605987
135b104a47c54fa4a89675284fae51e0.jpg,Sweden,SE,56.879623,13.806792
174f76bbb1184fecba1e4db69562f7b3.jpg,Sweden,SE,65.398465,16.128006
7a1a0e217d864009bcbc9c5897955194.jpg,Sweden,SE,65.856702,21.80825
4764a85f2ddf46ad80773cf7407bbc57.jpg,Sweden,SE,64.857285,18.840825
eb5b0a7336e143d18a9906ab28e4579f.jpg,Sweden,SE,66.671413,20.166142
114d0d40c15d446ab60917ce4735d8ea.jpg,Sweden,SE,59.95768,17.29381
d187eecb448249ddb03d92ff42530d50.jpg,Sweden,SE,61.793972,13.502166
d1acc711bf514867a84822607143c7a6.jpg,Sweden,SE,66.473153,20.319885
f18ccd9888c6463b85167bf9da8398e9.jpg,Sweden,SE,63.236829,18.511952
230422708af24b20aeef88724afa7f21.jpg,Sweden,SE,65.273261,16.052077
36d9d10ab5614198a97ac56c97426dab.jpg,Sweden,SE,61.377771,15.781186
660ad3c00c1e4251b15585c765a680cc.jpg,Sweden,SE,55.590822,14.235687
b560644961294d0c8e2bcc640e9e5859.jpg,Sweden,SE,66.382257,16.968025
43af3b553ae944cb87c70d8727472e65.jpg,Sweden,SE,67.974271,19.954008
8632245661f84419a5c936a058f8e24a.jpg,Sweden,SE,63.399648,18.29054
c171da96bb204e5190505c28a014975f.jpg,Sweden,SE,62.617578,15.661317
522c129725dc4802a486e5ab73e3a43c.jpg,Sweden,SE,65.052901,17.089881
770214392f4b4762bcb6fa9a4614e2f2.jpg,Sweden,SE,66.353383,19.760689
4d3b179683904637a42905623baa69e3.jpg,Sweden,SE,65.629548,18.930903
dc060579b1d94e4db3e3cab201ac20b7.jpg,Sweden,SE,57.17925,14.078959
80f9db24ebaa4b8c913535f85babfb04.jpg,Sweden,SE,59.772994,16.115573
0ee91a857206457f9f51b0fb397ec27a.jpg,Sweden,SE,58.954557,17.785427
b4e58e6d0a5a4f7fbcf9de787391ffff.jpg,Sweden,SE,61.440045,17.128616
693f6843b1ab478db46bed7f3986bd87.jpg,Sweden,SE,57.31721,18.259045
18f995c0471844008747ab4b44b72fa0.jpg,Sweden,SE,61.153046,16.882433
05b61d9491724e9581071329951bc5e5.jpg,Sweden,SE,67.100624,20.450622
a48c358bc78c48b9862bc3a2a3c80c37.jpg,Sweden,SE,57.743226,16.711276
927f1cb1b25f4aa9b3450fca1246656e.jpg,Sweden,SE,66.330461,19.824736
60e773c0de524894a57f241a9783d886.jpg,Sweden,SE,67.903071,20.11436
f368b52a01ad4a63b883a17c0afb5bfb.jpg,Sweden,SE,64.100378,20.752347
ce20499c00904032a6bcc14e63de5d9f.jpg,Sweden,SE,66.419856,16.893402
ea541719283145268bd1382b82f73212.jpg,Sweden,SE,59.958486,14.633311
77c8e92b955e4e789b7a26a4815968f0.jpg,Sweden,SE,60.737041,16.555975
7959f970dead408ca817e3b0288de270.jpg,Sweden,SE,59.663743,16.92875
691a779a9e7c43c9addae38696d68283.jpg,Sweden,SE,57.560183,18.312321
92283859ddbc4ef485b1d2a19e5fa7cf.jpg,Sweden,SE,62.615664,15.666942
73ea127dd5cc46d4974ea885c7b0651c.jpg,Sweden,SE,63.848498,16.401938
9752f45e76dc41cd8f5de50cf07d7976.jpg,Sweden,SE,58.755091,12.131446
d996602f1c89489dbedcb0fcdd70dd54.jpg,Sweden,SE,62.954596,18.069462
d96730e05b68483781ed927b97e7bfd9.jpg,Sweden,SE,67.867592,19.315389
8ee9a6d2a0b442428b07b5f60cd23177.jpg,Sweden,SE,67.314352,18.96038
893f8c3d238c44e3b8777b1610aed456.jpg,Sweden,SE,66.436399,20.533514
9b83929fd0be417182a8454cd754026d.jpg,Sweden,SE,58.900948,12.332365
583a590dd95c4612952068a9bca0af2f.jpg,Sweden,SE,65.291475,16.284454
b96936ba76fb44a39894ccf8fafc42a1.jpg,Sweden,SE,60.458932,14.736934
5c136dda59ba45cca6153e2ae0124be3.jpg,Sweden,SE,68.229998,19.663377
c5391861dd1e4f5aada14fdbf6f3e1c9.jpg,Sweden,SE,59.154464,15.448828
fe3b8dd41e6f46aca8f3144322118941.jpg,Sweden,SE,61.933335,14.1845
41c9fc2b9ca241efa95be54bb674d274.jpg,Sweden,SE,59.971379,16.987996
f890d89a9794472db53003ad0d1e43f3.jpg,Sweden,SE,63.221391,14.467226
70d0d17cc71645a186ab69472fe41480.jpg,Sweden,SE,59.735967,17.681908
a5d27a902fd844029b966661c859b861.jpg,Sweden,SE,61.220499,15.415525
e43b4714e4344ee7bdb74cdd0d3fff4d.jpg,Sweden,SE,60.343566,16.891008
3ac95fdbbd4442cfaca5f1b7e0d9e4a2.jpg,Sweden,SE,56.877637,13.814168
c39c6b49e84241f9aae01222eaeb7075.jpg,Sweden,SE,64.165574,19.680119
190d2a951a2d4cd1945ed86766d0dff9.jpg,Sweden,SE,67.850184,20.496553
80be80c5ec924645bcba6884b416e480.jpg,Sweden,SE,55.423056,13.002909
4afa66c7da3c4284b8e0ec00c77f8491.jpg,Sweden,SE,62.069561,15.836988
54ae7e83db814f70837a4fa64044b8bb.jpg,Sweden,SE,55.967693,13.755658
72284cfcad2c44c2b914457565ba9d1a.jpg,Sweden,SE,55.713087,14.080967
f33c883c4f5b414da05a2bf085d2c519.jpg,Sweden,SE,63.834082,14.389042
7472f68fe030466daea350fd948843b8.jpg,Sweden,SE,65.011444,21.31262
65fe6b2299e440a6a2a4f3f44289837c.jpg,Sweden,SE,58.649581,12.054396
b8987f47ad094dff8c0ad60c9668e8e1.jpg,Sweden,SE,64.911822,15.513048
82c74060e1a24d3ea392976ca73db307.jpg,Sweden,SE,58.909758,16.809982
977aa064bcaa4efebdcf5fbbe69feb80.jpg,Sweden,SE,64.286719,19.973405
f43e86b5debf44a8ac0bfa78103ea2dc.jpg,Sweden,SE,65.660232,19.860624
c00719b81bc14ede912adf7fef67c52d.jpg,Sweden,SE,66.942733,23.017967
82a44b84ec0a44ad83899d13d95afa4f.jpg,Sweden,SE,56.264797,13.563927
44e09a764e0047d0987b78267ee0572b.jpg,Sweden,SE,63.720373,16.159448
60b2df22b3e240e4adc5606d8edd368f.jpg,Sweden,SE,62.726654,12.726467
36b9943f5f07437285112a987f59b759.jpg,Sweden,SE,62.18089,15.05828
af3b62fec2e940ab9ab8e8eef90d58bb.jpg,Sweden,SE,58.548535,16.646527
37fbeb6d58b64db389da90e3406d2118.jpg,Sweden,SE,61.153993,16.880788
c4cf0ac195ae4ef5915a84af105da4f9.jpg,Sweden,SE,68.247748,19.517819
dc11c9e70ca0462a974fc1f77b42883b.jpg,Sweden,SE,61.45792,14.875105
1a61baf3785d43c4a08a028305528b48.jpg,Sweden,SE,61.487966,15.834431
c0d2a119fc954cf288ed8eb579072ac6.jpg,Sweden,SE,58.024496,13.000754
8908ac201a1e4738b95087217815deb5.jpg,Sweden,SE,56.957938,18.302935
79f064016bf840a1a90212a259463c57.jpg,Sweden,SE,64.114084,20.717213
b1c3ff3641f147baaba4e1bb15f22ccc.jpg,Sweden,SE,63.517014,14.850669
d9bc5ff6684d4c5db3a8c9c804452095.jpg,Sweden,SE,65.302917,16.766547
7b0955b267bb449f9bd6cc2eda6f3516.jpg,Sweden,SE,58.555231,11.563833
b95d632bc79c46acb1d58930968ee6e2.jpg,Sweden,SE,65.301724,17.663541
f9fa252d1e6d4fc9b98b557b349245ad.jpg,Sweden,SE,63.818499,18.826901
a386c2c4bd6d44b89ff968ac860bf7ec.jpg,Sweden,SE,59.220796,16.615308
2b0b47ac87404ce2a42adadf1d00df68.jpg,Sweden,SE,62.159805,17.454101
f61ae40afd6540f58b6501dd27cfd15d.jpg,Sweden,SE,64.07138,20.786963
3100179f3a2e4faf841e5b109a8dc21d.jpg,Sweden,SE,61.642555,14.803993
b4de3d8613864df683e7ed660e38972d.jpg,Sweden,SE,66.483439,20.280697
fff07b52c14d483890acb3cdda6e6f26.jpg,Sweden,SE,65.641953,19.68753
69a49f72758344cf8c5f6caa90484dd5.jpg,Sweden,SE,62.558781,14.308742
a8fb145158eb4e8897fe1a6b2fa2bd8a.jpg,Sweden,SE,67.845502,19.516311
c480f7afd29a48598c9b4c4d18904bac.jpg,Sweden,SE,61.75767,16.866385
f6455abaade1452fbc88fa142c48d02f.jpg,Sweden,SE,63.627392,14.751056
91f598db2c624091970f5778ad3e6c32.jpg,Sweden,SE,58.803183,17.109173
5a7a5c3289e449fbaaa2faeded108cbe.jpg,Sweden,SE,60.80391,16.930826
c34b23cd84774d308544df2e3cd4766d.jpg,Sweden,SE,64.873856,21.084929
6c4966681833452cadaf503f14b7d872.jpg,Sweden,SE,64.499535,20.736885
35fa27351a644b7e8a149a42c5cb71ae.jpg,Sweden,SE,58.406733,13.025286
8ac51d6a43544787807598a8cc630d5b.jpg,Sweden,SE,63.149392,16.292994
8d002b3fdc074969b18287aba20cbd0f.jpg,Sweden,SE,65.230798,19.511493
d51c9a80e32841248a6e9d34bed0ece4.jpg,Sweden,SE,60.468645,17.167411
4530115b30074d199bd4a3e44b0927fc.jpg,Sweden,SE,61.725978,17.30929
ff6de30f70f34cd6b304202d94ccb10a.jpg,Sweden,SE,60.948433,15.232091
d57c28737fcd44fe9d36075415e4d7b2.jpg,Sweden,SE,67.969906,19.962094
652c061437f446c4a8c21ad3a0ea4b1e.jpg,Sweden,SE,55.558401,13.855106
647e798d3d974a8dab5c3526a43b4d86.jpg,Sweden,SE,55.868138,12.795243
b5061840c83e428fb6c0a584819a0cad.jpg,Sweden,SE,67.943184,20.361402
86e87d8bb9914d788237d0dd3b16f82a.jpg,Sweden,SE,58.780373,17.333735
5ca1b209b7954481b9245e3a20d988b0.jpg,Sweden,SE,65.053431,17.090103
33e642bf4b434a16aaf1c761ebbe92a4.jpg,Sweden,SE,64.564866,20.899368
b0708d30e9df46d2bcffe717ac83a3f4.jpg,Sweden,SE,67.700508,20.771144
03efe1a361d24c62b80def6441993ce8.jpg,Sweden,SE,59.130476,15.114625
4fc7ac70ce494feab2b868b3d2f2628b.jpg,Sweden,SE,65.599353,19.14741
9607374ea9434cba8e251b38420e5c12.jpg,Sweden,SE,58.347411,11.509414
5538e9dd146643ecb89fd1e592074422.jpg,Sweden,SE,60.065481,18.774006
027e9d36a4124de8a1ec481387002527.jpg,Sweden,SE,57.106503,18.320732
ed0deaaa2ac04703997274a716795612.jpg,Sweden,SE,63.98037,20.079203
0acfd2a531074c7e90fbfd5a5bf59bb7.jpg,Sweden,SE,67.267094,22.704391
c4a298f7bb7649638c977cb121d2cc56.jpg,Sweden,SE,62.069346,15.837376
342630a6bed0424a9f6414b6c21cc0b6.jpg,Sweden,SE,57.322247,18.607789
9e7d9f4dcd69415682e46b6179f7885b.jpg,Sweden,SE,65.627285,18.934853
62f12f9f34d54d5bb601006d05c07163.jpg,Sweden,SE,61.375348,13.522048
d0b3284e79ba43248cc7b0b806409ef6.jpg,Sweden,SE,56.821508,14.472795
3086421c8c544800a5ce93dc0a74c21e.jpg,Sweden,SE,60.905875,15.729654
69ec0fa1a988474db3db954bda5c6017.jpg,Sweden,SE,66.39426,20.695077
8b73de095460410dbee863a9b49668ea.jpg,Sweden,SE,62.117481,17.430198
612da8e5ad9f4d86b1336bb12af91dd8.jpg,Sweden,SE,56.370137,14.543536
49c13131a83547998668a05635718801.jpg,Sweden,SE,64.353747,21.104445
373cd9fea1434fd78b23676e3e2b7666.jpg,Sweden,SE,67.915536,20.094808
862217ed21354842817a487c2aac1d82.jpg,Sweden,SE,64.201544,19.583138
fc9d2daf9b114c69af8e87f6ba5531c4.jpg,Sweden,SE,64.337785,20.51857
a915062d52604bc596b9f7a3b37d92e5.jpg,Sweden,SE,64.404654,21.494116
5cfcfaa8bd324973a56cd9e115344db9.jpg,Sweden,SE,63.412606,18.26598
4f39f1e9239a400eb41bd30700102fdc.jpg,Sweden,SE,60.198102,16.593615
19f8c48db43847d0a01d55acec6a0c7a.jpg,Sweden,SE,66.577336,20.479399
19b5b238aab04ca6814539b7639f1d31.jpg,Sweden,SE,58.864158,17.828195
c7bfe55de38a47f1b5094e8090a765d3.jpg,Sweden,SE,61.715459,15.701026
7913dec0cedb4f3e81fb57c249518255.jpg,Sweden,SE,67.773348,20.616517
0ddae775a65a47e5ae08e3d88bcd724a.jpg,Sweden,SE,63.809388,14.385587
e73210d4279e4b7089af2387bfcc46e7.jpg,Sweden,SE,65.184437,19.535891
00eb2764b1304e9e961a630fe3ecb1b7.jpg,Sweden,SE,65.449526,19.401993
9a3ea24a83e64db091ccca069c192b54.jpg,Sweden,SE,61.751269,14.662736
76d8168c7542409faafbdc7bb5914049.jpg,Sweden,SE,67.105587,20.9033
67f6724d474c4806badc7e3e22372495.jpg,Sweden,SE,62.007692,17.015771
7da171414380419eaa39945e62dff419.jpg,Sweden,SE,66.574306,19.957606
4d4ed179f1b347d2a110a80b9c31ced2.jpg,Sweden,SE,60.039134,18.696953
e6af44a21a624b079e5381e87deaffa7.jpg,Sweden,SE,57.033669,12.379459
4ab119e3ca5d4f49a670def065888d81.jpg,Sweden,SE,59.461055,17.007971
2f1e1ade5653491090b7ac16d421c0bd.jpg,Sweden,SE,61.978986,14.209266
a8d52147aed44fa5a75f518452e26016.jpg,Sweden,SE,58.754614,14.396253
c1a2bcbde27d4af58bc989fa8e0523ab.jpg,Sweden,SE,60.658275,12.979428
f17731e23a524534ba8cf04eea59cda2.jpg,Sweden,SE,65.630805,18.928662
cd4f6daf70c349019aaef921aba918f9.jpg,Sweden,SE,66.672227,20.166162
426c16e8d54a49fea89913da96b05f3d.jpg,Sweden,SE,56.168295,14.47139
98b3283f443d46b79a206961aeb6eb97.jpg,Sweden,SE,62.157194,17.448195
f32aa772d7cc4eebb68d0320bfd201a4.jpg,Sweden,SE,66.259218,22.278281
14a268a014574ee3b563d0e173addde7.jpg,Sweden,SE,57.37232,13.478941
d4fbc59b59534c9b8b9036b0d02625f8.jpg,Sweden,SE,55.462983,13.286778
c4ead54185d14471bb5486850d9f50e8.jpg,Sweden,SE,56.809463,13.356455
5c2a3c2c101a4ee5aadf329537813a82.jpg,Sweden,SE,65.310913,16.207576
f4e79bf77cf24d86bb3e8526dc9116a1.jpg,Sweden,SE,66.373814,17.001689
8189b9bb40014748becbd56d01e30f37.jpg,Sweden,SE,66.908,23.129171
8d70df6ce83e450ca018c5f963406c47.jpg,Sweden,SE,61.765973,17.165021
1ea4e291609e4142ba943053312b21af.jpg,Sweden,SE,67.246662,22.877631
59d7016bb6564055afb77053f7410566.jpg,Sweden,SE,64.005124,20.397858
335e729828f54d4cbf6e35ae04ffb346.jpg,Sweden,SE,67.83499,20.705882
7fc8e95ea845415dac0b752e6dabc807.jpg,Sweden,SE,60.236904,17.459465
e8d14f479a044f4d9eaf32c318097569.jpg,Sweden,SE,60.358135,18.194006
ac74b84b88e9429aac6d3dbbc2455622.jpg,Sweden,SE,68.229028,19.672056
f4d99a3b8c2e40baabcc013eda937444.jpg,Sweden,SE,60.589548,16.330361
22a27c228b344788924c6d48c1e5ec7f.jpg,Sweden,SE,66.106757,17.477635
83723914484e48e48b1d2d821edf97ac.jpg,Sweden,SE,61.760309,16.928792
c51b3692eb18432cb0d295b61a784d95.jpg,Sweden,SE,57.579882,18.378026
1d75678432a24119969c308f8560be05.jpg,Sweden,SE,64.10472,20.746451
a3c223df0466494ea31bc443e6ed0a12.jpg,Sweden,SE,65.188021,18.230342
37c03c416c774c8f8d2a6c4110033686.jpg,Sweden,SE,57.057636,12.499418
144ef71d46d04f5ab012ec70e63bd8b8.jpg,Sweden,SE,60.223352,13.471216
d706947c6c404a579c7d2f051bb47a16.jpg,Sweden,SE,61.43173,14.855809
c984731a42b142a1acc5a2fbfe0d6c3d.jpg,Sweden,SE,66.201122,19.953642
35bf709d9f8f43019a86a56fe9b1788d.jpg,Sweden,SE,64.223068,15.902874
c2068919491c488eb6fa3c301ebb34a8.jpg,Sweden,SE,58.265227,13.553851
b5fa15f215164ff5bb78191883b1e776.jpg,Sweden,SE,59.371172,18.413817
f053a50d5dad4620b77aa624c87baabd.jpg,Sweden,SE,57.502891,18.562133
e6b4595d9e8d4525b8aa000d47904f8e.jpg,Sweden,SE,66.591643,19.260226
d5d5c7641913440fa8cffc016954641b.jpg,Sweden,SE,66.528366,19.707093
6781b5e433174bd88c5b4b046bbb97ce.jpg,Sweden,SE,60.061428,15.891086
af48be4ed03a4438a4c1ca230e6bc7fe.jpg,Sweden,SE,58.773715,12.201952
ef4b449e1d244bd3a476bf591f45160d.jpg,Sweden,SE,65.548518,20.057447
84fc1d0588464fa5b3dcddb5bac4e7a1.jpg,Sweden,SE,63.096906,15.191861
cce79247df0f451c980e190ef3e9edc1.jpg,Sweden,SE,59.358865,16.887215
b3f87b71b7ef46a3b082efec0aab0cb3.jpg,Sweden,SE,64.417478,21.224463
64b29ce0052940deaa6ec40b82799142.jpg,Sweden,SE,64.679159,20.946116
5543626640bb464b8b2a86a442157f00.jpg,Sweden,SE,64.929175,15.675046
0c67ae13e314430aa3fba65cd6a9834f.jpg,Sweden,SE,65.6474,19.698702
9ebce84af03843709d3435e5ac9c80cd.jpg,Sweden,SE,64.512091,21.062322
c579f500f5624fc1a5fccf16df2da661.jpg,Sweden,SE,60.054563,16.710262
8f3be91572de470198f0021011a1d811.jpg,Sweden,SE,56.205823,13.619855
c207d14618f345aca6dbd23a3a0f2d75.jpg,Sweden,SE,67.245686,23.267129
abdd4002d5d4493eb7d0903ecf249782.jpg,Sweden,SE,64.948201,15.470625
cd559004fc5f43f38cde2bfde1018df5.jpg,Sweden,SE,56.849456,16.641989
3a6783be6f994b2c95f40226c561fc81.jpg,Sweden,SE,58.706896,13.896556
12ea831ab2fc44209ec4923d1d2b2202.jpg,Sweden,SE,56.671232,15.545416
b55834093da04570a4924b7b9e3d8810.jpg,Sweden,SE,56.569333,14.669431
94638b0158614b37a4902882bbc6399a.jpg,Sweden,SE,65.65043,21.483787
142018cfdfe44f88ac20afb75453c8d7.jpg,Sweden,SE,61.509374,14.849688
2992a80f10a141d9a803e08e33c5d5e7.jpg,Sweden,SE,61.889958,14.166184
cda84a6f78a343f1b18672ec05e5c78c.jpg,Sweden,SE,65.804288,23.149873
c142ac016d0d4815aaca3f16f8c3eb0a.jpg,Sweden,SE,58.001822,15.750322
db6b1e5aa8f24c13852cc8a1d1932bae.jpg,Sweden,SE,61.991905,14.578735
85c7877a816648f28bb80bcb9299bd75.jpg,Sweden,SE,65.815192,23.242426
2a3d9d4b79954d06a4fc08d768bf05b7.jpg,Sweden,SE,60.9217,15.701448
c079604f99834938aad6ac78f2d63d05.jpg,Sweden,SE,64.378319,21.381875
fea10d3ca220457680b3b481a5004e09.jpg,Sweden,SE,58.394315,15.299058
fb24029dbc064c18a69cd7f748057990.jpg,Sweden,SE,65.279578,16.339667
3db9ddd990b14c0e9d0ceb3ec2f3025f.jpg,Sweden,SE,66.161791,19.955699
bd0f52a5e285432a936bd92aead5d185.jpg,Turkey,TR,37.521559,36.997576
034b1c2a3da14970a76f120adca7c174.jpg,Turkey,TR,38.427501,42.128318
bfb1491be3d8459ab638bc6df3d7e280.jpg,Turkey,TR,41.917706,34.582727
3e077f33b1aa4731949c9d3fbc97bf53.jpg,Turkey,TR,40.348342,37.858847
1910306cdb0d4317b0500e32fc66ab78.jpg,Turkey,TR,38.825602,35.640365
3f3f352fb4714748a17179ba4745ab0b.jpg,Turkey,TR,40.504622,29.393939
266f71458aa445239711e13ed21c6e89.jpg,Turkey,TR,37.050461,34.940723
495fc4b0b54a4bf3b38412f7b66059b5.jpg,Turkey,TR,38.93689,35.59719
1ddc0b6ec5c94214bd133012104aa5d8.jpg,Turkey,TR,38.890409,35.594218
66d47a047638482eb4b09f508bd42903.jpg,Turkey,TR,38.324337,43.18817
c16183b47e204476aa75430f950d4525.jpg,Turkey,TR,38.424483,42.126262
29b9edd2b3cb487fa88c7adcc2fd0989.jpg,Turkey,TR,38.754117,33.850617
aaa502aff0d04743b686518e5973f5e7.jpg,Turkey,TR,39.142632,26.838121
afe7515323034c38b589c7ffa4014085.jpg,Turkey,TR,41.310642,42.834028
c8bc1d669d43430d9b66d057ed0a358b.jpg,Turkey,TR,39.87254,39.256192
4fa01748c7874a36839c32b15123ab01.jpg,Turkey,TR,36.705251,33.112627
18e0800882064bc698f11858293cf119.jpg,Turkey,TR,40.746184,30.367363
c57c35d067f648789e6a6e375612db63.jpg,Turkey,TR,39.55974,44.064522
2fef4c4b48994794a78823b02975060d.jpg,Turkey,TR,41.032906,39.026845
9412fe9cbc554fcf9b7ecb6d481f346b.jpg,Turkey,TR,40.169176,26.367686
60d2eeb197854bbbb65a1fecedf6a17e.jpg,Turkey,TR,37.953586,34.088633
cc7eb6c93844412cbb0cd189464da276.jpg,Turkey,TR,38.260489,40.958394
f88740772b5646249eb73153e0c3bf21.jpg,Turkey,TR,38.199255,30.054815
869964c0e02b4cfca9ac72c9ad8c7ecb.jpg,Turkey,TR,37.40133,34.86127
938b038921af498dafd8f774a114d369.jpg,Turkey,TR,40.615055,43.200825
f2aef3e6778c4fb1992a8b856650421b.jpg,Turkey,TR,37.186668,34.867857
565202c58e7d4a3dbb176556969dfbe2.jpg,Turkey,TR,39.007267,35.563393
a5699c980c654ba291d758dca57448a5.jpg,Turkey,TR,39.554776,40.044032
b887a58c1faf4add949987d464a8e64e.jpg,Turkey,TR,40.9274,38.856106
8fac984f86f543aab683617f425922f4.jpg,Turkey,TR,37.124435,30.541094
492611fbc4ac4c84b254edd7f6438d38.jpg,Turkey,TR,41.174413,31.929397
f789616761e74ab99a0e44936d66c503.jpg,Turkey,TR,40.325148,27.058559
9064eff6332a44f29decf06dbe7b8ab0.jpg,Turkey,TR,37.946239,40.230554
09742083ef3840b2915faa812aa7f9cd.jpg,Turkey,TR,37.305121,30.448507
63dcf582f40e46e1829ba8d26337ef54.jpg,Turkey,TR,40.748854,40.244176
b1ae9a9990f442f0b2547ffc28e0ee9b.jpg,Turkey,TR,37.528353,29.791778
8fd2fb22db384bdcb1bee464181f9efc.jpg,Turkey,TR,39.523902,31.133649
ed3339962b904534bce968f39cf329e7.jpg,Turkey,TR,37.228447,30.503555
ce68f7e6f21647b392eeab74a5cec2b8.jpg,Turkey,TR,39.175755,27.85073
4931f3db9d0f4216ae3e001e711ae599.jpg,Turkey,TR,36.487461,32.270487
7bda276aa829494e8af682bec72fbb24.jpg,Turkey,TR,36.844217,28.755908
333288e997044d109e48281d33f26a80.jpg,Turkey,TR,40.927092,40.542772
72e12382240c4c40910a637b8f8cc9dd.jpg,Turkey,TR,39.196203,37.27616
24562c482eb64392945abb31db5ec7ee.jpg,Turkey,TR,36.831832,34.493747
9b3c6b9a443347f08e53f2967f193a25.jpg,Turkey,TR,38.584397,30.226801
54a14e785b184c329496d7aa8d0e34a9.jpg,Turkey,TR,41.199951,36.534337
0ea8e9702a8c414d9cf2b82759540363.jpg,Turkey,TR,39.894883,44.061837
40e6419049c742b1a13ad79ee1708e6d.jpg,Turkey,TR,38.248852,41.02359
e13ec51da47e415a8ed485a354876af3.jpg,Turkey,TR,40.147015,25.932565
14d799a23e7a45e383615262f8307cb5.jpg,Turkey,TR,40.324315,37.607316
d45ec253f39245d18958764f9f43302f.jpg,Turkey,TR,37.571929,41.384092
3ac1973107304b179deece2e98f97f19.jpg,Turkey,TR,36.922274,28.280009
8e2396450f1f4734839c3e5f2887828f.jpg,Turkey,TR,38.57407,41.121955
8e2a2fb6bb0946f8b04d2fa9bf172220.jpg,Turkey,TR,37.715281,30.255341
6bb56e4e081641c7bfdcaae1ed46e400.jpg,Turkey,TR,36.380901,34.024324
4c904acf4ec140df88d008ead37c3e9a.jpg,Turkey,TR,40.973994,40.314431
a3c7e82756c24566962dfe9afb4a5a88.jpg,Turkey,TR,40.961745,40.533511
a9fbd164b4344c809fd3793e6358dd51.jpg,Turkey,TR,39.523523,44.239145
39f684ca02f54c88a5fdb26c65a741e5.jpg,Turkey,TR,40.929043,35.15657
109cda5b1a794ff9b4812dee091bc63b.jpg,Turkey,TR,38.931003,36.056874
b74d9017fd2e40f5a6cb3e8ff8126401.jpg,Turkey,TR,39.578713,39.939137
e1c0ece1abbb45d19647fbdf26b08d82.jpg,Turkey,TR,38.185375,30.063727
613b2401572e4516b7be4a826b3c4cdd.jpg,Turkey,TR,39.208583,33.072174
9e89b01b908c470180760e3a142b4522.jpg,Turkey,TR,39.701748,32.816398
b94406d6ad17454da5c921cd6d3555ec.jpg,Turkey,TR,40.8494,35.628693
bb5443f19861463791c24e97262d6d79.jpg,Turkey,TR,37.057493,34.940148
f1a19dea415c41c59769979b2d1ae2f5.jpg,Turkey,TR,40.92845,40.07226
643b4b8791ea4c1db1d1cff9fa1aaddd.jpg,Turkey,TR,40.012655,42.210837
5aaf972d9f1945fea6f3c754c2e7bf91.jpg,Turkey,TR,37.619433,39.161097
c66905a7a286484682641b7dde49c4c4.jpg,Turkey,TR,40.40643,43.364708
180037e5904545158a714dabc833029d.jpg,Turkey,TR,40.191378,29.106164
738c7485d63b424ba985e8b641fa8a19.jpg,Turkey,TR,39.75942,44.142494
e9d00fde64d540fbb12a2168ab4a744b.jpg,Turkey,TR,41.465272,36.109177
ba43b7debb9d407eafd10641d6c65b2b.jpg,Turkey,TR,38.261159,30.186317
f46fafd5830841398cd678d8aeaa8674.jpg,Turkey,TR,36.911598,31.126239
2c53ec5d8f174f799e57c353cd15b2e7.jpg,Turkey,TR,39.62666,40.180863
c7414a8e3d5b4d6785a88b521d909034.jpg,Turkey,TR,39.658942,39.722094
cacc2db4927a4a8bba8a9ad65484991b.jpg,Turkey,TR,41.111887,30.534268
db043bb520214f8b9b1b70ee4ee2f322.jpg,Turkey,TR,39.561066,40.029479
51719672d48649db9799b6b7b0a1beae.jpg,Turkey,TR,38.72754,33.746035
6fc87b751570426ab43da4b33e1487ca.jpg,Turkey,TR,36.567351,36.397881
37f89b4740e5447f9f94abb8892525b5.jpg,Turkey,TR,40.696665,36.360976
56084701128641dd960964f2631e0c07.jpg,Turkey,TR,38.694065,35.576418
7c3f93a70a984ca38d03605f1111eb42.jpg,Turkey,TR,39.745047,42.870755
09ab623506714b35b0e245b9e463e7ce.jpg,Turkey,TR,38.9507,27.836685
74748e9324854b528b28e10610d6c567.jpg,Turkey,TR,36.254631,29.769181
f2dc589b1f714639af9f346a0d66bc56.jpg,Turkey,TR,38.950926,27.720077
a047768405aa4c89ab092c54e2571dcd.jpg,Turkey,TR,40.266378,37.88446
e951608f6a144072a6b0ec98392398b3.jpg,Turkey,TR,41.567105,41.570834
7fcfc6752f7a4546ac032a76345ddb12.jpg,Turkey,TR,38.993816,30.961527
bede275a07da45de997102c09566ca90.jpg,Turkey,TR,40.848302,39.652283
80937f683ce6477397ce022c72ac0367.jpg,Turkey,TR,37.202773,40.203163
9e219b61391c445baaa19752f34ccc6f.jpg,Turkey,TR,40.747462,31.413431
51d6b488912542bc88d3420fad79a5e8.jpg,Turkey,TR,37.058975,35.77008
366423c73bb2402e9deaa8bfaba0931a.jpg,Turkey,TR,38.54303,36.454291
79993bc4169048b38e19518750a9da16.jpg,Turkey,TR,36.815814,34.573226
735c82a8ba924fa985aa9ec20ff0834c.jpg,Turkey,TR,38.155943,41.774301
85a2333d2ccc469c8535ed5b5a1c72ed.jpg,Turkey,TR,37.866998,32.491757
3992feb1d0be42748b8560f5e0ef8bdc.jpg,Turkey,TR,39.084027,29.46473
c580520645124118acd2ad859ae10faa.jpg,Turkey,TR,40.883534,43.009098
376dce1f90994717aa0ae1516ffcc784.jpg,Turkey,TR,40.727107,35.78075
c147b17e02d14a04a35a7f510d7e2ab3.jpg,Turkey,TR,41.149647,31.948945
55d62afb632a4202b11c12839997a807.jpg,Turkey,TR,38.228252,41.06245
fde8c8d39bfa423e85374e84eab8f496.jpg,Turkey,TR,37.831982,40.279989
177c83e8ac8046f4a2fc913185d3f3b1.jpg,Turkey,TR,41.770849,33.459849
5f390e3280d84418910d9ef118b33fa2.jpg,Turkey,TR,38.240835,35.099689
de173982a11f45368192bc8cd5b125a4.jpg,Turkey,TR,38.447395,42.336896
f39eba766a2741018ec8debf4adc9eb7.jpg,Turkey,TR,40.6396,43.140839
dede5e43c889411dab1270a8b3ce1477.jpg,Turkey,TR,41.694752,35.355652
1b0672facf714ee7afcc5b58a3d4f20a.jpg,Turkey,TR,41.361898,26.949945
97da02aea0a54277a27c59b0c2966c8a.jpg,Turkey,TR,37.378828,36.095251
ec6912dfe5924edc8f7f5a13e37afac4.jpg,Turkey,TR,39.446009,32.865233
462882aeafa14de59e4fc589bc1d9499.jpg,Turkey,TR,38.694272,35.611705
8d064d5419fb474b8c853f49ab6cb863.jpg,Turkey,TR,37.046134,27.439955
961e07530f24434da9b58af4486a1034.jpg,Turkey,TR,40.160884,29.371821
0dc41582c308419d9c2247fa71e2ffd1.jpg,Turkey,TR,40.993334,37.875734
cbd428969cc04786bee07882993df0a0.jpg,Turkey,TR,38.470905,42.49204
f3ce06913a1b415db1ddae865db46908.jpg,Turkey,TR,37.035856,28.358523
8f9bcbc64d7b437ba371e113d264ca03.jpg,Turkey,TR,36.327937,33.428249
0933c7819f8140df8b85fa9ab5c901d9.jpg,Turkey,TR,36.961641,28.726219
ebe983680aec4465b2356c64c0066fa1.jpg,Turkey,TR,38.509879,42.278809
17dadfd993004d13b9c3314fbe37ca73.jpg,Turkey,TR,39.740129,42.940702
1f4c2f00e4f34d83989ce75320c19bc4.jpg,Turkey,TR,37.832534,39.669233
aa73da2bedea4b4abe0c9e1d7f535958.jpg,Turkey,TR,40.270365,36.544936
965bd037bea7443d872af74e0f2d52d0.jpg,Turkey,TR,37.233542,32.228785
30ab5842b0e44d59a8a75bb71e9b22fc.jpg,Turkey,TR,41.664153,26.614502
de25ce0337124c778bdc464324c400af.jpg,Turkey,TR,37.868235,41.148929
413380acf92f4ce0913116ee34dff8d3.jpg,Turkey,TR,38.851826,33.813378
9399d6a3555b4aaca8cc342cdd65b96f.jpg,Turkey,TR,38.754891,33.083116
787c8ad2560f445aa1f85bf0b12f8643.jpg,Turkey,TR,36.633191,34.344399
3a459ad6dd264e94935627a6a705529c.jpg,Turkey,TR,41.224597,36.452698
a0aab6e61fa247cf94214492f73d754c.jpg,Turkey,TR,41.0752,42.828503
f5fcc0ac8e4c44b085411a5120574a0f.jpg,Turkey,TR,40.950058,27.455203
2c043af82542433e8390aa3757b8c4dc.jpg,Turkey,TR,36.850482,30.839899
fc92b6ba23664a30b83b5e72a1f70e54.jpg,Turkey,TR,41.231874,31.975106
f6d3ef34d4454b61ba51044be208f018.jpg,Turkey,TR,37.403292,38.874127
7dff35d92e0e445584af6653f19ab6da.jpg,Turkey,TR,36.341596,33.402544
c442f527b19247fea841a6fdedf7a93a.jpg,Turkey,TR,38.202983,41.098718
3104db88d9b94dd1b28a3272e73de5a5.jpg,Turkey,TR,38.16627,26.818858
5c3ddcfda9dd4763958de673b0222561.jpg,Turkey,TR,36.355155,32.372795
53fd539294774fb89a8196db140a7b85.jpg,Turkey,TR,39.609539,40.188321
845b9c2359c94ad4b1ace2d4bae72b4c.jpg,Turkey,TR,38.706055,27.029157
fdfc3accf4a44086a07f5a65a8775546.jpg,Turkey,TR,37.350063,27.508666
a8d703a30e8b49efa91d44456fba6fad.jpg,Turkey,TR,36.103111,32.995598
65f1a2b2b68f4805b4081a759a550fcb.jpg,Turkey,TR,36.215241,29.649751
6469a99e0e97431c88ad1d2d4e58d4f1.jpg,Turkey,TR,39.090766,29.470921
e80fce4c25644fd581bb11f0ea884c33.jpg,Turkey,TR,38.299981,29.911377
a1e83fd898564579aff9a51abb432459.jpg,Turkey,TR,39.593058,39.871287
007b0d7c6deb41499dfa6e335c370d37.jpg,Turkey,TR,40.741136,30.43627
f0023aa9a3f34a98af05b676dd71ef2d.jpg,Turkey,TR,41.31439,27.680343
3ed62907ca514fcfb0000f5344006281.jpg,Turkey,TR,41.146768,37.132505
b7c3b72928c549fb8a54cb02bd8c211f.jpg,Turkey,TR,40.627886,30.331917
c78eed6832e645c6b19ad675237305e6.jpg,Turkey,TR,41.566274,33.782703
4fd17b8b4cdf46929cd34f5d80102f55.jpg,Turkey,TR,37.680505,27.379506
6a1e0156c0634931ab02c6db242581da.jpg,Turkey,TR,39.195469,37.284151
bd69a1521cb34b90aff7ab0f316018cd.jpg,Turkey,TR,41.54643,32.24802
2b50a6d549d14203a2aa77fee34dac7b.jpg,Turkey,TR,40.729999,39.637411
c8e6820dfd334584a227f3f46fe0be10.jpg,Turkey,TR,41.008878,40.352816
6d41bd32866c41f28803aae54174549e.jpg,Turkey,TR,40.880918,37.762452
c58c06b6d5cc4d36a5941303f7f67b7e.jpg,Turkey,TR,38.372008,42.737787
66018b75d94b4e5fa2a55fbf03db0289.jpg,Turkey,TR,40.851512,35.626371
5d2df909e758458193a839aaf0c28a63.jpg,Turkey,TR,38.123827,41.68768
7c48b910cfb4414cbdf5370662571618.jpg,Turkey,TR,39.34618,26.780973
817bbfb48dc5459b97b8bbcb28bd4cb0.jpg,Turkey,TR,38.934842,36.035273
3c1177c9595048afa8b38ccd614c03d6.jpg,Turkey,TR,38.33261,26.895814
9eaed50a3d6a4cc98794da471be027ad.jpg,Turkey,TR,36.836481,28.769788
1c2e2333b43e4d6ba8f06bd8a9b80d8e.jpg,Turkey,TR,40.183884,38.079536
9884077494114ca2b66b9395fced3ea3.jpg,Turkey,TR,39.655192,40.184981
bf4149c6d2e84ebeaf3910a6c8f6bc6d.jpg,Turkey,TR,40.969784,40.308182
8fe9e3f2ce7346cf864df2cbf6ede106.jpg,Turkey,TR,38.86398,35.667095
91212d9c015441dd8c9a993ad882f251.jpg,Turkey,TR,38.887744,35.591978
3072665078a64deb9262179eff0debad.jpg,Turkey,TR,39.519994,44.241817
1aed7b2c0a874aad8d6352321f19c27c.jpg,Turkey,TR,38.648827,28.980457
17ad32a9078242e3960f0db6d6a5277c.jpg,Turkey,TR,40.995947,34.647819
05de913d23c744379ef9346a89a61098.jpg,Turkey,TR,38.95656,29.356569
f5216d4b162d450d839dd7d8fae8b32c.jpg,Turkey,TR,39.06583,27.853095
4c913ce068404bf9a9fbea09cfc1fbd2.jpg,Turkey,TR,40.18315,38.079731
fe1cf855a446456faf85fa3c6d905532.jpg,Turkey,TR,38.954789,37.545282
bcfad9ed2fd64201b4eeccf9cdf6a67e.jpg,Turkey,TR,38.20074,41.09863
ab2a4b5f569145eabb050eca305409e5.jpg,Turkey,TR,40.029626,32.880176
78c12674e39849779722129560fc9182.jpg,Turkey,TR,38.203519,30.05099
f6f0b9863fcb44fc907d09cfa564280f.jpg,Turkey,TR,39.99297,38.644729
dce0c41b2052451494965cc1f0a9fd19.jpg,Turkey,TR,40.614187,43.392593
37d57266425c44efaafa9398b6a8bc74.jpg,Turkey,TR,39.342938,32.918283
21ee0f70cafa4093904b00d1383c1972.jpg,Turkey,TR,36.639271,29.1682
9e4508b519664970b02142a992cc8024.jpg,Turkey,TR,40.989609,38.779097
60ca9512ae2d49c69a9c12ae39db8cde.jpg,Turkey,TR,40.031026,32.878117
cc4a40188a1f4ce3bdddba97cab4c137.jpg,Turkey,TR,39.614541,30.850101
5399d4c7c2f34b0c9a043b16f978d11f.jpg,Turkey,TR,36.814053,34.566164
62783c0c6ea941eabc98f33911a8a614.jpg,Turkey,TR,39.037385,35.732582
63b4ca099ee846d3935c23de9e003bd3.jpg,Turkey,TR,36.406902,33.810349
91ac382332d146bb86aa513d8dbe056e.jpg,Turkey,TR,37.928251,41.632534
a08768f585a54b5cbf06cbccef9ec5b8.jpg,Turkey,TR,42.002338,35.092065
ff370b704eb74415b345ce13a68ecd13.jpg,Turkey,TR,38.753316,34.750635
a0d4159aa7774a799265280467c1670e.jpg,Turkey,TR,36.204634,36.197183
28c721e4bd4346eba333124555e4956b.jpg,Turkey,TR,41.049121,39.542383
cfb4e82153d841aabe4285f27799213c.jpg,Turkey,TR,39.160735,31.809945
38181ac9eb4742a3b255f5f55068940d.jpg,Turkey,TR,39.430894,31.015917
e213fcdc013a4672a17d80f60a5af088.jpg,Turkey,TR,39.590036,39.879933
657816fef51645d2a3de75d11e14ae0f.jpg,Turkey,TR,38.487752,28.059024
130f2ab9a6794adea8531e73b84e2af6.jpg,Turkey,TR,39.559268,44.064667
e26aaae54da0488b89d3e32a433a0218.jpg,Turkey,TR,41.520366,31.922006
68c8711f640b4baeabc29daed627c86e.jpg,Turkey,TR,38.299143,40.906905
1ef1095d42a84763861b3d4e8fe11535.jpg,Turkey,TR,39.207999,30.701662
fba5f90c8ab04bf4a346521da7d8494d.jpg,Turkey,TR,36.50259,32.080001
12e92672d8174b269b32e82bf492aee8.jpg,Turkey,TR,40.521518,36.14152
b8f1b1c92bb24b7f9783acc4fd6d356d.jpg,Turkey,TR,37.033921,43.763429
38e715a3d69b48d8814f25c936a7c5f5.jpg,Turkey,TR,36.76281,28.921411
e44b133e006f4e78875ad5f242d7bc38.jpg,Turkey,TR,38.45382,42.395646
07f9050f4345415daaca53083a814c1f.jpg,Turkey,TR,38.886565,35.590934
d7bd0734008d42958454e80b4c3d39da.jpg,Turkey,TR,39.677753,44.055049
f70b912d93f140f7a54a22fc4dbd37e5.jpg,Turkey,TR,38.827752,36.549431
0d54066af78141c8a21b03d08354cb6d.jpg,Turkey,TR,40.325496,32.491929
ee55b9ebde7245fb84f16ed5077b8dd3.jpg,Turkey,TR,37.533725,36.917944
0d3d4026bde849df9389669d216d446e.jpg,Turkey,TR,38.607953,41.150279
1fcb4a43864244259b7d8f4a00f1e475.jpg,Turkey,TR,40.11229,38.304629
e5b86f1b2a774c85a7539ced3f6a8a1b.jpg,Turkey,TR,41.072815,32.549707
8cf744ee7efb4839b2ba54d6d549239e.jpg,Turkey,TR,39.797171,44.110018
dd461b890e7b43d5833acc6efe774b57.jpg,Turkey,TR,37.212149,40.085185
152a13ef249d4efa95c51ed93f026284.jpg,Turkey,TR,41.324741,27.961821
36babaffd34940dda7b0af7e5552b8f1.jpg,Turkey,TR,37.064461,30.616619
8be84ef907ee4e73aa98fd51f7fc4007.jpg,Turkey,TR,38.672637,41.202072
b9afbc0d07974e3fabcd2b4da62776fb.jpg,Turkey,TR,37.102339,38.169775
bfafeaa4628b4d999629724fffbb34e0.jpg,Turkey,TR,38.7801,33.64036
23d8bf2490324c63a822872b53083e7b.jpg,Turkey,TR,39.01191,36.078934
62c3f2f97a7f43c9835a327e46bfc95d.jpg,Turkey,TR,39.540282,27.900419
c01888e40f2c47f09c76bc7ebc4c6687.jpg,Turkey,TR,38.468944,42.465505
5429e4e0ea0a483c9e4928d11991c58c.jpg,Turkey,TR,37.838862,40.610379
029c1b07044c4beba4c9a99d3ad87b66.jpg,Turkey,TR,40.929574,40.071086
534e3b762fbc4e119b81899799f74650.jpg,Turkey,TR,37.28934,40.712616
d0d3319ceb414b0b9f904a4d805e45a4.jpg,Turkey,TR,40.073148,38.54619
1b7bf7f2f59b4f91ad34fce05b25b6dc.jpg,Turkey,TR,36.81714,34.566285
f95cf57d2ece43f8b2c9f5b7006d5c6b.jpg,Turkey,TR,39.010222,35.928438
c0d045a584f541bfab2f023b06bf15c6.jpg,Turkey,TR,41.348261,32.023204
084b891a39f042a4973b96726321cb85.jpg,Turkey,TR,41.634078,35.516713
eabae36a4d32440c85c85bb05cfe3bb8.jpg,Turkey,TR,40.10249,35.608901
7aab24a806a7465a84dd72f2ad9178d3.jpg,Turkey,TR,37.010926,28.340427
7d4835269a224c78a4d6ca247c5f6762.jpg,Turkey,TR,41.01713,34.610662
5f3f8ac7e32c4e2594436525ee2175dd.jpg,Turkey,TR,40.197575,35.666437
ad1006f6f3bc47cab457bc9e3d84858b.jpg,Turkey,TR,39.536942,31.67007
957cf2d8544d4ec883b9a2763e8fb69e.jpg,Turkey,TR,36.323521,32.437335
747e712c7f79496caf66ba4a5a7acd92.jpg,Turkey,TR,38.512692,34.945881
5cb06e44ee964331853675b314ca40e6.jpg,Turkey,TR,41.090784,36.086901
dbcf74fea9934856947e6253ee1b03eb.jpg,Turkey,TR,40.735334,30.115311
692d52b0073842948772250fb276cb8a.jpg,Turkey,TR,40.215919,43.58449
ea486062d56946bc81cee4220ab0c543.jpg,Turkey,TR,39.558188,40.035545
a2efe4f6611e4143bbb6ee2faca37046.jpg,Turkey,TR,41.441869,31.832301
0676cc142ee94ff4a8fe5e890db0a351.jpg,Turkey,TR,39.904398,42.342804
771bb90af7f747b99abb9f2ad17b4552.jpg,Turkey,TR,38.725691,35.460687
ed91f748076341d8866a1e89a3a8ccaf.jpg,Turkey,TR,41.23063,33.298588
312b3a5711f34c858a38c98e5c88a638.jpg,Turkey,TR,38.216006,34.01376
c1a123644ef8496da20dfb77e5a5ccba.jpg,Turkey,TR,39.201744,37.242913
c2ef1316d5c345d489b6751d5177ceb2.jpg,Turkey,TR,40.362512,29.047688
a5521abbb0704f33a196e9dcb5852dfb.jpg,Turkey,TR,36.58481,36.421624
5faab3f69cc34477bdecedaa2339eb2a.jpg,Turkey,TR,36.171288,36.126764
8eb6407801ba4f38a8894615d323639c.jpg,Turkey,TR,37.808183,40.430224
ba0a413bca504d989a520d266e60a5f2.jpg,Turkey,TR,37.986476,30.285999
fd7d89845e414e449d8f7863425ca63f.jpg,Turkey,TR,38.371648,42.803309
16f4e6edcbc64163a304f63ac52e5ed3.jpg,Turkey,TR,36.145029,33.322853
63e057eb1a3d44b89abc349ef1862ed9.jpg,Turkey,TR,40.711754,35.970284
8223d70ec9c949558ea1a65f2c58ef75.jpg,Turkey,TR,38.337797,26.863291
3e22feff3ed5493c82c23bd0a2d8849a.jpg,Turkey,TR,40.182693,38.079849
facf6c4253ec42a7862972c8d1491e43.jpg,Turkey,TR,37.634792,41.419543
246398e261ac4ff89830b2a0fe271c96.jpg,Turkey,TR,40.84288,35.49093
b6d3613dfc89478b83abca45b830e422.jpg,Turkey,TR,39.942946,43.991309
52382b62f03846a38b788332e2ec527d.jpg,Turkey,TR,39.445754,27.633439
40dd1594f4aa4431ade11174347ba3cc.jpg,Turkey,TR,38.669266,29.189341
b415ab09842847b0bdc812361ceca98d.jpg,Turkey,TR,36.878162,28.636278
28554f757259421b96b0844f188a9af7.jpg,Turkey,TR,37.952784,41.808914
daa6b45f058a4b7ab24141dd78bf9c0c.jpg,Turkey,TR,41.133681,27.858903
4e95ac4518214f6885615830e9790564.jpg,Turkey,TR,40.148921,25.929809
700c381a5ef64db888b3de8a02740cef.jpg,Turkey,TR,38.123976,41.691591
aee584288e8445de874d706ac0ac992e.jpg,Turkey,TR,40.296074,32.472457
23c95e454db8478e92b04f3b6790b4a7.jpg,Turkey,TR,38.316743,43.10147
e841dc6907fd44e4a76c61f6d58f969c.jpg,Turkey,TR,37.273831,40.687948
c3a93e4a8e884341af0abc19edb56b5e.jpg,Turkey,TR,36.857952,30.623418
652f8e8bf8404c83bcd1c7a1d3277f9d.jpg,Turkey,TR,38.946104,36.04104
0e4be5d5098b4f11a29bbb29072df38f.jpg,Turkey,TR,38.455411,30.263784
3268fb6f872c49fab7a7d86bb1cf0e09.jpg,Turkey,TR,36.330829,33.661533
c21b266b63d249de95aae8092e96dbac.jpg,Turkey,TR,35.967369,36.034759
1ba2ac638c384a01b3c05aa5263a623f.jpg,Turkey,TR,38.457435,27.32656
86eaabd5b3194dd3849c47e8abf7531e.jpg,Turkey,TR,39.851612,34.078153
5e2d280121234ffc92150fa45fd2b4a8.jpg,Turkey,TR,39.368442,33.770666
d978f798d54745fa83aac497be818b41.jpg,Turkey,TR,40.982598,27.491377
c0283bb437ed4dbbb4811bcd9c41ddd6.jpg,Turkey,TR,38.304725,43.145444
9be2fe48d4e54702994b76c01d97e668.jpg,Turkey,TR,39.846239,33.450381
b2098a24ac8f457eb44a0cd0d0ecb332.jpg,Turkey,TR,37.028163,35.4501
9c68b84ce24a4d13bee7b1c102b33edb.jpg,Turkey,TR,40.546478,37.234002
68fd991ac9a4495e9b7395cd6bc8dd88.jpg,Turkey,TR,36.941184,31.219339
d37dbb1e53b14a2494a7744588e948b3.jpg,Turkey,TR,37.511398,30.548993
d772e3a3c2724058ba090b17431ea559.jpg,Turkey,TR,37.399629,34.859916
5c171b664ee04700a77c714e2bb51d60.jpg,Turkey,TR,37.186347,32.232563
c29b2ce01d484ffbb03ef1227ca6e42e.jpg,Turkey,TR,41.285975,33.78047
394a037d4e8d48c0b46def7e7440574b.jpg,Turkey,TR,38.882632,35.130271
dd4bd7228c1543419094820a59e2f1fe.jpg,Turkey,TR,40.170891,31.300425
90bbb9b1036540b88ba14dc788c99b1e.jpg,Turkey,TR,39.615923,43.7202
1541cd0e061f4001a0d4d6516dcbadf8.jpg,Turkey,TR,39.448099,31.570281
01a2d85b99ce4b70b5fa7947c07349a4.jpg,Turkey,TR,40.262079,29.147448
b36c864ed14c44b0ab42bd7740bd927e.jpg,Turkey,TR,37.39624,35.776859
85e78c7b0188440c8f8ee61f3d90bbd9.jpg,Turkey,TR,38.95736,29.362761
fba4dac576fa4b9c8e10e3cc6b23eb86.jpg,Turkey,TR,38.81942,30.691664
7d1dd1a3f8e24f89990177f889ecc86a.jpg,Turkey,TR,37.229629,39.689374
b68169ce8e2140739f3fa51c1fa98d14.jpg,Turkey,TR,40.548719,29.350429
02f49a8f8a614cc1a870d1d9003ec954.jpg,Turkey,TR,39.524323,44.238627
4a08c1fa8533450484855060e6b41ee3.jpg,Turkey,TR,37.022185,30.176414
a9c43040f5464188b1b73ce5f5029e6b.jpg,Turkey,TR,39.478228,33.875835
1c4ba0da46654553b30a078691683afc.jpg,Turkey,TR,38.249584,41.022659
19bcf4b95b534268be28266f54a3302a.jpg,Turkey,TR,38.454776,27.312721
b74df949dfc8464d92b4bd422905e8ef.jpg,Turkey,TR,36.674129,29.13136
3db3b91f88794476b7c3e4f4bd88f8c8.jpg,Turkey,TR,39.945716,40.802781
c7431fc92bb941dfa59e1dac12c7e948.jpg,Turkey,TR,40.470279,31.595921
c18cd7624613448fa9c55a3a2b9bc11e.jpg,Turkey,TR,39.084139,35.858293
c276ae69cc024d37bcc519421f25e608.jpg,Turkey,TR,39.08802,37.578245
c34e20f2c8334aae9704c913cd9e7b38.jpg,Turkey,TR,38.645923,34.905729
0933fe88fc53443489a88c553c0a69d7.jpg,Turkey,TR,37.110762,30.616313
e61f387973654bafae445e9a0e365754.jpg,Turkey,TR,38.443244,42.320859
b9fb41ab067d4e5ca789902872d63eee.jpg,Turkey,TR,39.21845,31.347428
77c17dc70e76452e98b7a00d4a077e87.jpg,Turkey,TR,38.19485,41.100899
477a27cef95f4125bc7e344a133beb98.jpg,Turkey,TR,40.544976,43.201066
6fb229007756437082764666ba72b18d.jpg,Turkey,TR,39.52427,31.13215
123f8643cb34457fbb7e122dde3357fa.jpg,Turkey,TR,37.577486,38.946254
b93617aa28864348b68a570591a64d5c.jpg,Turkey,TR,40.392365,43.408347
39360b399e004ffea55fa7b6ab200388.jpg,Turkey,TR,37.344653,41.349896
848043c6ff124bfa9e4079466922ea81.jpg,Turkey,TR,39.474433,31.326347
65234fc0bae8405488a5817d7b25d8a0.jpg,Turkey,TR,36.215915,33.532584
3721922c2be541ffb258ccb025676784.jpg,Turkey,TR,41.036756,42.860677
3cbc96d4b43d48a0ac9612e2805d4b09.jpg,Turkey,TR,38.47864,30.249796
0cdce1ecd08a484a97ee712f1f439bb0.jpg,Turkey,TR,40.394115,26.870243
39edffa5aea34a87a31358f7edf6dae1.jpg,Turkey,TR,37.138737,44.336239
968fa70daca14d9cb65e04796351d024.jpg,Turkey,TR,38.509456,42.278967
acf34b209ebd4c3e84e9821274f8dafe.jpg,Turkey,TR,40.005743,42.21293
b9142ab075114a00aa248de42936d84b.jpg,Turkey,TR,38.391233,43.188035
dc5bb19a64a74b5aba257d5f4926b4f4.jpg,Turkey,TR,39.549945,43.933988
b4cd1277737744e9b04073fb29877b50.jpg,Turkey,TR,37.5436,27.348292
212270b517504f6e93b7676daee61b11.jpg,Turkey,TR,39.248501,30.901392
140a60b95e404214b9147f6745bcbd39.jpg,Turkey,TR,37.25257,32.211046
d5cdb7d269e6447787531003e4420328.jpg,Turkey,TR,39.083451,33.903759
9812ca576d3c4be0a22a4a0950ca0112.jpg,Turkey,TR,39.707814,30.692361
7b1d2f33c98a41f19485719165678dfe.jpg,Turkey,TR,36.915397,31.133254
4ef8d44ac5a045e09717428b5040d61d.jpg,Turkey,TR,39.589818,44.055451
6d00b84e3b914aa6b2a0ec23ea708cbd.jpg,Turkey,TR,40.875985,26.518914
8d34a5885af9466e88794caeb869eb8f.jpg,Turkey,TR,37.78384,39.490982
a592fa160a304354921ae9ef9dec9e7b.jpg,Turkey,TR,40.966901,38.617425
97694fe9554645c3a9c1ebaaafc2582d.jpg,Turkey,TR,40.691308,43.164395
8aae3512beb04a158ad9fd4b6ecf4931.jpg,Turkey,TR,38.468928,27.593808
685e1b287bde4ab081efcc35aa959748.jpg,Turkey,TR,38.51122,35.181491
4940bc7ca2b34fca819de4fc5bd8921e.jpg,Turkey,TR,38.096833,27.372891
586fb2f83a5a4ef98cbdde17aa49c71a.jpg,Turkey,TR,37.84027,27.245945
abe9c1f9e27a45d6b695499813175b8b.jpg,Turkey,TR,40.896537,30.356028
fd574e3ad53f4d899d2a63fc60174c3f.jpg,Turkey,TR,37.202984,39.221144
c9631fe71ed240a7bdc64af4c5bbcf97.jpg,Turkey,TR,39.51939,44.242153
18b30318cfd7473396634c1f2479c8e7.jpg,Turkey,TR,40.718496,30.434179
71f9948ce5de4dcd974c07bbf61f2ebb.jpg,Turkey,TR,39.872546,44.06372
4999b9b433d248758aaf95c8ddb45dd6.jpg,Turkey,TR,37.399192,40.951235
8bb47ccc738e464696bd470f92917e83.jpg,Turkey,TR,39.805486,44.094734
0c75a9da43284d178846b4253470452a.jpg,Turkey,TR,40.515468,31.619226
5e49be01937a482e81014e89bf913cdc.jpg,Turkey,TR,38.324818,43.189121
890cab81d2e342f9875447a4e10946f4.jpg,Turkey,TR,41.167039,28.391396
d8be036b89ea4a188ff5b79391c0139a.jpg,Turkey,TR,37.88537,27.271146
280c539a3b5f4749bb190f9842a4a49b.jpg,Turkey,TR,38.321575,29.868116
4ef8ef556d1340a1a2138a0ac99fee9b.jpg,Turkey,TR,40.785455,35.113952
8a4c1e67b7d14ec9bc534d21fd0a424d.jpg,Turkey,TR,36.457739,33.962671
18ddefceb8074bca91f4a0b5e7243f7f.jpg,Turkey,TR,38.288011,41.104586
4c40a21734d54ca6ab74f43db7f39546.jpg,Turkey,TR,38.514323,27.960818
9e62727071fe4b519511046bc2a8af3a.jpg,Turkey,TR,41.637294,32.325089
0b85e0ac01e54275ae9a23ea5b3bafd0.jpg,Turkey,TR,37.602148,34.742611
4aedd276966d4867be424ca45a2d3b60.jpg,Turkey,TR,41.442866,32.420501
2a1dcb7afeca49f5a4830eabda96a11d.jpg,Turkey,TR,40.270893,37.877089
f391e7bdba4a4e2db0a5e27a4ac7cd68.jpg,Turkey,TR,36.145184,36.210803
57ec9f1f344148ca8e82a47294d5ee3a.jpg,Turkey,TR,38.190585,34.201296
bd472654755d468a988c571d8d0a8c5f.jpg,Turkey,TR,37.207007,33.067103
9d6f56c57bed45c2a668fe8a3b25a5b5.jpg,Turkey,TR,38.424074,42.125946
d4b38ca7d4b64afc9f8164b3ee8d9b9d.jpg,Turkey,TR,41.22102,36.521873
367b57ff3a8240c2ba513919564c2b2f.jpg,Turkey,TR,39.008833,34.753717
b0e61559165a4551a2f4bcb3109d0755.jpg,Turkey,TR,41.054483,39.231889
94050e8baef549b397168d11d1ad3f16.jpg,Turkey,TR,37.994249,30.289767
05620bec498949b1849896dc3ac88f13.jpg,Turkey,TR,37.223707,39.870056
61bc96a0c3d24214883b204f2246ce21.jpg,Turkey,TR,36.507503,33.711889
3a6457a32fd14cda8d2e808db68c4170.jpg,Turkey,TR,38.271105,40.949906
d0781ddea1174606a2571de865c02f93.jpg,Turkey,TR,38.891258,35.59464
51c59002cbe64dd1b5453af71216d8e1.jpg,Turkey,TR,38.912923,27.825505
bc49ba27cf3848b6aace26eb262053a1.jpg,Turkey,TR,40.877845,37.76063
98df9d866ece44109f687ba4752a1b31.jpg,Turkey,TR,41.515378,36.021809
b4fcac1158084510a3b939a393a114e3.jpg,Turkey,TR,40.915877,35.640699
542c9e88ee344371a84aa947787945c1.jpg,Turkey,TR,36.801284,28.817346
4caaf8accba64648b30b5f9c20b119de.jpg,Turkey,TR,40.568817,36.033407
425a9b210a3c40659a4d45a5c28c6929.jpg,Turkey,TR,37.506818,41.44583
b08b1eca1a70412bbb87003574df7756.jpg,Turkey,TR,35.967913,36.033367
bbaba6e1a2a54d668d20323e5de5769e.jpg,Turkey,TR,39.562467,44.063764
bb075d20b329471bb4e183a2ef4226f2.jpg,Turkey,TR,37.473438,30.56402
9463d1e21eee4bc1a6c04208da3f257a.jpg,Turkey,TR,37.702494,27.189776
7ec6b02c37fc46338cb0775eadaad9e4.jpg,Turkey,TR,40.999268,31.992333
45bb52d6b260450db5f5d48db5194e13.jpg,Turkey,TR,38.528378,35.526618
75ce1f04b9994d2e819744ef07b4297a.jpg,Turkey,TR,41.023815,37.804793
5cb9f10f32ad4aebad4a46a6e11b2547.jpg,Turkey,TR,39.985511,29.963758
a9c99a7147034b99afe6ff7ce7c01598.jpg,Turkey,TR,40.012662,32.715546
b006abc20dfb474f8f260a69d6bb91e1.jpg,Turkey,TR,37.571273,41.382193
7ff7ee8353ba47818f4b9ae7c60b836e.jpg,Turkey,TR,40.164124,38.080937
3a44efcab3ad4bfb8971fcdb8ed07f12.jpg,Turkey,TR,40.471631,43.327216
025aebdfbf544dcd8c09491fd660f8a3.jpg,Turkey,TR,38.671617,41.199049
3a72cd7f3fae4d6097b9d205a9af822f.jpg,Turkey,TR,37.947871,32.533801
5d0906eeb0134f6c98e4faeb67846fca.jpg,Turkey,TR,36.632633,29.223868
5c2466da5a8e43df87eaed837fffe323.jpg,Turkey,TR,38.397965,33.513222
1651d68450934e74b7b747e18afd3033.jpg,Turkey,TR,41.167641,31.930209
6eb9e0c042e64d50880c7cc218909171.jpg,Turkey,TR,36.923698,31.247381
2e136eaaaac9411f994e5c94ea79d0cf.jpg,Turkey,TR,38.020759,33.552473
af0acf115e1b4e798fd22dd948a2514d.jpg,Turkey,TR,39.212922,37.36006
1de6ad5312124fb8bf743b3d25df4f97.jpg,Turkey,TR,36.81889,35.586553
1d8787b368d04ec6a4c03967cc468ea1.jpg,Turkey,TR,41.525445,32.047978
36140f6ed98c44b68ee6a79b6efd8fb6.jpg,Turkey,TR,40.182597,39.434952
13394b67c0ef4065bb0b3c6db012fee2.jpg,Turkey,TR,38.931696,36.056218
0abc3ea7d98a486ebcff13c3ed682c55.jpg,Turkey,TR,36.924922,35.410655
abbabb9ba44c4beb967d12d755348afd.jpg,Turkey,TR,39.566686,27.039999
5250d40ddca548f0b496fbabf58ceb42.jpg,Turkey,TR,40.910299,35.638072
726ea475701e4a2aa30079bc950132fb.jpg,Turkey,TR,41.219019,28.466169
55e88598998641e0914d59486f6627e6.jpg,Turkey,TR,38.946792,36.044773
243e930349ed4c7696cbf47d5fd54d43.jpg,Turkey,TR,38.513018,33.415993
024c686452fb4bf1830effd5d28a8a23.jpg,Turkey,TR,41.855755,32.819442
b21d4246a19646bfa6169a10e88d1c52.jpg,Turkey,TR,38.647272,33.978291
3c6fd1e5d5844233a5d86f562fd3d00d.jpg,Turkey,TR,38.350516,27.149765
f0ca7e171adb4a929eeb5de7d192b52c.jpg,Turkey,TR,40.983443,34.749593
96af394415eb42e4be424ab60e14a768.jpg,Turkey,TR,41.823263,33.258729
005658d1ba634559a38d1c7ebdbf7f21.jpg,Turkey,TR,39.125923,30.16177
d6138129569b4df28ac1d88333eebe73.jpg,Turkey,TR,36.707765,33.13097
af9ed71ef4504babbbae58e1b3f7b88e.jpg,Turkey,TR,40.245439,38.973363
10e471a767734de3958f515f679239dd.jpg,Turkey,TR,37.664691,39.233626
6e1b467e3aec410db464d029bdac0548.jpg,Turkey,TR,38.593885,36.429589
2353a1b6ee934471af7c693149538e18.jpg,Turkey,TR,37.582785,33.942038
b731f469dd7e46c4bf807b03330b81d4.jpg,Turkey,TR,41.263993,36.295249
cc30d2d88b8445abbe9c7fdb276c5b20.jpg,Turkey,TR,39.473857,33.535726
5ee9502387744542bc1dcbcff4795e61.jpg,Turkey,TR,41.343285,27.45257
2c00206fb99b41df96648360e3a7e611.jpg,Turkey,TR,40.565718,35.992789
5c4c2306941a47f9983c931d9a66cdee.jpg,Turkey,TR,40.575924,34.841295
48dd3c6be81e4b14b0bde9d205cbd9c9.jpg,Turkey,TR,39.175179,27.850352
fdfeed4450274ca282157457d2ff5538.jpg,Turkey,TR,40.786514,35.678883
96f761ccdd7c4e979bdd6360964bc848.jpg,Turkey,TR,39.139732,31.219835
78732f84a3c044d186db05bdbf1df65f.jpg,Turkey,TR,36.252412,29.956167
86bf06b603c54715b231d59e47211ebe.jpg,Turkey,TR,39.539955,43.988424
93af5792961b44719e8c643567fc6d5f.jpg,Turkey,TR,36.407945,33.843991
d7e05f6f9a5f43a18afd85b8c7020d40.jpg,Turkey,TR,41.244925,36.399143
211478e6f3634f38b6fd5829cdf88256.jpg,Turkey,TR,38.263719,40.958063
69440c67ccf8422c82d71e551d8e385f.jpg,Turkey,TR,39.540534,44.001591
3c21f673a4974ad09e0c05ab954222cc.jpg,Turkey,TR,41.41228,31.905386
a22a2ffff72149bd89e22c58c57abf24.jpg,Turkey,TR,39.932911,33.831631
8b304d7d96884817ac6afa503352b72e.jpg,Turkey,TR,38.252545,41.016081
939538b49c764308ac2d4356a65bb6c8.jpg,Turkey,TR,38.784368,35.455759
e4c829e6319d40deafd9855e33da7d68.jpg,Turkey,TR,40.989417,35.711736
dc9f02d61e5b45689968e4bc6368f516.jpg,Turkey,TR,36.996556,30.16285
1b0c4e013984430491f533a123f867a6.jpg,Turkey,TR,38.66598,41.203076
26ead912f57847b98c7403f478bd24a8.jpg,Turkey,TR,38.144117,27.329551
bfb2677c6d6f446ab990c75011366224.jpg,Turkey,TR,37.863667,41.154232
266541d519f34c0bbe72a1e0993e3f56.jpg,Turkey,TR,37.859038,41.105254
56b09a522cb940dd8db866b9e6f148f8.jpg,Turkey,TR,38.706672,35.454631
540d4c7529ea49e8840fb13840435196.jpg,Turkey,TR,36.817293,34.565584
3f7d05c114de4823bac28c00802c78b4.jpg,Turkey,TR,36.944458,33.271389
17c0673a827143429d381e216f3e6bd6.jpg,Turkey,TR,41.105806,30.533168
1db0d2ebba654419a77bb8d97b0b7367.jpg,Turkey,TR,39.794864,42.554342
64ec025bad9f4b94918f172f28a4eede.jpg,Turkey,TR,36.511396,33.721243
638b570d219d4978bcac659b4ceec6b1.jpg,Turkey,TR,38.951585,37.547606
1e462188fc03416282152cac0f54f8e4.jpg,Turkey,TR,38.017554,41.774404
c9b4cfc22cdd421d81358aeb92f74aa5.jpg,Turkey,TR,39.869188,37.76076
aeab1fd4c4b7483e9d1a8f9dc25b2bd0.jpg,Turkey,TR,38.057772,40.572693
2a4d211f3ed7430db75b55b45214d4d1.jpg,Turkey,TR,39.799968,33.491669
eeeec685b83f43cb8af3c3f7beef86f2.jpg,Turkey,TR,41.515127,27.716297
c623703cedfc4b2cb1d87325305a90f1.jpg,Turkey,TR,41.53093,27.837857
e54c7f2f13424424b6af8f326f164660.jpg,Turkey,TR,39.781665,42.755866
914c231eb9f14f7ca2e40648783e7d93.jpg,Turkey,TR,38.201675,41.479896
5835ee6edb4a4320ab7ec8b36c42f65f.jpg,Turkey,TR,38.839054,27.717747
4f34918abe6f4fbc8c5ffe6ef309011d.jpg,Turkey,TR,40.667486,26.963609
92276749810244359ba783f5839dc6cf.jpg,Turkey,TR,40.956067,40.032044
ee82f1ded2d94fc59fdfd6b61a2a50fe.jpg,Turkey,TR,39.149782,33.291651
f17402f3fefb443383b3b140c6213303.jpg,Turkey,TR,40.989824,31.202115
7cfebcb32cab46558e3bbef9b293880f.jpg,Turkey,TR,39.537159,33.131806
de727a6ebb2f49bfa017e8da29529503.jpg,Turkey,TR,40.163973,29.367501
35f0fd4b5f5f4ecb935614b8ad440abe.jpg,Turkey,TR,40.124544,43.629412
742162b854794a449639b9cfcfc96edd.jpg,Turkey,TR,39.740085,42.935207
7109df9423c14bcaa34ba83978e0ab24.jpg,Turkey,TR,37.867859,32.49473
ac4da04be76142efbf56f74097ad756a.jpg,Turkey,TR,38.745985,35.345609
06e36eb9d45a42bf8ab912d095d46dd9.jpg,Turkey,TR,38.307038,43.01549
37a79e0a0f044c52bc71581ebf665c1a.jpg,Turkey,TR,37.403926,34.868201
d6e57964e6c541f1a2b910b64a508fad.jpg,Turkey,TR,38.696322,35.115604
ba2e6896129042248dff98276e82df3b.jpg,Turkey,TR,39.111804,35.682034
485aea047db142a5957bb1a1721ba75f.jpg,Turkey,TR,36.437394,32.209415
121f90ce52734780904d2b871e33c6ce.jpg,Turkey,TR,36.716015,30.56104
7d7cb9db19734430a737d12500608113.jpg,Turkey,TR,40.726396,39.638332
c06822960ff64cab832b81a32bcc1048.jpg,Turkey,TR,36.281794,33.482903
1b0904044b344722bff1e9364a550025.jpg,Turkey,TR,38.443551,42.320676
e4b05a6dded74fda9875ddc6e6d5b623.jpg,Turkey,TR,40.399815,29.999134
69fc8d6663fd474bb9ea6f518a1f3d62.jpg,Turkey,TR,37.753412,27.272156
bfa30a99f01644dbbd2323bbef3a4249.jpg,Turkey,TR,40.229892,38.048801
df710be349cb4c54b623d3986b3b40b6.jpg,Turkey,TR,37.918798,29.11447
bc9154f88eab4159b53c864e41885481.jpg,Turkey,TR,40.012733,41.980479
079d02d4b35347b48b2b254f27831092.jpg,Turkey,TR,41.619874,35.574191
62e537f97eeb422a90f8ec56a7e424d4.jpg,Turkey,TR,37.101373,38.173689
a03c684323614940b986897150697de7.jpg,Turkey,TR,38.690588,35.61452
5aa0c4eba96a47e188da67e09e104edc.jpg,Turkey,TR,38.271186,41.09903
9f9f9f2b640643bf9efb7d48c1beaac8.jpg,Turkey,TR,37.045993,30.621952
7dba9dd2da9c4ceabcf5c1e8aeb58787.jpg,Turkey,TR,38.982479,33.940907
85be0f9aa5134568b5161246fca72f7f.jpg,Turkey,TR,39.558199,43.8849
b24864735ae74e95964a700d008a9241.jpg,Turkey,TR,38.371668,42.799228
ba0949659017442296ffbe702ee9c7eb.jpg,Turkey,TR,36.647997,29.183829
e756ac4e0e5b4c909eca8741afa2283f.jpg,Turkey,TR,37.778842,30.522679
d19dc8e5990f4a0d9829f4be2c4152a6.jpg,Turkey,TR,40.746809,36.354833
65f06c4bea8d4643aaec53e255037022.jpg,Turkey,TR,36.334401,33.659188
31eef712fa134fa6bf70e3c97f95a85a.jpg,Turkey,TR,39.657087,34.545756
b7845d69e559472fba4ffe449fc99864.jpg,Turkey,TR,39.533479,31.09653
a066f035137b4cc4adc798e4266c46d4.jpg,Turkey,TR,38.005073,27.428243
f18f5c88b5394ba7962d6455f5ea4c6a.jpg,Turkey,TR,37.088642,34.944621
5ff34a51157646fa9ff33b3090127a27.jpg,Turkey,TR,40.206379,39.431122
68d7118434904f90bf38f4f796e25adc.jpg,Turkey,TR,37.409408,35.782476
e57c5807e6084ce0ac15ee24b3b43381.jpg,Turkey,TR,38.554539,28.061923
cfe9b91aafae4b079839f7c64239003d.jpg,Turkey,TR,41.642205,26.7513
83015a43ad144f47ba26fe5e68ad3e3d.jpg,Turkey,TR,39.936478,32.787185
a85e1ae87e9b4a6198ea6661e8e6866e.jpg,Turkey,TR,41.859552,35.079983
14e45668207e4eacb9bc5994e213dec8.jpg,Turkey,TR,39.594631,39.867247
056e72f9141a4f52ac338fdfd34d42f5.jpg,Turkey,TR,39.434617,30.677406
413780a22f164cdc90e1fbba35cedcba.jpg,Turkey,TR,39.352844,30.038543
af3f21f7378a4f8894834450d80535fb.jpg,Turkey,TR,38.73891,35.35651
84e49f3a8c4647f49d9578538b831dbf.jpg,Turkey,TR,41.062521,40.779305
b258d616631d4eb38255f746355adbda.jpg,Turkey,TR,37.483791,30.564502
5f0a518d0533434e8e217aa05914d601.jpg,Turkey,TR,40.874086,26.985467
685d0d57832641d8ae36366ff1d8e9bd.jpg,Turkey,TR,36.532463,33.588648
cb5decc726944d33945fc3eeb71cd9e2.jpg,Turkey,TR,40.868218,30.473355
097943d29b294cd0bc4dab8afb128c04.jpg,Turkey,TR,39.227694,33.030882
1f3d3c13476a48869f6fe16aa0d4e82b.jpg,Turkey,TR,37.506547,37.00308
3719c572ff4a4d1096b599c72f5280e7.jpg,Turkey,TR,39.204321,30.715118
d61f1808e1a44a3f99673644685da897.jpg,Turkey,TR,39.45114,31.440788
d85d293a48834dc4b2b94e8f2e708000.jpg,Turkey,TR,41.879808,27.988952
5cbfd05eb5cb4e8babe0aa85b8842dbf.jpg,Turkey,TR,38.485231,42.295997
5298142342f340d398af5499bef83dfc.jpg,Turkey,TR,40.681634,36.551816
dcbedf545b754292992b28e9a0572f4f.jpg,Turkey,TR,36.167091,36.131945
08c8549f87e04e22a880855bab2267d6.jpg,Turkey,TR,40.104911,29.467789
870884bebb344eacbadfde6c37787408.jpg,Turkey,TR,40.787337,39.983244
ac742eddc36f4e2b8d2052d853858e73.jpg,Turkey,TR,38.336769,26.904546
1fb46dbb61654ab99dc6deb75f180721.jpg,Turkey,TR,40.157735,25.818914
b165d20435a44270bbf00cffade41d73.jpg,Turkey,TR,41.344256,27.449796
a32ea681d20a4f80b4954753a86fbbf7.jpg,Turkey,TR,38.657967,36.077699
1a80cc1b924e47bd84923408ee2420a4.jpg,Turkey,TR,36.535977,33.454614
a63d6f05c3734decbe47ca56e9e2b824.jpg,Turkey,TR,40.311325,36.542728
298f65c91cc7451c83fec1ee86265345.jpg,Turkey,TR,39.551326,43.926909
2559637850ef4173b098944f04e01b2a.jpg,Turkey,TR,39.988068,41.520383
2a1783054ef64133b8b98735bc826db0.jpg,Turkey,TR,40.493223,32.301374
2d2db86032224b4fa5e741c6fd993d5f.jpg,Turkey,TR,36.986896,34.968208
979d4974a0474b32aedecdcdd3b95144.jpg,Turkey,TR,38.95388,35.593001
c7588eea1d86408da77804be95032651.jpg,Turkey,TR,40.854263,38.866651
42b3869a8b2a48119eea1f9ff46f5799.jpg,Turkey,TR,38.032097,32.642387
91855e0188134adbad5148fb28a4f5a6.jpg,Turkey,TR,36.536438,33.454857
385cf2346fda417291a62b976ce26dd8.jpg,Turkey,TR,39.567235,39.977494
c922878106784781844fa2640dadcd8a.jpg,Turkey,TR,38.334214,26.897962
9df84ea264c14811a70b5b22a26092d8.jpg,Turkey,TR,37.839923,27.24608
93c3791f203a4350b602793f2f97c11d.jpg,Turkey,TR,38.591998,27.956172
7c64be6ba89348fe864277ea932d7e2b.jpg,Turkey,TR,39.451542,31.437491
aaca9c763359403db44a21df33086f08.jpg,Turkey,TR,36.905317,31.13108
671d4f92f9df4a99a04461e6cfd30a08.jpg,Turkey,TR,39.872539,40.645649
f4193b37084d4946bec790557b074b57.jpg,Turkey,TR,39.16591,30.142768
19d33960009c42f397ecc8d1e486641e.jpg,Turkey,TR,37.088518,33.255519
08f81d5b8ef944f0a6fd6b0dd85fde4e.jpg,Turkey,TR,36.838576,35.627548
a1d72c6f07174c3cac8630978c1b11a2.jpg,Turkey,TR,40.307029,40.120247
3b11beb8ff1b43e098ba12ae553f738d.jpg,Turkey,TR,39.861862,38.205294
ab4e227946a840cebc2300fcf1dc43fe.jpg,Turkey,TR,38.73468,35.57489
f48092e150a34847a6630c58f9cae186.jpg,Turkey,TR,40.81573,30.431976
eca668d91c744988971bdc0ad7419626.jpg,Turkey,TR,39.198574,31.315228
6486c0c9305c4d66ba88834a24131476.jpg,Turkey,TR,37.059845,30.617627
b450698da0b6433abdc7298c40eba20b.jpg,Turkey,TR,36.410027,33.808137
0457cf63deb04551bdae61b497339dad.jpg,Turkey,TR,36.901781,28.273484
8b252b72c04446109dd3cf3af18168f8.jpg,Turkey,TR,39.604715,40.184767
9d69a6d8e4804d6085b67c5c386f67b9.jpg,Turkey,TR,36.79093,31.380989
8ada2addcd1e4224a49c6ad4187170f6.jpg,Turkey,TR,36.808265,34.5114
f2f313d9002f41ee9bc64dcb0be0be49.jpg,Turkey,TR,36.226584,36.132054
680af7e03b734a0db2d4b7f5706d7007.jpg,Turkey,TR,40.587531,30.325543
5485715bdc9a480db0b5ce125255016c.jpg,Turkey,TR,40.391804,29.456193
2039fed113a04d7f89034f4a12c64e61.jpg,Turkey,TR,39.039094,34.550869
e5ca7d0bc0cb4130a5d46fab6b025cd3.jpg,Turkey,TR,40.062761,40.428643
eaf7f1c4526a41768e5a2aebb045aba3.jpg,Turkey,TR,40.928778,35.15705
f87cfc2d8a0e4837a619fa6f50f62da5.jpg,Turkey,TR,39.560536,40.030707
b53a8e99b4324f559a7885b2fdc7ff13.jpg,Turkey,TR,37.597876,34.744383
42e1f211711d4fc58ad166c8368081eb.jpg,Turkey,TR,40.990047,39.802249
9de34b96632c499c8bc7d4e6e3fc519d.jpg,Turkey,TR,37.912698,30.488287
92936f82c41a47d0b5e5e8cac3ee721c.jpg,Turkey,TR,39.550074,33.220289
9a525dc86ecc48d28587bde846f4a2ac.jpg,Turkey,TR,36.857938,28.254946
d6a0f59cd0784c67bb80ccb874728739.jpg,Turkey,TR,38.018659,41.775604
d1f607296266477a8b9af023b2ffb91c.jpg,Turkey,TR,38.692554,35.577662
a544f4ab48fa4a31ae39041d6fe49936.jpg,Turkey,TR,38.82007,34.043699
563c17f08908445da1a48b882a99b825.jpg,Turkey,TR,36.858162,34.471225
f4c0a744308249a1bcc861bc0165e497.jpg,Turkey,TR,36.599872,33.78626
7b9d310c25c7427695a62de25f4eab06.jpg,Turkey,TR,39.632693,40.178891
e977d35ac3f04d58ad7ac5031928dfaf.jpg,Turkey,TR,37.511912,30.543635
c66281d495d346a1a8bcab87714c0d78.jpg,Turkey,TR,36.998985,28.562815
65e22f9b309b4eb6ba4b780fb5c00f24.jpg,Turkey,TR,39.889285,33.672381
3dbfb79ef83f436cb95c40f89e11abe6.jpg,Turkey,TR,36.380153,33.937964
228071e72f1b4cf38e40c4bec7968eb1.jpg,Turkey,TR,39.568996,43.841361
5b6712b1d271400a96a34348b69ca84d.jpg,Turkey,TR,41.773651,32.477228
243c2a96ec9d42d9b72fad8d37142dfb.jpg,Turkey,TR,38.758216,27.907255
13c3424698cb4653ae456d4665370a25.jpg,Turkey,TR,37.177751,34.862019
5934e94fa65a4109a16adbcfc2bb8c24.jpg,Turkey,TR,37.228693,39.672141
a605b4648d53413f8fad887f8c04acc5.jpg,Turkey,TR,40.144092,26.378509
cbc200b001bc44d0a919a05722eed2b2.jpg,Turkey,TR,38.817606,33.908362
f6cbb626bc3b444aa9f6ce39000a775f.jpg,Turkey,TR,38.34582,40.902182
ff322aa6fef14abf97d3968c675e16f5.jpg,Turkey,TR,40.864768,26.758173
f3a44d857f4140d98a09a7233c7d758d.jpg,Turkey,TR,40.938243,38.217959
8fbcc37faf8c471dbc19aca2cc51179c.jpg,Turkey,TR,38.324498,42.923129
a3cb80440a0540aea618db22d846c9cf.jpg,Turkey,TR,41.016711,29.27001
d858de9923094758ab3d089abc5f6c02.jpg,Turkey,TR,37.04994,27.38825
446f1b7e3a3e49a6bcfdfd013f85254b.jpg,Turkey,TR,39.713962,39.583409
2008f5e0a7734ae8b3f3c1e083d1851e.jpg,Turkey,TR,38.132628,33.531928
92244ea846d54f0ba929c51470814bea.jpg,Turkey,TR,36.820451,35.598413
3fdb7e42c3744e0dbc0024374da84ed7.jpg,Turkey,TR,40.442594,36.11413
aca190e0235c4ab9b001c00e41ad3fde.jpg,Turkey,TR,39.532817,31.099073
d6381b42cc664583a5fe92be44feb14b.jpg,Turkey,TR,41.060967,42.845395
7f064896807446ebb1b5906446e2a7de.jpg,Turkey,TR,39.894473,29.859904
aa3513c6499b4834a37ae99a0299fa3d.jpg,Turkey,TR,40.581937,35.651773
524d029287604d00ad0e3da1d29e7cba.jpg,Turkey,TR,41.09496,42.819787
8a3c95fa18314f26963ebb46b2df5447.jpg,Turkey,TR,37.078024,35.361869
ecd4accc5e81420fa3b5f32e388a9f17.jpg,Turkey,TR,37.361268,40.852115
6d002a2b6b644445ae9ac0d9bf9447b6.jpg,Turkey,TR,39.556003,40.040502
6dec57f6e54d46858c9b88bb314a6a8b.jpg,Turkey,TR,40.397497,26.847992
3f7be1ca40924325a132f4141fc133ab.jpg,Turkey,TR,40.095731,38.404532
5cf9651b9a4e4efe8b27470d6c34a642.jpg,Turkey,TR,41.198494,27.194293
51feea5a715948a18559e5a6ff3aadd6.jpg,Turkey,TR,38.671327,41.198874
6d9f0c6d73b240febe3680f216c18b86.jpg,Turkey,TR,41.290533,36.218134
16614b11995148c691d78649707f16d3.jpg,Turkey,TR,36.932163,34.957152
9fcb6798c5b04ba5b17de62279d73aeb.jpg,Turkey,TR,37.832155,40.279438
8d19d443ce834b8fa5e4cfeba6d4fc88.jpg,Turkey,TR,41.279274,27.466914
22240319f04b44cbb1b5ff16262bfd23.jpg,Turkey,TR,38.696582,35.114386
eb5eded1498241db9ad141c281db74f2.jpg,Turkey,TR,37.309895,29.78325
ce3bc244648946f8b60d6b46d683b6a9.jpg,Turkey,TR,41.324308,27.485505
c4da6674ff26447c83f9eb397618ba04.jpg,Turkey,TR,37.308875,35.87748
23f648fae75f489793c6d3f99e1f08f1.jpg,Turkey,TR,40.87746,26.479525
e6408bfe9d154277ab314687e8cf6737.jpg,Turkey,TR,37.333767,40.772906
0d9ed343104c4f58be80b1b9c4182c89.jpg,Turkey,TR,39.559239,40.033464
a3dcf83ace23493097136257dd07aead.jpg,Turkey,TR,40.750908,36.348152
0f21e4e631de4b1ea0676d632add72a6.jpg,Turkey,TR,36.338993,33.542717
26f3e40f07bb4450b7dbe5c4a401434a.jpg,Turkey,TR,41.067639,36.050452
3e9c1608f7124926b7c63a392f8e76a5.jpg,Turkey,TR,36.265123,33.522441
566a118bef174b199aca2d4faba7f76f.jpg,Turkey,TR,39.72593,44.131507
b89f9ff2638545efb261ca99fe87f18d.jpg,Turkey,TR,38.203997,41.098747
133966395a324eed810d4950322969d3.jpg,Turkey,TR,40.00009,36.115564
54a3cc1a6cf74ec988cdc4b9b3bae2ac.jpg,Turkey,TR,37.305125,30.44581
14a63a05f1704e8090b4466db771a220.jpg,Turkey,TR,38.654627,29.007126
c10734ff848048939f28bf4af674edd9.jpg,Turkey,TR,38.254469,41.003336
413a982877f545e5babf5640d6e49c1c.jpg,Turkey,TR,40.474542,43.326374
064bff5370364aefaadb04070ea67ae9.jpg,Turkey,TR,40.810778,31.652018
26db7ef3eb764568b137d8298ebc615e.jpg,Turkey,TR,40.70159,43.161113
1b7ad5d9e67143bab430a73c33ee514f.jpg,Turkey,TR,40.738613,31.696477
1678b8ac281543f39d1d60eaf8fb39b9.jpg,Turkey,TR,39.474552,33.536262
0b5e72c77d804505ac1a751cb919c9db.jpg,Turkey,TR,39.541529,27.900817
15d44694639c43b2a187882477716379.jpg,Turkey,TR,38.185242,26.835566
1efe36b5d935430abc99e99e5b1f00b6.jpg,Turkey,TR,37.227253,39.796071
b8a8a3899c424c7f91f8df9430d4ec95.jpg,Turkey,TR,37.87322,32.527614
ba80b796e7b84fcf9b19ca6e6249fd42.jpg,Turkey,TR,40.952462,27.477399
f673ac3e428a44659d1dd4669f998294.jpg,Turkey,TR,39.558915,43.879001
6ab01b7ca79a4809b0baf9bef06348fc.jpg,Turkey,TR,39.557206,40.037589
b4b3ac64cae94534a4e9acb6d4c3de1e.jpg,Turkey,TR,38.511847,27.599452
9715c934db4a4683ac8551eb0d18f253.jpg,Turkey,TR,37.544872,27.348618
f2db3b2978dd44e8b1979f7a1c9ee9aa.jpg,Turkey,TR,37.977557,30.287003
04a564954b384352aadef83c91724d05.jpg,Turkey,TR,38.492373,28.04968
27b4b3f8e05649bba7ecd4e73909f559.jpg,Turkey,TR,37.567868,41.379056
1e546cd54a884802940d272705e35dae.jpg,Turkey,TR,38.781083,35.457113
0c5061c0c3ff469cb158ce89ec82ecf2.jpg,Turkey,TR,40.227757,38.027394
1f44452f85574ba68bc0d9b3669e5db8.jpg,Turkey,TR,38.706093,35.454596
40ac0cfc732e49e1be5cb2c6a280ca9f.jpg,Turkey,TR,38.786947,36.467689
0d2501ae560c4cf59eded9cf0300a11f.jpg,Turkey,TR,37.829231,41.081146
3dee43125a274df39792d892376d299a.jpg,Turkey,TR,41.084565,27.827458
6eefa1bae4284752823cf82316618c0d.jpg,Turkey,TR,40.421366,30.0416
06b275171c56453aba2b0f0db055965b.jpg,Turkey,TR,40.101248,31.548031
6b5a937fbd4c493da8cb5e40a6362135.jpg,Turkey,TR,38.392576,30.222073
b98bbdb2098c4b519bb02bc91257b8cc.jpg,Turkey,TR,40.981471,38.768047
50fd7caee67d49db90f06e7a25ad954d.jpg,Turkey,TR,39.162499,31.773711
b1b1d0eaf839457fbcb139a36cad12aa.jpg,Turkey,TR,41.379008,31.95694
89b73b9102dc46508c6ba0be13d169d9.jpg,Turkey,TR,38.578091,30.216227
1fd682ff04da4dba81cca31268661f17.jpg,Turkey,TR,37.434354,30.554588
9d53713867194cd1bc4868a7b92f3fad.jpg,Turkey,TR,37.692463,30.350293
09566f71a066472c8a1489874641403f.jpg,Turkey,TR,41.469507,36.106126
c7ef6a6c8fd34871b764a14be9f8d184.jpg,Turkey,TR,38.376561,41.088999
74df0616e51e452c88773f4b9b9d9acc.jpg,Turkey,TR,41.008015,31.78908
8849482ec0454036b092664b8e02339d.jpg,Turkey,TR,37.224303,39.85981
8a29adcf5886485197a55e44e54cd1dc.jpg,Turkey,TR,38.988194,27.845868
996aa6fb5ca449518d2fbf28443dbfe7.jpg,Turkey,TR,40.126775,38.228155
1b177a2a8b9044d7a9f6830440b5b831.jpg,Turkey,TR,37.816475,27.274587
3b750e70c8cd433ea2c7372a0cdfc9fa.jpg,Turkey,TR,37.939751,41.90283
9ed3ad6be0634d32b3bcabd483593be4.jpg,Turkey,TR,40.937952,38.202782
9077d18251a14edab44b5dbd153149fd.jpg,Turkey,TR,36.855031,28.226164
703a70cf15cc4d21a132cad29634e5d5.jpg,Turkey,TR,40.084209,40.424403
59e41b5d97374481a5cf5d99715041af.jpg,Turkey,TR,38.659035,36.082338
9f37e20e90ba4147bccccf6d018097c8.jpg,Turkey,TR,39.560323,40.03117
1c88eb409bd747728f3d5c577e0f3ea0.jpg,Turkey,TR,41.444897,31.81685
8412b488e58a4bcfa2aa9aa278730668.jpg,Turkey,TR,37.828839,41.082187
b1de0ec1714044e59843195c8b82d72a.jpg,Turkey,TR,39.161004,31.254261
78e89bde59bc4a3eb47d9baec259edca.jpg,Turkey,TR,38.472824,27.598781
209ea871a8504ac899d7f3a9925fc6b7.jpg,Turkey,TR,38.287824,33.987592
6c212a76c42b47b08901f5f1cf1694cc.jpg,Turkey,TR,40.415788,39.548064
29bb92e8379846cd91bf9da8190085d6.jpg,Turkey,TR,36.33455,33.65906
f70e273eee2746eebca72ef434aeffdd.jpg,Turkey,TR,39.547119,43.949012
3e2744336e8747eab26aa93cea5e0b5b.jpg,Turkey,TR,37.113243,38.283123
3e715bf437174d1b9a42df9b1570a5e9.jpg,Turkey,TR,36.085495,36.152501
fbcb2fa2c19745298278dfdac8a0d079.jpg,Turkey,TR,37.420548,40.978068
d28b1a0322764a42bbc6a4772977a9e3.jpg,Turkey,TR,38.550772,35.184035
5aeb3b8f89604de187aa746d2329713d.jpg,Turkey,TR,41.10023,28.331875
f1adc04c754d40659d7af24d0d4e30f0.jpg,Turkey,TR,41.558776,41.56653
4a98b99c0367435fafdc78604f99c3b2.jpg,Turkey,TR,37.045075,37.380866
86b684b774cf4646adf726475c1b5d8f.jpg,United_Kingdom,GB,54.86836,-6.249402
0ad3f7b27f734671b94f5685342683be.jpg,United_Kingdom,GB,56.189525,-3.204667
c0953c4ee2774a9ab6564044c323a54d.jpg,United_Kingdom,GB,56.49632,-4.158569
39e409b30d74474fbc8de27c5b95aa4f.jpg,United_Kingdom,GB,51.929847,-3.917791
789e7b3eea484d2c98adac90abfe03c9.jpg,United_Kingdom,GB,52.544262,-0.199045
16cdb50621cc45e083390bdfadcb0b7f.jpg,United_Kingdom,GB,54.902655,-6.313013
907b408aaeaa4a18933cf4b8173129ee.jpg,United_Kingdom,GB,52.427237,-3.792601
1a817ee32f934991b992ed1b71efe65d.jpg,United_Kingdom,GB,58.54212,-3.897708
42c9e43285c448dabcb5d4e00f05368a.jpg,United_Kingdom,GB,57.267736,-3.458337
9c85e205e6784bf2a34c2abaed5a54ef.jpg,United_Kingdom,GB,52.63502,-1.343146
e6730a9f3ea44acf9baa007f764cfb37.jpg,United_Kingdom,GB,57.687397,-5.595695
35d40b9a92e941d3821190d9e40207e6.jpg,United_Kingdom,GB,53.794496,-0.071866
88b4fd0fd89446e99ea8d01d80a75c8b.jpg,United_Kingdom,GB,50.530864,-4.808204
8062ea74be7c46f19767f21b52dda5fb.jpg,United_Kingdom,GB,55.442724,-2.446593
72fcd8c1def34be183d5a68c42e080d3.jpg,United_Kingdom,GB,58.531733,-4.138239
dc7e1952c3f3469d9a05cad69eab38ac.jpg,United_Kingdom,GB,56.84157,-4.711865
412e8b90271d4485af77f1327339df7a.jpg,United_Kingdom,GB,54.870427,-1.641578
fae278a31f7647bc881cff8d15a2842f.jpg,United_Kingdom,GB,58.528227,-4.21013
931ef94faa414e0da7b324be41fe5030.jpg,United_Kingdom,GB,55.590178,-2.586019
300e5810fb6d4045a1654b8d758cf40f.jpg,United_Kingdom,GB,50.552351,-4.7217
f40baf064e5c4904abcb1f19128088c4.jpg,United_Kingdom,GB,54.832713,-4.605536
cfc2c672c99c45ee955b963d4e835b78.jpg,United_Kingdom,GB,52.950925,-2.296401
974f5c1150db4dc09c7a681fd3d49e76.jpg,United_Kingdom,GB,58.548991,-4.68135
effde20543d54c85ab59a3b900363d82.jpg,United_Kingdom,GB,50.663986,-3.769693
558d3fe8dc7c49d6b6fdbb608790f395.jpg,United_Kingdom,GB,56.453916,-5.690768
032d7e37df0b495db5c91928c30586c2.jpg,United_Kingdom,GB,50.103203,-5.258185
d1b90fce59774cb5a2c85d4fba964d83.jpg,United_Kingdom,GB,50.228452,-3.710068
438137ce4aee4cf8ad4711f770860a90.jpg,United_Kingdom,GB,51.751362,-4.571168
e0ece58801e84fd9a4d2c9fc96287a80.jpg,United_Kingdom,GB,53.122552,-0.743857
3da883761ea84b689581ad095b916dd0.jpg,United_Kingdom,GB,50.341204,-4.239431
d07795ad62a64d7b8240fb2838c7eb5f.jpg,United_Kingdom,GB,58.50259,-6.264269
8bce910418fc4a3dbeaee73d2cafc814.jpg,United_Kingdom,GB,50.377206,-4.464514
7a424a8f40824394b83c6016e81f58e0.jpg,United_Kingdom,GB,57.963725,-4.020917
ef794c077b1c448da0d2326b1fd5b242.jpg,United_Kingdom,GB,51.907226,-1.521096
81070681383d4225b3ad213ee6dcfd45.jpg,United_Kingdom,GB,50.394877,-5.075635
da68070551404fe097de0abcd29c1d0d.jpg,United_Kingdom,GB,53.846102,-0.636091
6fbcfe523e1349759e6060d632d52e54.jpg,United_Kingdom,GB,55.698094,-4.305315
686612a48df54aad8b4651c505966bf8.jpg,United_Kingdom,GB,56.887792,-4.73651
001d942139a74bc7a3dc6f15fda203fe.jpg,United_Kingdom,GB,57.398188,-3.408784
546fd8bdaedc4a1e8d3fff1768e25c90.jpg,United_Kingdom,GB,52.559354,-1.871884
28a41a7987594bfcbd61f2c37aa316db.jpg,United_Kingdom,GB,50.287389,-4.987159
c1099097e87a4080ba666168f9493f59.jpg,United_Kingdom,GB,59.110368,-3.323543
774ca18eda3e4e42b3fe19a9ddf080c1.jpg,United_Kingdom,GB,51.988309,0.684649
2741b943f56c4b3eb4f34f4e791a3a35.jpg,United_Kingdom,GB,54.481078,-6.545998
4934342aa7f44b8c92b5ec6eca0374f9.jpg,United_Kingdom,GB,50.199801,-5.534756
93ec1b99f1c4474ab40ce04b8b5c5251.jpg,United_Kingdom,GB,57.212318,-3.259059
8a6f74e3bc1e4fd992247cd228549bec.jpg,United_Kingdom,GB,55.183346,-2.812824
470b3df39fde4759a3cfe349698f9849.jpg,United_Kingdom,GB,59.060786,-3.334604
bb088e72cece4d71b6696c9d1f9da65c.jpg,United_Kingdom,GB,58.554127,-4.696808
1e677d4aa0cd4aa6bc247a5fadff387f.jpg,United_Kingdom,GB,55.696597,-4.30866
74bb195247a244d8899adbe27e607451.jpg,United_Kingdom,GB,53.14069,-0.765848
6438ebdf04264c17b66f63d7829cc48a.jpg,United_Kingdom,GB,51.977629,-1.555235
8656410329404867bea7d0e156283958.jpg,United_Kingdom,GB,52.867501,-1.341912
6b7b29ab68934892a75d38913e0fb26a.jpg,United_Kingdom,GB,54.695307,-6.671441
7b878f076a4649b4a3d4c4546125c00f.jpg,United_Kingdom,GB,57.480178,-4.319265
86d23418300c4408893022893b0e751f.jpg,United_Kingdom,GB,51.617069,0.25248
313f13d4fb184c7db0cabbe3d60937ba.jpg,United_Kingdom,GB,51.598952,-1.604346
122e23c3c17944f48ecb296b482660db.jpg,United_Kingdom,GB,53.217746,-0.562068
d70bed8332ed47d183f25eb784391f92.jpg,United_Kingdom,GB,51.700303,-4.712679
0b047691aaa54880bf4aa851d2e6eca2.jpg,United_Kingdom,GB,52.434806,1.466523
a2cbc7b9373f4a91b1395afee4ffb43a.jpg,United_Kingdom,GB,52.225477,-0.993327
c5872ad39cdd45d3bd23d565d9181f29.jpg,United_Kingdom,GB,51.408451,-1.643913
34e68c1c751f427393c2212b788363d0.jpg,United_Kingdom,GB,57.139504,-2.795045
96c40306d67b4a7085d57447bd147e36.jpg,United_Kingdom,GB,52.390261,-0.602995
baf86750ee514a69a87c50db49a07c88.jpg,United_Kingdom,GB,54.994759,-3.224624
cd8e588c2e28412381adc113f16fd177.jpg,United_Kingdom,GB,55.59005,-3.608228
6e2df17981f248bc9e641481108ff4cd.jpg,United_Kingdom,GB,58.503863,-4.571898
f3c24128285947779e5e717eb5a06cc3.jpg,United_Kingdom,GB,50.500133,-4.719893
13b5b66390494401929817d5521f4db1.jpg,United_Kingdom,GB,54.90549,-7.421203
53ea4891500a4d91b62f3f335c02fdd2.jpg,United_Kingdom,GB,53.187429,-3.066231
7608a542a37a4deb929da308188d985a.jpg,United_Kingdom,GB,53.284193,-1.533457
7d4046cba4ae4406863ca2ca0dcd83fd.jpg,United_Kingdom,GB,50.18545,-5.578729
11c7b125a7874d6ab84b08d0f6520458.jpg,United_Kingdom,GB,50.527462,-4.697611
f38cb9637c584113bfd244c13788b241.jpg,United_Kingdom,GB,51.892388,-4.970288
e176ef04f3d84676a6541d1f61ed62d8.jpg,United_Kingdom,GB,57.557305,-3.001711
c3b3f364a2594a02b99014745660189e.jpg,United_Kingdom,GB,56.569212,-3.311706
8c74c7757429486c8d4c9a58d5695b3f.jpg,United_Kingdom,GB,50.465477,-4.698527
0e32d091580140c5bd99315d84ecbfde.jpg,United_Kingdom,GB,50.128064,-5.566661
ecaf28775e58419e99a5e08c82a0bbdc.jpg,United_Kingdom,GB,57.263073,-3.666012
119d856f70554024a34788b5f32ecc47.jpg,United_Kingdom,GB,50.375006,-4.667428
65752065ac0f4e30ba1550b0425e2fee.jpg,United_Kingdom,GB,58.564902,-4.741442
4e4d430668d145848e1532f34b453319.jpg,United_Kingdom,GB,53.361428,0.074953
931eb1fcdb2a4bd79eaf5a039a8e85c5.jpg,United_Kingdom,GB,51.852888,-5.100313
26c950d11f9f412cbda7d52102206ca7.jpg,United_Kingdom,GB,56.436811,-2.912038
59990c4dbdf44a4995b4575dcd726a74.jpg,United_Kingdom,GB,50.180973,-5.503108
1075949d583743a4beb4070cb91918ff.jpg,United_Kingdom,GB,51.741735,-4.993446
0c36c831b9ca4974ad2643595f7b22cf.jpg,United_Kingdom,GB,56.269644,-3.318502
6936aa29eadc422a836395cd7d974468.jpg,United_Kingdom,GB,53.098157,-1.532503
6eef7eb353034deb9351af2b3d3afe70.jpg,United_Kingdom,GB,51.482422,-2.085375
5660547f6e6c41e49ba3cba2c4d974be.jpg,United_Kingdom,GB,58.52457,-4.683909
e4bd33c0111e490891bc06bfb6790018.jpg,United_Kingdom,GB,51.29854,-2.321852
b7a6687860f6424db014aea4b6d7e056.jpg,United_Kingdom,GB,54.335665,-6.636037
de7ccb08af4447f0b69ed2d03f147319.jpg,United_Kingdom,GB,50.425015,-4.66942
3d829afbd0f0487c86f663fbdebb2f18.jpg,United_Kingdom,GB,52.328031,-0.710231
e502712a09ff4be9a141af86f932a7f7.jpg,United_Kingdom,GB,54.118695,-1.19109
5445cc904c384f1ba676999ce1cd4bee.jpg,United_Kingdom,GB,57.55167,-7.26139
f3918e0ce513406bb67d43d12b922688.jpg,United_Kingdom,GB,50.833724,-3.799671
1a88612fe24645b99ac5a56cc929a141.jpg,United_Kingdom,GB,56.117396,-3.479219
7f9b4eac0ff34da78c1e8fcfa0864592.jpg,United_Kingdom,GB,51.036543,-0.27444
e9ea44c4a29c442496aa6b1be2714d1c.jpg,United_Kingdom,GB,53.606422,-0.67208
3121f124e7514ae38bb387367c69884b.jpg,United_Kingdom,GB,56.418167,-4.844522
971fc4df80c84f7ea5897f3688a4bf29.jpg,United_Kingdom,GB,52.145155,1.259349
f0497f2e37b94f72afe23b88f47fec3f.jpg,United_Kingdom,GB,51.194001,0.782273
0c815748d394427b845098d47155a62c.jpg,United_Kingdom,GB,54.180218,-6.232443
7c47bd5ef3764b99901afc965911a924.jpg,United_Kingdom,GB,53.067132,-1.490926
602a14d8688f4873970cd14f91380838.jpg,United_Kingdom,GB,50.888549,-1.578226
9a886480f2e9472d83bc673294660b27.jpg,United_Kingdom,GB,52.234561,-0.246023
1cd86fae99314d85a456a6a5c5377857.jpg,United_Kingdom,GB,59.093421,-3.321005
fea55ae4baf2444fbbe6d27f40a8afa0.jpg,United_Kingdom,GB,50.137199,-5.307606
91c1630908ad477f8d27daae8088eced.jpg,United_Kingdom,GB,57.914782,-4.059769
3f8af61e7d61435db83c481839eea5ae.jpg,United_Kingdom,GB,56.20383,-3.12925
ec23b70db7e34a41b83e948bb69d836c.jpg,United_Kingdom,GB,50.174604,-5.507682
38196f627046462bb9dc85368154fef0.jpg,United_Kingdom,GB,51.630434,-1.825503
2c230395102640d3ad7fcfb616a71c89.jpg,United_Kingdom,GB,58.556016,-3.087444
a28851ae19f24b57a63ca8e4ee266d68.jpg,United_Kingdom,GB,54.820865,-1.489114
08ca9b4a276146c79b3c92995b167417.jpg,United_Kingdom,GB,56.899957,-4.633711
452efff7a7434a59bb3d4ae35d95f0c3.jpg,United_Kingdom,GB,58.546354,-4.674198
3a40bd58e51e40faa48d2d918a121d18.jpg,United_Kingdom,GB,49.998709,-5.21269
56d796c48e2949e6bf758b5eacce38bc.jpg,United_Kingdom,GB,50.712162,-2.485409
119f5dfa9d3747d78770ec3a85390698.jpg,United_Kingdom,GB,54.253752,-0.419759
7bcf83cde8184cf29dc3994c0e32bd67.jpg,United_Kingdom,GB,57.013502,-3.374299
65743ea4e2584b2bba13e6e570d63268.jpg,United_Kingdom,GB,57.477558,-4.047267
9feb85a0fd58464a9c6221c8d91fb226.jpg,United_Kingdom,GB,54.359416,-3.294828
7edc350776184f9cacf382263c5a38b2.jpg,United_Kingdom,GB,50.539184,-4.70958
fd4a2d36aaa34c9d8baaaa6424729ab7.jpg,United_Kingdom,GB,58.541589,-4.675013
9b68140af7ab4b29ab42db0c15e096f0.jpg,United_Kingdom,GB,50.341028,-4.657593
d80088419c25406783bc20773d3ac3ad.jpg,United_Kingdom,GB,51.215293,0.726344
207beb5072f243fd996c32af758d8297.jpg,United_Kingdom,GB,56.796887,-3.430021
8871ec95aac4422eb64642f665388200.jpg,United_Kingdom,GB,55.355527,-1.854006
97447367fb034db79594fe4ca6bd459a.jpg,United_Kingdom,GB,53.660672,0.051541
8c91739040d54f8e96630f5707903baa.jpg,United_Kingdom,GB,51.571674,0.284424
177e5492ca4a475f90fce507433958ef.jpg,United_Kingdom,GB,58.509284,-4.701438
161e3be302e6413f8bc8a49beed964a4.jpg,United_Kingdom,GB,53.192242,-0.6244
58ab269fcf00412fad52d5ee56f3f552.jpg,United_Kingdom,GB,60.772729,-0.830742
e55804f6eec04b39a3aa9fd37259f730.jpg,United_Kingdom,GB,51.173904,-1.423806
4341895ca1fb4feb995fb10d0dd332a2.jpg,United_Kingdom,GB,50.395363,-4.92397
7535386eff2b4ad786a7408d00fcb5d9.jpg,United_Kingdom,GB,57.554154,-2.834662
629becfd90a649b783806256a4e146ca.jpg,United_Kingdom,GB,53.397503,-1.464898
bde047c28a3f40848c6f70c4cd13d647.jpg,United_Kingdom,GB,58.491803,-6.231896
a8bb26905b74486393c2205dde660c1e.jpg,United_Kingdom,GB,50.789009,-2.739889
319943dcac094d0da1a1efaa5b4297ef.jpg,United_Kingdom,GB,50.466347,-4.434402
cf97c4d3eaea473a8a679392e6d76d61.jpg,United_Kingdom,GB,51.340338,-0.946894
291987d4354e466b9f23248f974a17d7.jpg,United_Kingdom,GB,52.517639,-0.649752
9f5123170fd24e5abff7d76ba7b599a1.jpg,United_Kingdom,GB,55.910305,-4.510753
453dbd86e3bb4e48bef60175cf47d525.jpg,United_Kingdom,GB,51.635913,0.308871
fab9aeb3dd7f467da89cc4987b66fb40.jpg,United_Kingdom,GB,56.068367,-5.462571
b95e9b30711d42a2856820f00f51c1a3.jpg,United_Kingdom,GB,55.211707,-4.847982
119e4f3286874bbf980fd8780153a2ce.jpg,United_Kingdom,GB,56.381316,-3.8231
66fac7855a914a958166e31d0b5a050a.jpg,United_Kingdom,GB,50.501644,-4.693468
e3d64e8c0de84f5598d3fecf5a592b47.jpg,United_Kingdom,GB,52.63924,-3.717811
88437aed33944aac8ca89e7c0dd62c73.jpg,United_Kingdom,GB,50.375498,-4.618852
715b239e3ac444dc8dc45bc2d47bc19d.jpg,United_Kingdom,GB,54.225399,-0.771264
172373a1a122422aaa74c53a75800165.jpg,United_Kingdom,GB,58.513234,-6.255527
c4e0e1fc4dac478bb65b85f89ee521f8.jpg,United_Kingdom,GB,51.243527,-1.796583
308fcd2adebd4021b092b4b68d629e63.jpg,United_Kingdom,GB,54.508672,-6.458169
19f752c77c584f77b2ba6d999b3cbb8c.jpg,United_Kingdom,GB,57.465333,-4.520768
a08320482c504d9fb6b5e929b5dd22ff.jpg,United_Kingdom,GB,59.099319,-3.32598
7981e3c386e749aa8a2ad5323176f1cc.jpg,United_Kingdom,GB,55.956675,-3.928757
08a1453036f94a9887a0a8ce62a226e8.jpg,United_Kingdom,GB,56.98482,-4.873062
6af9854812b54cf58de48ade45a3dc87.jpg,United_Kingdom,GB,57.559171,-6.154662
1e6434e49445414cb0e4e87700768f5b.jpg,United_Kingdom,GB,58.216315,-4.999203
893bbd90459748c983c0e51663ca16bf.jpg,United_Kingdom,GB,51.650422,-2.371041
ce70703a14ed4828825e62d844b735b6.jpg,United_Kingdom,GB,57.907644,-5.17257
0e67edcb96ca4ca6884ef81418b8752c.jpg,United_Kingdom,GB,56.380135,-5.042364
6308976eec534334b97fd55e5d3d818d.jpg,United_Kingdom,GB,51.748962,-0.99817
1ea7477b824b4183bacab03d7c53acc2.jpg,United_Kingdom,GB,57.266733,-5.763897
05efda5f30d844609d012db6e1e3b796.jpg,United_Kingdom,GB,55.205507,-6.590937
4769c7db9dda4ac1a62b15d7e4bb1148.jpg,United_Kingdom,GB,52.798446,-0.429254
ba0ffc95452545a49e980e7ea9fcafca.jpg,United_Kingdom,GB,51.129947,-1.156045
51afe775b7a14d7dbafdedbfac82014f.jpg,United_Kingdom,GB,52.553555,-2.913614
64c88f1d56644cbb883c62e40428802f.jpg,United_Kingdom,GB,51.910685,-2.937326
8ceae64d391148c3b0f5302efd85a99f.jpg,United_Kingdom,GB,56.102788,-5.476811
aa283f183a724bdc8aa3139900ff3195.jpg,United_Kingdom,GB,60.779106,-0.827004
e14ac40339bd47029a0fd238ceab2d66.jpg,United_Kingdom,GB,53.864766,-0.36626
a3db55b4329f42d391992ed1f1c45e89.jpg,United_Kingdom,GB,54.030452,-0.960102
152dc4ab352f4843a3150001026ef525.jpg,United_Kingdom,GB,52.413651,0.723316
d8845e20af1a4972b64f3824ecdf5be0.jpg,United_Kingdom,GB,56.345831,-3.469585
acd936e3599f4f07a09d794a5f31f4f6.jpg,United_Kingdom,GB,56.899627,-5.024047
bb3d84b484cf4ed1bf804a845f2e5454.jpg,United_Kingdom,GB,56.867098,-4.703095
4c4183dfd7d843dca607ec531c3abeb6.jpg,United_Kingdom,GB,57.842798,-5.076834
ab3d4c57cb5f4b618d1aa703ca57f24d.jpg,United_Kingdom,GB,57.196967,-2.717285
e549c465bc9441769a571c1d47c87b49.jpg,United_Kingdom,GB,57.518555,-7.283351
4199f5f7cc1c4a919f5083af9d0894a4.jpg,United_Kingdom,GB,58.494548,-6.233358
b91076bde2d34ebdae7461ea73bb6f83.jpg,United_Kingdom,GB,58.497341,-4.456095
06403609606a4091a833e8de0228169d.jpg,United_Kingdom,GB,54.269885,-0.400979
e92dc91311b64bd5ac9ddcf70e227092.jpg,United_Kingdom,GB,53.465614,-0.552037
e46a8e053b0d473485e4fdbc2e56631e.jpg,United_Kingdom,GB,58.501682,-4.816372
97b0321b55a743088b91a7a002b48b6d.jpg,United_Kingdom,GB,54.054408,-0.937117
5bea3f26d5dc49a3b09273535a8c3603.jpg,United_Kingdom,GB,57.680219,-4.037137
edf94d0f20c14347b2524b1c8d5c3ddc.jpg,United_Kingdom,GB,53.900356,-1.488443
b3f125009c9947278110e9cefaf9756f.jpg,United_Kingdom,GB,57.537704,-5.136571
b007b12609ad4cd4a72237203a80d785.jpg,United_Kingdom,GB,54.26768,-7.538676
af414481b5034f1cbfa6a773d13093cf.jpg,United_Kingdom,GB,52.257696,0.37187
00440e61758940c089a060199d0820d0.jpg,United_Kingdom,GB,50.37843,-4.942082
2bc90ac75b234464a14a873ad5fa54d0.jpg,United_Kingdom,GB,52.603935,1.057344
66d0a0e0a819415dbc1a9f1b49bdf1a2.jpg,United_Kingdom,GB,55.09167,-1.488232
7ac66eabd0ab48bbb084c88596032035.jpg,United_Kingdom,GB,52.331536,-3.042645
e64e870a5d204866a2d668115e673c06.jpg,United_Kingdom,GB,55.918652,-4.857573
35ecc0e18e404e3e8183abf007dad48d.jpg,United_Kingdom,GB,55.089527,-3.518034
b295a0f457484e618cfeaa7bf3cb98df.jpg,United_Kingdom,GB,50.247078,-3.721797
24d4e99cb53f4c1ca22e10fe2cde2c86.jpg,United_Kingdom,GB,53.137395,0.321755
2128688ee5d64d76ac9494b73dfcfd77.jpg,United_Kingdom,GB,55.42234,-4.718821
bacbac8e78bc45c09933a6c038bc7df9.jpg,United_Kingdom,GB,52.941973,-0.598363
dd8d18d4546741f2963b9ebd1c9c0b6c.jpg,United_Kingdom,GB,54.51044,-3.479725
f65346d9696f4f429c51d6545ae71157.jpg,United_Kingdom,GB,53.262527,-2.877454
c200b4ba9aad44a6abee49ea7058769b.jpg,United_Kingdom,GB,57.305901,-6.220845
c3957269d1ec49ba8becd42904758250.jpg,United_Kingdom,GB,55.791351,-3.292422
b4044ad2e79145e29d200ba448db02bd.jpg,United_Kingdom,GB,53.781129,-2.710831
4f9ea5f3fb644ea5893db789704e30a7.jpg,United_Kingdom,GB,51.110941,-1.673939
123c4cb230e44ccca2cdb83cc25e170f.jpg,United_Kingdom,GB,55.681212,-4.30107
ce3daa3d88504f98880aa9fb6592a341.jpg,United_Kingdom,GB,56.671428,-3.405326
bb07e5dd7b8041c9bf63103d4bbb915f.jpg,United_Kingdom,GB,50.499837,-4.720235
1863f05e9ba24f8f986b914bf6739e2c.jpg,United_Kingdom,GB,52.327509,1.494786
10149728873e4b048390f61c33476115.jpg,United_Kingdom,GB,58.556486,-4.706181
4f92854cfb344e0abf93236ccf20711d.jpg,United_Kingdom,GB,57.550913,-6.14976
221d29c737c64dfdab8156ceaf938498.jpg,United_Kingdom,GB,55.613174,-2.110475
684b1e5f97ae4cc392151e78f5fc02ac.jpg,United_Kingdom,GB,54.150958,-0.717171
9c1c75f7b27946b287bed4c6c75f1ed9.jpg,United_Kingdom,GB,50.366433,-4.66919
6f8cff1ffb564af7a57f479bc000b791.jpg,United_Kingdom,GB,57.354828,-7.375662
a12c295557e04b499c95b1a18cdd280d.jpg,United_Kingdom,GB,55.295296,-2.939892
8ad4cecb9fa04f06a171f4119b17b06f.jpg,United_Kingdom,GB,56.717557,-6.059076
4f14825c3b104c0ca7398c66f8eef927.jpg,United_Kingdom,GB,51.897599,-4.970636
b41b4b3087234b43b2c8b2204d7b8c22.jpg,United_Kingdom,GB,54.364968,-1.361226
47ce334cb36e40a18d63b78f49727cbe.jpg,United_Kingdom,GB,52.8382,-1.343884
dce9bf2a0d9f4d3b9949218d11e77240.jpg,United_Kingdom,GB,51.858378,0.668781
24d8dbd0fe9c433bb35b69f672a2eb11.jpg,United_Kingdom,GB,53.505997,-2.347863
e7d9cea1d6c149e8bf1055017e4aaa81.jpg,United_Kingdom,GB,54.850177,-4.315069
8463b172529246c4ba12718d6275c3bd.jpg,United_Kingdom,GB,50.820415,0.301238
b4890763412a40979f9f075cd63de8e8.jpg,United_Kingdom,GB,50.381196,-4.934506
66cebe5c8dda4bdab8a1602a91af5aed.jpg,United_Kingdom,GB,53.83272,-0.628121
e6cd216ca4044d788dcdb7a8df804bd3.jpg,United_Kingdom,GB,58.521172,-4.685233
63021b7dfa8043ac80a11df6e52399be.jpg,United_Kingdom,GB,53.185413,-0.592806
f934a4102dd449ff95ce90ac5d6aabef.jpg,United_Kingdom,GB,57.484348,-5.32117
ef4957f5f0e74c9486a48e551e549796.jpg,United_Kingdom,GB,58.50169,-4.341871
3dffb8fdb0e04a49bc7fffd029d52133.jpg,United_Kingdom,GB,59.082222,-3.321316
cc546b1e6c5949b4a10b1b43c8ad5bb2.jpg,United_Kingdom,GB,56.992464,-2.279252
59870f0241e84da78a677b2f5038664a.jpg,United_Kingdom,GB,50.288091,-3.701623
f49e8f542d1b474dbda6ef0a67453d2c.jpg,United_Kingdom,GB,56.771373,-5.021736
920d1a6fef8349ff989c3ba93bb65f62.jpg,United_Kingdom,GB,54.861918,-6.249656
0b8d373fd47640ee8f7c7950240cdf9c.jpg,United_Kingdom,GB,53.561716,-0.797711
93013b7ad055460fb1cad0d6cf173414.jpg,United_Kingdom,GB,50.544111,-4.72749
0b0e59e39c674705a1230dba42169f75.jpg,United_Kingdom,GB,50.58229,-4.703927
e027865274444246bc59a8240dbd689d.jpg,United_Kingdom,GB,52.927314,-3.613637
c98e0aebda5b4e3b9b2ea7bcfca9f5d4.jpg,United_Kingdom,GB,58.511901,-4.698556
754e071668174dd3a0573a7504f806b8.jpg,United_Kingdom,GB,58.01386,-4.28483
882e2847eee9464899fd6b57780fdf52.jpg,United_Kingdom,GB,54.451617,-5.530446
0b0ae56af397442293f6bd33fcb46164.jpg,United_Kingdom,GB,51.171287,-0.033789
b073f35afeb9480cbf37344bbcc918da.jpg,United_Kingdom,GB,55.813308,-3.502197
17ab74ca0db84ec0a2bd40a1424c9a2f.jpg,United_Kingdom,GB,58.490152,-6.246965
248a3c69324744ab81e27e9a2b2b6edc.jpg,United_Kingdom,GB,55.990318,-4.377836
f505dbeb10864263a959b1177eabec70.jpg,United_Kingdom,GB,55.188557,-2.177198
60d6a53247c04189aeba0a3246631473.jpg,United_Kingdom,GB,57.156151,-3.879499
d86038d206fe4e7baef8198ba32e6623.jpg,United_Kingdom,GB,50.283408,-4.983344
5c76e24837254538a15de406c0b8a87d.jpg,United_Kingdom,GB,52.152337,-2.11075
204cb3aa156b4871bf4c150c40cab738.jpg,United_Kingdom,GB,50.33687,-5.120444
bdb88c45f68f4918b7647d6fdb7ff5f4.jpg,United_Kingdom,GB,53.170048,-0.828869
ce70bd6af09949c6bd1e0829130d4553.jpg,United_Kingdom,GB,53.864739,-0.365382
c43cb25ff0c242fa9b7a880a16a3f760.jpg,United_Kingdom,GB,53.574519,-1.650933
24ad253bfa124e1c9bdad1c58bea0628.jpg,United_Kingdom,GB,52.151115,1.501395
acc94a3dbd9d4b309610b0c4168b3f36.jpg,United_Kingdom,GB,51.824071,-2.945212
9c3137556d2c4915a847c9f992acf148.jpg,United_Kingdom,GB,55.259696,-1.892847
d1d8c49b4cd34b69aaf929ffb2414108.jpg,United_Kingdom,GB,58.485135,-6.254417
80c0cea0c34144a99d8423cb23c2498c.jpg,United_Kingdom,GB,50.141467,-5.395962
21c17419bcd5433c932d1c94331134c7.jpg,United_Kingdom,GB,52.09825,-0.927417
b4e01c7888d04421a5eeaf4560e9d339.jpg,United_Kingdom,GB,50.291717,-4.971389
afef9eff19794fcd82fcb2ec09e06cfb.jpg,United_Kingdom,GB,57.806826,-5.151205
1c57297f019b4f49af175bca51635724.jpg,United_Kingdom,GB,53.569661,-0.703453
0e8a83938c9e4fe8ad7654765207173e.jpg,United_Kingdom,GB,56.602208,-6.101398
6535a2ec0c06492080a24196ddcfcbca.jpg,United_Kingdom,GB,54.703484,-6.095077
85610ffaf87b41f59cb300b64a697f00.jpg,United_Kingdom,GB,50.170414,-5.328276
bd2b066556f3438e802ae217f17a5692.jpg,United_Kingdom,GB,56.104471,-5.54044
3e74b9b19fa24985bb3ff6db2caf68d2.jpg,United_Kingdom,GB,55.947528,-4.578062
5eab2701f41e4fc1bd8a7ba49beb4751.jpg,United_Kingdom,GB,54.326205,-6.443121
7fd2477e02274140a5690a91b99a67e4.jpg,United_Kingdom,GB,55.483453,-2.690683
3cdbaff314204977bf2f9602b21844c1.jpg,United_Kingdom,GB,52.945554,-3.642905
a7132e50c04a42d193bd3972bb06ab85.jpg,United_Kingdom,GB,51.430748,-0.556247
3770bb0e8a9f406fb3cc124200d0cfb5.jpg,United_Kingdom,GB,53.878598,-2.77546
1b18a72821064dc087b2bd548c0685a8.jpg,United_Kingdom,GB,56.709687,-2.733217
ffa54cf2f8c546b4a8d7bf0ab0939722.jpg,United_Kingdom,GB,57.961191,-4.049945
ff620bf5ccd24f9f88b97ba6fe3d07c3.jpg,United_Kingdom,GB,51.601605,-1.213626
756f54f678644dc187b81023805ff728.jpg,United_Kingdom,GB,58.086823,-5.233773
205f2533fa0f4abd981fd08ec14f655c.jpg,United_Kingdom,GB,58.503842,-4.707442
32404cef73304e03a7f2ac852b46452b.jpg,United_Kingdom,GB,53.383523,-1.434972
119b41d24a314010a96deedccb12d909.jpg,United_Kingdom,GB,57.815803,-7.055255
78ca6cc2a52745089be89065e302f44e.jpg,United_Kingdom,GB,54.548857,-5.485655
c5b860bbb33f42e1a4c8ca263a48c448.jpg,United_Kingdom,GB,58.38742,-3.707751
1123283d475f46d3a70fb8db3c5750f4.jpg,United_Kingdom,GB,53.595203,-2.504685
6d3448634df64af3a91dc8c35eb07dcc.jpg,United_Kingdom,GB,54.272595,-0.640336
107e989adaf747e2a63af0379537ff12.jpg,United_Kingdom,GB,54.47734,-5.980135
c3c4fd97c6d84d66899fd5b095220bdd.jpg,United_Kingdom,GB,58.50786,-4.810098
60bfe810f9ed4b43af1c1d4bb014e9fa.jpg,United_Kingdom,GB,57.550062,-5.521379
4b8582d1963e4d11af8d82073d0ced49.jpg,United_Kingdom,GB,56.438233,-5.26918
49f75f8e7c094d98bbf478a8f7eb4606.jpg,United_Kingdom,GB,50.455302,-4.728684
52a124ccac944a1fac6b52fee45fe576.jpg,United_Kingdom,GB,57.031435,-2.419138
c8fa301a6a6a43f98e58f7947343ab6f.jpg,United_Kingdom,GB,50.348578,-4.662883
3b1862f36662422482cbd8c66e554ddc.jpg,United_Kingdom,GB,50.424598,-4.668645
b037636e8aa240388fb1334eb7f1fdd3.jpg,United_Kingdom,GB,50.119022,-5.30536
563b96a714ec42d69b4806b1b8f1f233.jpg,United_Kingdom,GB,54.468262,-3.551462
abbefd08d8a343eb869852f06aeb7894.jpg,United_Kingdom,GB,55.63851,-4.595552
acd471c785064fa582839da872c4fadd.jpg,United_Kingdom,GB,55.888942,-5.420166
00e7b198280a4879bb6d1d89e222bace.jpg,United_Kingdom,GB,56.901067,-5.019641
5885a7948a9842ebafad91f236792a9e.jpg,United_Kingdom,GB,50.298969,-4.964571
3cb2ba9514714406b0f8e852e1da4bb3.jpg,United_Kingdom,GB,55.951783,-5.432024
4c5ebf7fd57d42abba1f3d6a639acf50.jpg,United_Kingdom,GB,55.044597,-2.049236
8826cfdbd1884338a42829c890b05c36.jpg,United_Kingdom,GB,52.087129,-3.678146
5915a4ed109c4d39b3879c1b44d03622.jpg,United_Kingdom,GB,52.754424,-1.133479
cb0a3be55b7442f6a99bbd6321302f83.jpg,United_Kingdom,GB,50.144846,-5.307452
e33613cf8b634673988c73ad06024e4d.jpg,United_Kingdom,GB,51.25854,-0.104649
d0d2077e22dd4e08bf7034ef56d38af6.jpg,United_Kingdom,GB,54.914651,-7.419909
e5f9ea4d3d354898aba18b64bdcbdc4b.jpg,United_Kingdom,GB,57.558092,-2.925633
e7bb8fdc74104845a819698e88de5f4f.jpg,United_Kingdom,GB,53.603625,-0.65156
2db43b2012de4b2cacf1b1e9f58f4fb3.jpg,United_Kingdom,GB,57.261736,-3.337841
b701e8f33cd1400a8f859816524a6c54.jpg,United_Kingdom,GB,57.162572,-3.687284
7ccdcfd5a1cc468aa1aef28331f4d598.jpg,United_Kingdom,GB,51.565305,-0.556271
d1fedc76827f41d699e620448dfd30ae.jpg,United_Kingdom,GB,56.104474,-5.518473
816e4fc1c06d4d8195a5141f18bbd02c.jpg,United_Kingdom,GB,50.255007,-5.090458
def7248f4b584f39abe8ce74ae903cd1.jpg,United_Kingdom,GB,58.540955,-4.78118
267640dd59e3428296a689a8cff41d2b.jpg,United_Kingdom,GB,58.502725,-4.708667
900c31e0a03047d5a963c7ef3c11e583.jpg,United_Kingdom,GB,50.401081,-4.55608
2830c8285ae84b1aaf6d15ea26794ab4.jpg,United_Kingdom,GB,58.631813,-3.228085
4b7c809e1e1c464f8a5d2bce68eaa026.jpg,United_Kingdom,GB,50.341822,-4.658837
eac386a6a4e64e51b86207df0d3ec4b4.jpg,United_Kingdom,GB,50.375563,-5.041491
f16d74e142b1451ab488617d8987e8b7.jpg,United_Kingdom,GB,58.468328,-4.685517
e0fcd529eb7b4d0eabe8d061858ca2eb.jpg,United_Kingdom,GB,54.215778,-0.31556
9fb632b9f21341e28aa16710d4238ca2.jpg,United_Kingdom,GB,54.23181,-1.415844
7e92035959ad4190aed55d86a8023215.jpg,United_Kingdom,GB,51.655962,-4.813006
f391dc748a2044fb892424534fd9077d.jpg,United_Kingdom,GB,52.12557,-1.414392
e797a8fecc7a41088259a79c9879b707.jpg,United_Kingdom,GB,52.667677,-2.85926
f0ca21f3e4bc4b98a28a5088b15e5b7b.jpg,United_Kingdom,GB,53.608758,-0.238837
f6528e33d8bd4b7b98831b39893ecded.jpg,United_Kingdom,GB,57.46669,-6.184829
a6a9ec81a4684ddcb8156377850c2411.jpg,United_Kingdom,GB,57.544358,-6.608867
b590fbe22b164a9f97f66e5c8b3f4aca.jpg,United_Kingdom,GB,50.612053,-1.35517
90a58fb31dc1443085294191ed66ca13.jpg,United_Kingdom,GB,54.132918,-2.619347
7983d23bbae64014abd2bb53c0a4b427.jpg,United_Kingdom,GB,50.544678,-4.828781
5428fd9c24f7490eb784f11712da153f.jpg,United_Kingdom,GB,56.626356,-2.525955
73121d35268f42c19030aefe0382b580.jpg,United_Kingdom,GB,55.276007,-1.6739
f286e0fb8dee40ccac3a6a8030b02163.jpg,United_Kingdom,GB,53.054758,-1.42123
93562d5dca934a69815728e1c34b3425.jpg,United_Kingdom,GB,56.196136,-5.506862
2397ccc98feb456088928ccf0065cb15.jpg,United_Kingdom,GB,54.843115,-6.271757
c66b6559f837449b9f4103c8204e57d9.jpg,United_Kingdom,GB,56.060784,-5.472931
0977bb560bec40df9835310addc7956a.jpg,United_Kingdom,GB,51.965122,1.209108
359034b428c94dbc903163183f6c1269.jpg,United_Kingdom,GB,54.517056,-5.548987
f6b1b2b851ff4d5bac3c090063859d35.jpg,United_Kingdom,GB,56.521364,-3.221892
3918719408fa4cda80dd970863738177.jpg,United_Kingdom,GB,56.084625,-4.824797
1f056cf2b47c4e20b0c0bae243978552.jpg,United_Kingdom,GB,54.483485,-6.875178
9f51ea453aa247bb9c5dece9f2291320.jpg,United_Kingdom,GB,50.350393,-4.023402
4b43a827ef1544d58ac2df439f6aca96.jpg,United_Kingdom,GB,49.958975,-5.206358
40139f4eeefc45a48e2178a9ccdc5196.jpg,United_Kingdom,GB,57.533021,-5.153866
2d361c40fc1c44399b8e0cd1701b6123.jpg,United_Kingdom,GB,51.1637,0.346506
cd4f6e0e1948457880ef28f9d7451a76.jpg,United_Kingdom,GB,56.770255,-2.618448
cc4aaf907ea440fa9747e5c66f70517f.jpg,United_Kingdom,GB,50.508381,-4.719895
2701ec7457f1430b866fba530578668f.jpg,United_Kingdom,GB,56.124052,-4.038382
47dcc3c436b945c7b8f9122fb4406194.jpg,United_Kingdom,GB,56.340248,-3.548863
b6a7ffab87134979bb8c7d7d3cc8c838.jpg,United_Kingdom,GB,52.940666,-3.81324
1b95e43fc59b416681b17098ebd13a15.jpg,United_Kingdom,GB,57.822505,-5.06339
db8d4a555a8c4973906eefe8579392a4.jpg,United_Kingdom,GB,58.574835,-4.767275
10fa8f97a0df4ff987b96c94aa6957b4.jpg,United_Kingdom,GB,58.034006,-5.23537
399b1a65216c4836a5fdde577255ba4b.jpg,United_Kingdom,GB,57.764542,-5.131661
3e99e16efaec4bcba827b595c07434a7.jpg,United_Kingdom,GB,56.934891,-4.922738
296db02d3a8e47728126ffe8f67e1c08.jpg,United_Kingdom,GB,57.486211,-7.252149
12885d92b8f741298fcd0c39fa3962e3.jpg,United_Kingdom,GB,50.321836,-4.839508
490f926eb9eb40dcad8b8f216edb9ef0.jpg,United_Kingdom,GB,50.130185,-5.423151
47cba054b8bc4a7098ddbfa049e75ffb.jpg,United_Kingdom,GB,55.994247,-5.205006
5666bd6844a24bc990d26a20a0cfdf16.jpg,United_Kingdom,GB,58.547067,-4.778235
7b1197ec8bba4ca6b16e8b02545ffced.jpg,United_Kingdom,GB,51.139531,-4.251186
3ff1959b49814b529b68a1d9c3b50e05.jpg,United_Kingdom,GB,55.190588,-1.776667
88912fd1d2344a8e8e121d17b8f88832.jpg,United_Kingdom,GB,51.640981,-2.483109
f501d96469e247499f6e2b922bbd4eaa.jpg,United_Kingdom,GB,58.565857,-4.740571
f1789cb544df4037aff9f8eb240aa025.jpg,United_Kingdom,GB,55.685427,-2.177211
8f5ab1725c1c45c6aa15cf46cb140387.jpg,United_Kingdom,GB,51.803385,-1.063299
f5fbdede28984710ab3dda6ae5719822.jpg,United_Kingdom,GB,50.199016,-5.525764
f65eb9ee4f8d4bf6875811e46523203f.jpg,United_Kingdom,GB,50.76747,-0.80844
596aadc2640f44778f0ca67fe6fb032c.jpg,United_Kingdom,GB,54.276313,-0.421806
dbe49f21f6c644c1a9e10ddc779c3170.jpg,United_Kingdom,GB,57.488961,-5.28596
018a7fe033084603bd87c0a255fcd5a4.jpg,United_Kingdom,GB,57.5645,-4.440971
2a7ea52aa12646b383602afc81701cb4.jpg,United_Kingdom,GB,60.777512,-0.826345
994cd0c389f24bee9dfc27ccfc920938.jpg,United_Kingdom,GB,51.404269,-1.710589
42fc0ed08cac40678d1a41f4929fd404.jpg,United_Kingdom,GB,57.747867,-5.631429
573650fb70f744d3b3917f00bf6474e4.jpg,United_Kingdom,GB,50.410299,-4.551573
53e8396281ab403cb3a7cd59e39065f2.jpg,United_Kingdom,GB,58.502176,-4.815764
efaef1ddd53244b19b7956758c52f6e0.jpg,United_Kingdom,GB,57.556098,-6.1535
6470b2fdce3641bc9ad6e0bc594b6c1c.jpg,United_Kingdom,GB,52.613468,-2.944851
536cf948e16e46bd98834be503794abe.jpg,United_Kingdom,GB,55.360912,-1.826084
c2ea45e959b64aeaa6bbe76f96ab5237.jpg,United_Kingdom,GB,50.636119,-4.504568
ad0c3be166c2403a82779d02b15d95dd.jpg,United_Kingdom,GB,53.870411,-1.65651
f2cebc78d7594278bd41e19507c36635.jpg,United_Kingdom,GB,55.364795,-3.498452
ad74962facbf471da0894df8c71c0b44.jpg,United_Kingdom,GB,57.33457,-4.550224
6a21667f3a1f4f5ab1ebfbb7d161eae7.jpg,United_Kingdom,GB,57.12932,-3.936096
bc526d0ac5e84e4094f771b9acedb07d.jpg,United_Kingdom,GB,54.456937,-3.557871
a21ee477b15a40b49e6d9cbf716b182e.jpg,United_Kingdom,GB,50.199853,-5.340589
bde6bbbad25b418989de964557c97914.jpg,United_Kingdom,GB,50.28046,-4.990212
7dc6d6d4c37547ef9daa432342855c0c.jpg,United_Kingdom,GB,57.223565,-2.633292
0cc188a6a6d74a2090f5ec7922d59186.jpg,United_Kingdom,GB,58.547413,-4.674586
4325382e39ed48778e84ff823d3c52aa.jpg,United_Kingdom,GB,51.779881,-1.995413
e4afeaf3f7c0444ebf75b30e4406cce2.jpg,United_Kingdom,GB,55.693739,-3.563796
70cb43a69c0a4593ad59835f297ec20a.jpg,United_Kingdom,GB,54.954579,-1.845654
f56d919e9b44484795aa6bb5500b7fcb.jpg,United_Kingdom,GB,50.429733,-4.569651
84a48b337fbd4c7bbcf5afbd6b803fe3.jpg,United_Kingdom,GB,51.306065,-1.856035
a66cca5ccbcf44c08e946b7eb5d30d64.jpg,United_Kingdom,GB,52.80594,-3.537168
03728522083445e0a76b24b97201ad59.jpg,United_Kingdom,GB,55.128033,-4.993662
aa4e923cb131418484771999b94b6ce0.jpg,United_Kingdom,GB,56.900806,-5.02005
09a90a3262b3424895469d2c0f917a7d.jpg,United_Kingdom,GB,52.956789,-2.806585
f3be44a9d89b47e98cd558228ec7cc12.jpg,United_Kingdom,GB,58.445275,-4.738137
d2674c146cf44232a01482f01dd35a2a.jpg,United_Kingdom,GB,53.897798,-2.749479
cf25ef451a70479e99e8d87cb2862a7c.jpg,United_Kingdom,GB,57.77739,-4.092674
b6ef4d5b20174562bc2380f3f225242d.jpg,United_Kingdom,GB,54.84405,-2.236807
400338bc013e4091be6da8d33a701fe1.jpg,United_Kingdom,GB,53.708658,-0.122285
8b60f952ae1a429792ac2488c013f0d8.jpg,United_Kingdom,GB,50.498121,-3.766979
adb0f00850fb4b438fcb3c7a32b51bb6.jpg,United_Kingdom,GB,57.163975,-3.687504
83475fe2995f45f5a8ff34a9e61f9c0b.jpg,United_Kingdom,GB,53.703286,-1.605167
f9d083cdddee487d80365345fef908ac.jpg,United_Kingdom,GB,50.631298,-4.09741
49f514a662024414bb91f1a51b273443.jpg,United_Kingdom,GB,50.200644,-5.339589
dcd55fce6fde4c49bea217c77479c5ab.jpg,United_Kingdom,GB,50.343967,-5.106281
d7d6c5077feb4464bf19fb49aa3d92d7.jpg,United_Kingdom,GB,56.221671,-2.91415
2adb7e01159a4cafb974d85b310fb9c4.jpg,United_Kingdom,GB,57.787959,-5.798969
3b5144ebfab6407b9574a775aaf3da73.jpg,United_Kingdom,GB,58.516323,-4.693038
9614d796de9449ee8bc42288439919e1.jpg,United_Kingdom,GB,51.802147,-2.011716
7be2b3ab1ce94849a1959dcdca3cf319.jpg,United_Kingdom,GB,52.311878,-0.129725
1472de9e62ad4882a0b90fb6578e38bf.jpg,United_Kingdom,GB,56.615307,-4.59474
09a9e0fdf404414dbad8af0ceb533b43.jpg,United_Kingdom,GB,50.14588,-5.30686
fb91311b4bf14385a5a4266985cb9c38.jpg,United_Kingdom,GB,54.611694,-2.065502
855851cd6fd34993902ebaf3b4d857e5.jpg,United_Kingdom,GB,54.551251,-3.211184
a891979202314953b02b395ba0bf076a.jpg,United_Kingdom,GB,55.792948,-3.213811
65396927ac5e4f44bb83ba9f890594d6.jpg,United_Kingdom,GB,57.173271,-6.063268
3dfa28f1e3384509bb172bde9c27e141.jpg,United_Kingdom,GB,58.537429,-3.117629
41dc5d83a9b74a37b1845f2e7b7cc335.jpg,United_Kingdom,GB,55.047064,-1.814868
020a0bcad3054bcfb79fe79379332747.jpg,United_Kingdom,GB,52.141722,-1.904786
cc293ef07f5148d0a6f85c566e4f55b0.jpg,United_Kingdom,GB,55.340282,-1.596644
5f224c3af3dd44bfa80c6b826d67a22d.jpg,United_Kingdom,GB,54.905183,-6.313975
52c5bdbb209544ef9d4fbab2e9d4513d.jpg,United_Kingdom,GB,50.439338,-4.932637
73bb2b78be6845f3bbdba53540a3cd6f.jpg,United_Kingdom,GB,57.17607,-2.214259
7796b53af3754bba9a13fa8890ed8681.jpg,United_Kingdom,GB,53.183287,-0.607813
b983f79da77d4ed4a8778c8beec6149c.jpg,United_Kingdom,GB,54.6626,-7.338633
400c59850f884ae4a4a9dfb7582e721c.jpg,United_Kingdom,GB,57.080644,-3.984903
599c9cc20bef42b7a7c5ccfa94ad11f0.jpg,United_Kingdom,GB,50.576031,-4.876399
06f64fbc47674fec9faa21b1c66769c3.jpg,United_Kingdom,GB,58.570455,-4.760951
6a4432cd6fe54b2398834071104d9e5b.jpg,United_Kingdom,GB,52.383836,-1.168162
4848ef2bc74246adb2388e758b0c14cf.jpg,United_Kingdom,GB,57.825691,-7.042662
5a09ebf88f484e968b9698af0a315fd4.jpg,United_Kingdom,GB,53.385987,-0.768089
d6201fce663344578526ce0b13257845.jpg,United_Kingdom,GB,56.147549,-4.007098
ebd1ac4a0e5943f495da580e81bc0107.jpg,United_Kingdom,GB,54.536591,-7.22963
496823cce83c46c4acf28f2990e7da42.jpg,United_Kingdom,GB,57.258481,-3.572591
f178c3efaa49411eb24824d0909a8fbe.jpg,United_Kingdom,GB,52.030172,0.795777
2d35a386dcc04267822086ad89d50af5.jpg,United_Kingdom,GB,53.605684,-0.663562
07e2268d364549ec9c2c93b77d88c87b.jpg,United_Kingdom,GB,57.386212,-4.696607
845026afc0674e91a0064e536186da82.jpg,United_Kingdom,GB,50.163039,-5.307379
a2df3ef4fd274ebf81013f12625417ea.jpg,United_Kingdom,GB,50.61909,-4.491216
989a3a1dec814ef3945f3b1ef1037742.jpg,United_Kingdom,GB,51.005936,0.773272
bb8c893d309949c78607f5ac3eeb468b.jpg,United_Kingdom,GB,57.557255,-3.001561
3efcb300ba874863807058d2821fc56c.jpg,United_Kingdom,GB,58.504177,-4.509209
66521b84dc52451d9cca8b3421b324b8.jpg,United_Kingdom,GB,52.016609,-0.499286
1941c8768069462e90c64edb021af36b.jpg,United_Kingdom,GB,59.133826,-2.858779
5096f82f46f841e594738b768fcf4b53.jpg,United_Kingdom,GB,54.888069,-4.052146
60aace7fc748438a9f17f628b7a516a3.jpg,United_Kingdom,GB,50.331318,-5.127511
c9215fed6c034d56b592db4dcaa4278b.jpg,United_Kingdom,GB,60.777798,-0.826542
a2a50d9cbe3a4d9cb243165050b5c702.jpg,United_Kingdom,GB,57.578866,-4.106744
8dc3c12fc05a4f8eb558064d044c83a1.jpg,United_Kingdom,GB,57.327991,-3.698684
849af21c1b894bc9b0fb0eb559475789.jpg,United_Kingdom,GB,50.374954,-4.44263
2384602a12a146aabf0025152ebfeced.jpg,United_Kingdom,GB,52.69879,-2.626899
eab206c42f554b36b8ba47d04ed37f48.jpg,United_Kingdom,GB,56.334732,-4.720706
a7a086b10d7c42f095fb8769d4de681b.jpg,United_Kingdom,GB,54.32522,-6.461995
2053eaf0a64141c9b0db0a9e8a99c1aa.jpg,United_Kingdom,GB,50.640768,-4.26931
3ff426ab94f44c059c54f1b6a09cbb19.jpg,United_Kingdom,GB,52.433795,-3.776592
21177040b2c8461fbcf39484c253ffda.jpg,United_Kingdom,GB,56.07602,-4.826197
797921d98f9b4c9a949f359a33ec884e.jpg,United_Kingdom,GB,55.748647,-5.050611
5ac0a63e510847fc8b99b35399d12eba.jpg,United_Kingdom,GB,51.979619,-1.391142
fa714bd6c19d4da89e1e55fa8634eb69.jpg,United_Kingdom,GB,54.770221,-6.537912
ea6adebe351e48d4b22deefa4ad07956.jpg,United_Kingdom,GB,56.873261,-5.061956
aa284152b6684840868f2351809bf042.jpg,United_Kingdom,GB,54.142859,-0.779586
2d6845b1d4c24aa784065c9830fd15fb.jpg,United_Kingdom,GB,53.490757,-0.553824
7bc23e3743f4414d81256f7c05a27829.jpg,United_Kingdom,GB,50.361676,-4.668444
b4fef3da9a37494596f0e8a0dcf8ccb9.jpg,United_Kingdom,GB,57.541454,-6.601144
39868296dd8e40bb99206e1922612feb.jpg,United_Kingdom,GB,50.535795,-4.790332
f36f7788a9e44064b03e3c21d4481da4.jpg,United_Kingdom,GB,56.496207,-5.776487
c4d985a9b35345e08bee4403b60692f4.jpg,United_Kingdom,GB,51.331009,0.027118
4fbbe789903e4c30836c68f5350eabbc.jpg,United_Kingdom,GB,57.907453,-5.169603
e8ec8b7dada24b74a365817e8ace9ab6.jpg,United_Kingdom,GB,50.377608,-4.618806
a51ed661e10b43fb9b3055a9db3fc616.jpg,United_Kingdom,GB,55.924131,-3.896857
eaf712ad1d6a4b409eac6a35bbf5e9ad.jpg,United_Kingdom,GB,52.837641,-1.344528
6764cbd41c97461fa5bcb75031b05ebb.jpg,United_Kingdom,GB,57.476405,-3.31996
e79d9e3c622c4934b7030405c03589d5.jpg,United_Kingdom,GB,55.785301,-4.442247
68eb6d42b1ea406c9261b2f0a744aaae.jpg,United_Kingdom,GB,50.298839,-4.849344
d487bbff58b54002a92d26503e5afeb1.jpg,United_Kingdom,GB,50.386639,-4.927622
18a343b2d2df40558fc7a2280ee6f328.jpg,United_Kingdom,GB,56.587265,-6.015271
b38d0f5d23a74373b5d984643a384831.jpg,United_Kingdom,GB,50.661676,-4.646746
7e9e98d67b6d4b5098c0421a479ea460.jpg,United_Kingdom,GB,55.282998,-2.94676
170c885e899149c79852ca65beb489b4.jpg,United_Kingdom,GB,57.180236,-6.063209
0b526a2aff29442ab50b46210a9a8cb5.jpg,United_Kingdom,GB,59.025661,-3.272149
8ca33d79f556490885114ac4e292a944.jpg,United_Kingdom,GB,55.788918,-3.019993
22ebd40d5e52400ea940938cff164779.jpg,United_Kingdom,GB,58.567658,-4.739574
8be49500cd6d44afbad4225df7a69ddc.jpg,United_Kingdom,GB,50.949396,-0.275751
25d001b5ee8d44878c6646125ed8f091.jpg,United_Kingdom,GB,55.573007,-3.624345
ee2fee54a5d540348eb4e5082689500e.jpg,United_Kingdom,GB,56.191511,-4.778018
1c103957bd6e4701affc7e1f5f108573.jpg,United_Kingdom,GB,50.258712,-3.82438
f40484ba7e764573bb7de6864b500d3f.jpg,United_Kingdom,GB,51.754341,-4.5156
81220f3eb76a46b283a0f94d811e68fb.jpg,United_Kingdom,GB,50.905289,0.629369
cf3d481ab45143f0ac1e2d2da2b4d59f.jpg,United_Kingdom,GB,58.497978,-4.484153
1dca445912be4973857450372e642309.jpg,United_Kingdom,GB,54.87708,-4.521793
f99652db3f5f4f8494b1becb842ff12a.jpg,United_Kingdom,GB,52.628743,-4.090378
198cea4a84ca46ccacda0c8e9655c2ae.jpg,United_Kingdom,GB,52.407796,-3.614718
c8ac5915943e4f718c21d7f587c5cab7.jpg,United_Kingdom,GB,53.658867,-0.701792
d2d969367f3f4c4a93be4019a231b751.jpg,United_Kingdom,GB,50.361511,-4.612973
20c1681491eb43e18ea1aa2e8318afce.jpg,United_Kingdom,GB,56.906049,-4.967864
ce8acde9183c452681e2b46df74f0fee.jpg,United_Kingdom,GB,53.62721,-2.292955
4cb45c988b3b4bdd9c3dcd4c9423c4d6.jpg,United_Kingdom,GB,53.853535,-0.415425
4ed8eed6b41a4620af02748dcd04b588.jpg,United_Kingdom,GB,51.387184,0.773248
af9927dba39f40a0b3b55fae13098aa5.jpg,United_Kingdom,GB,50.313732,-4.850217
abd532800d6941bc9efc5e23cf330c1d.jpg,United_Kingdom,GB,50.186519,-5.122671
ad85c4cd2c5e475d89c8c3dfbb2bbab5.jpg,United_Kingdom,GB,58.4826,-6.263755
a2e8e90a6cb5421ca6bf799d11ec5569.jpg,United_Kingdom,GB,56.796561,-5.065104
60d00b3ba179477ea19420b4d6027f37.jpg,United_Kingdom,GB,50.335939,-5.066476
22071298286e428aa456f22eb2d4a419.jpg,United_Kingdom,GB,51.831776,-2.985666
9ea7421bc17a4baa80455fbddf42074c.jpg,United_Kingdom,GB,50.395038,-4.626846
53d11cff7c814b4e8c0e78c0680a42a5.jpg,United_Kingdom,GB,57.685429,-5.643552
c53f85f19f7a46bbb84b802c8d706ac1.jpg,United_Kingdom,GB,58.554895,-4.706119
b58361495a87498fa49958d5c2062cee.jpg,United_Kingdom,GB,50.066051,-5.67393
daa34985728c4afa8b1d15dc1c5742f6.jpg,United_Kingdom,GB,50.121122,-5.440189
a9f4175f8bac4ca69b04568c6f3b8052.jpg,United_Kingdom,GB,52.53476,-0.197656
245b67c717e34ed785091738ab850e1c.jpg,United_Kingdom,GB,55.718009,-3.773253
3e86a3124e584fdaabef60abe84beee8.jpg,United_Kingdom,GB,58.567459,-4.738909
512b66f7206146c19db5c0959fc4caf4.jpg,United_Kingdom,GB,55.219811,-4.846922
d0592a13deee4002a295e42514e15721.jpg,United_Kingdom,GB,52.035974,-0.351193
92a4796e46b342f69059df9c0e93e446.jpg,United_Kingdom,GB,52.339959,1.331629
c132978fa0c64487bd4805366d03e702.jpg,United_Kingdom,GB,57.384431,-4.699248
d90ae26177ab42d7a1739feea16d4bcd.jpg,United_Kingdom,GB,52.479605,-2.899058
76aa5e27a8864946964626022f5043d0.jpg,United_Kingdom,GB,50.979912,-0.741373
635f00aa95ad42519aecc99ba01c037a.jpg,United_Kingdom,GB,51.776242,-2.592026
dc8acb6ff560476c8c3180f4ca1f5241.jpg,United_Kingdom,GB,50.348435,-4.662825
40bac880c69142fb82430e785d24f73e.jpg,United_Kingdom,GB,56.589019,-6.165753
a550555f4d6e43c1bdef5cddbe0ac21a.jpg,United_Kingdom,GB,52.380967,-0.046549
66d32734ebca4cc69f632ba0261ed8f0.jpg,United_Kingdom,GB,58.500075,-6.258564
f10f29bbbdbb4987858f4e80b0214457.jpg,United_Kingdom,GB,52.250937,-1.999214
29f723be586543d6877aece2dc0a440e.jpg,United_Kingdom,GB,51.916084,-4.976004
c35a62a90b884e879820b4fd492e7d1b.jpg,United_Kingdom,GB,55.766665,-2.212121
0b63ca52fb5f4527b6636c1eb2d57833.jpg,United_Kingdom,GB,52.330688,1.340647
2607c22d913e40e1a5b3281b3363802e.jpg,United_Kingdom,GB,51.078988,-0.110678
3b4daa37c6be4e809c5d15cd2a6e7650.jpg,United_Kingdom,GB,50.072577,-5.240064
cba765ffa77040eabf90325d11d53b46.jpg,United_Kingdom,GB,58.065262,-4.982217
486ae374e5bc4d8ba33c23b44b9eedeb.jpg,United_Kingdom,GB,55.81367,-3.298209
4e3dff2f495b4e359f668c7db7086d60.jpg,United_Kingdom,GB,56.389328,-5.094769
f3e88fdeab58408fb893ca0699536a66.jpg,United_Kingdom,GB,51.408987,-0.592503
cb9f8fc1eb7a448fb53f40206ac4da15.jpg,United_Kingdom,GB,57.834289,-7.02695
48ed1e0e8ca34d3f813ad8410845aba5.jpg,United_Kingdom,GB,54.595621,-5.686439
34f908380113444f9d23724697c26787.jpg,United_Kingdom,GB,54.277397,-2.764489
018417aee54c42c292dc8dc2f9cfa9a1.jpg,United_Kingdom,GB,56.021766,-2.841525
460193902c864f9a84f888ac1cb816e5.jpg,United_Kingdom,GB,55.173078,-4.930934
de6cdabef18f4cb88993f56c6dfcf13a.jpg,United_Kingdom,GB,50.357493,-5.092295
c4a7878c1474484b880c22e3da54657d.jpg,United_Kingdom,GB,51.942482,-5.096291
6c3b3d80bd4341d7952a18a2f2f3c5c3.jpg,United_Kingdom,GB,50.313677,-4.932781
43815479692449feb153440b62762baa.jpg,United_Kingdom,GB,58.540129,-4.11342
65ba2e7403174d7fb1e6fd21a0766d6c.jpg,United_Kingdom,GB,57.783214,-4.090049
1c2dab4a72ac49ce91ed40b02b3a2e64.jpg,United_Kingdom,GB,50.635871,-4.501733
f7a362b0e3564e8bbf202916b3889752.jpg,United_Kingdom,GB,54.193645,-2.39616
133ff497e88e48ca8c93f0308ba886c9.jpg,United_Kingdom,GB,57.557649,-2.833036
95ac5a12ea414d14acad24051d0afbaf.jpg,United_Kingdom,GB,52.650202,1.724171
bf64cf7c9d3040c5ad870b05b2eb2eb2.jpg,United_Kingdom,GB,52.941544,-3.82647
a3ee3e16186348efb13e906152fc8b95.jpg,United_Kingdom,GB,58.233925,-4.48139
fed373ea9ecb453aa99c3c1040c70e94.jpg,United_Kingdom,GB,58.544871,-4.673834
0ab1a99c374e4e49b476c6940fc2e53e.jpg,United_Kingdom,GB,50.443265,-4.58763
e61df44c2b2c486e832a97845b809f08.jpg,United_Kingdom,GB,54.868984,-6.249519
b21ed21355c8482d99d4f47094c58b09.jpg,United_Kingdom,GB,53.144221,-0.699911
228b50c73ae6443989a2ec217d0fc643.jpg,United_Kingdom,GB,58.546754,-4.674359
a799385603094faa889cb127c5a6512d.jpg,United_Kingdom,GB,50.440984,-4.719669
eb1f5c25079b4c03afefa4624b780112.jpg,United_Kingdom,GB,54.709994,-7.596016
b0b7e6c0921d4cb2a76889f0026ef58a.jpg,United_Kingdom,GB,56.501966,-3.350105
9332b260c8dd4f91b763b43e091d7e07.jpg,United_Kingdom,GB,50.116171,-5.419448
e30d0adba1ca457b990b3ec9cee35622.jpg,United_Kingdom,GB,51.409564,-1.625107
8a865242db4b4d85997dc74558cfbc6f.jpg,United_Kingdom,GB,58.282545,-4.443699
dd6d49e4f25c412b9d492cb9dc77a08b.jpg,United_Kingdom,GB,55.415787,-1.869922
9639c891a45b4228856e42f27b1500e0.jpg,United_Kingdom,GB,56.082221,-4.520416
e13dcaca92ef41e5ae090083ac689a52.jpg,United_Kingdom,GB,52.078732,1.336618
688671689c61415698ed68ac05d37a3a.jpg,United_Kingdom,GB,58.531851,-3.12821
af0b998e7cff476eb9c3a3bedb2691ae.jpg,United_Kingdom,GB,50.337254,-4.643967
fd4c9b6fc7cd4ae78ecba7f4ad8affb7.jpg,United_Kingdom,GB,54.91698,-1.543543
4a3553c07ea4471a87b124d14b66370a.jpg,United_Kingdom,GB,53.165875,-2.238081
a63501b41de04ec0ab8e71ca7ff491a1.jpg,United_Kingdom,GB,52.63891,-1.254396
8bdfaa56731442fe99aa789607380531.jpg,United_Kingdom,GB,52.225115,-0.225277
9b7c0b4d5de34499a547cea8f9a0acf0.jpg,United_Kingdom,GB,55.690665,-2.171167
0d3cf4a38f3a45008a4ac6d8ccdc10fa.jpg,United_Kingdom,GB,54.419356,-3.080131
b39c5baee13742cfb4a11ef31fdf66fb.jpg,United_Kingdom,GB,54.534103,-7.65869
7d1d206d7177419488aca9582357d5e7.jpg,United_Kingdom,GB,59.101919,-3.326187
25428d5ca72b4f76b6c7c222e867f662.jpg,United_Kingdom,GB,55.972605,-2.868273
f6c1231fdf9d489298d27db079a62730.jpg,United_Kingdom,GB,56.209178,-4.382868
7bd69406470447c4a53ce066496dceef.jpg,United_Kingdom,GB,51.092875,-3.136217
0b89b2882bf7436e8eca0440582e0a49.jpg,United_Kingdom,GB,60.776725,-0.826717
d49bae266cc5451c9f7ec72c90fd0bce.jpg,United_Kingdom,GB,54.250208,-2.044291
a991c3777ec640d9b96a5a980bb86a08.jpg,United_Kingdom,GB,51.821019,-2.964576
4b5267f5f0c24d7392d29a74f61ba9a9.jpg,United_Kingdom,GB,50.330334,-4.813976
9b9945ef3f35484f8fd4d0ddfe829e51.jpg,United_Kingdom,GB,52.926237,-3.611734
2ee13430b8c0414cb19161da6b2185df.jpg,United_Kingdom,GB,51.147009,-3.114792
d7ec4af072084ad5a3aeb2302b727ff2.jpg,United_Kingdom,GB,54.575214,-5.667154
9f4dab7eb24a4784b6f896968eacdb2b.jpg,United_Kingdom,GB,53.602599,-0.735479
a40d849fcaf5466b98ad0096544d6c67.jpg,United_Kingdom,GB,52.382053,-1.714093
07460d18bec644e4a047df062012a378.jpg,United_Kingdom,GB,54.918787,-6.319737
1e806095c728496596d8f2619344b1e9.jpg,United_Kingdom,GB,50.127402,-5.308162
a5255890d11445fd8f55a69e040f43ba.jpg,United_Kingdom,GB,59.942297,-1.292977
8c401876520a495e8818b3c6874cc4d8.jpg,United_Kingdom,GB,52.682918,-3.449099
fec27ce768b24f3a922ec988fa89276a.jpg,United_Kingdom,GB,51.614129,-2.591593
de601ab2439140a2aaab161edc304b08.jpg,United_Kingdom,GB,55.524645,-3.096576
ff6a3e3e601e4fc98ac6d7976dcc217f.jpg,United_Kingdom,GB,52.417762,-3.560485
9b019120ab624f06a8b9ba2358188824.jpg,United_Kingdom,GB,58.510915,-4.80936
f9043d401d0b4968976e4a3916360302.jpg,United_Kingdom,GB,56.184237,-5.473365
69db23b27b8248cda15d29443c694dec.jpg,United_Kingdom,GB,50.999546,0.768253
5eca2fc7b450417a8fee8610320a6050.jpg,United_Kingdom,GB,52.844367,1.063985
87256039f750448583db12c56685fe6e.jpg,United_Kingdom,GB,54.701701,-6.100977
2d0dd74c0bae44d5bb9eae575fcdfb5b.jpg,United_Kingdom,GB,52.385138,-1.759115
18bbc04577124333b21fd7f446f7463d.jpg,United_Kingdom,GB,56.798628,-5.803022
d170fb61ffea42659ef1625e9ff5179c.jpg,United_Kingdom,GB,58.543023,-4.673232
dc75a8ffe783470a82c58c24455dd9c1.jpg,United_Kingdom,GB,50.510019,-4.696977
a05481b473354b81b66205953e5e29df.jpg,United_Kingdom,GB,52.672026,1.711217
0aa4ffe4e3f844d596c65d3336536344.jpg,United_Kingdom,GB,50.466304,-4.700678
b0c85e59665c44d6a799fbe8643250f9.jpg,United_Kingdom,GB,54.978127,-2.312856
89e696beda1947ac8e81dfad4b679193.jpg,United_Kingdom,GB,50.608049,-4.443934
98312312eb6b45df86f114d40f49f2fe.jpg,United_Kingdom,GB,51.382712,-1.199315
e8edcc8b23f44c39bfc4f25dd84e0996.jpg,United_Kingdom,GB,56.883079,-5.049903
85775e1b87e84ef7bfad965306cec7d9.jpg,United_Kingdom,GB,51.926585,-1.162863
5aad5e762be84e8db28d8ff0b75c3762.jpg,United_Kingdom,GB,56.758493,-5.781946
1d91cdaaa6c84d59b7ac6ac24a0d5656.jpg,United_Kingdom,GB,57.556558,-5.101145
0fdfea930cfb4a079c530c39e6d79b81.jpg,United_Kingdom,GB,55.528783,-3.77206
5b6cbe2f5b85417ca15d1e41db7a9788.jpg,United_Kingdom,GB,50.532992,-4.809237
41388e2615d9437c9f3fe0b95c5f7ca8.jpg,United_Kingdom,GB,54.28438,-2.767693
0ef8793f4a4f4f9b85105158d9c7d9e9.jpg,United_Kingdom,GB,51.827793,-1.004549
cff4aa4995f14f47928fa7e3b64cfa9c.jpg,United_Kingdom,GB,55.453742,-3.500029
035e5970e12c45f58e042891e9c978cb.jpg,United_Kingdom,GB,50.227643,-5.078651
12eb4db964fa41d4a8a0091676b39ba3.jpg,United_Kingdom,GB,51.905591,-5.063963
de160a0f0190459cbfe4ba488fe895c7.jpg,United_Kingdom,GB,52.593832,-2.769499
2de85535c4b642419489e1356775eacf.jpg,United_Kingdom,GB,51.292805,-0.295012
4a2f5a08ca8546db8ed45634b434cc64.jpg,United_Kingdom,GB,55.566601,-3.394363
9320e37e08974233a3586f0d13dbc4c7.jpg,United_Kingdom,GB,58.504171,-4.571285
85b84e93f1b64535bba1657a2e1b6214.jpg,United_Kingdom,GB,50.004261,-5.167933
a5e2ce03071c433592928772fc1f8ad1.jpg,United_Kingdom,GB,54.478649,-6.497841
b5ea2af14efd4cc89e04b0a2a2a87f16.jpg,United_Kingdom,GB,53.646299,-0.747264
315b954dc715466389f4ad5b890cf74b.jpg,United_Kingdom,GB,59.092966,-3.320566
003e7647a298476f9a6d86b43aa613f3.jpg,United_Kingdom,GB,52.771584,-2.733232
61fcde6ba8d74abc8ae232a70b446dd8.jpg,United_Kingdom,GB,56.202521,-5.511486
020df95d2fe541fa88ead414f4f7e361.jpg,United_Kingdom,GB,56.515266,-5.931793
d9a35e5e5c5c4500b07adf02d46b2153.jpg,United_Kingdom,GB,53.145725,-0.760296
570255d4fbf84952bd6cab903084f99b.jpg,United_Kingdom,GB,50.541,-4.785292
56ee38ea109349fb89981b5b7b18d0b9.jpg,United_Kingdom,GB,52.943261,-0.858985
cf9dc1c38dc64417a129ddc767284b9b.jpg,United_Kingdom,GB,54.919466,-2.2687
5cfe77de1afd421d89991d547a68e0cb.jpg,United_Kingdom,GB,55.702568,-3.657646
f6c05aefc8524a1d9dc0e573e4d64d8b.jpg,United_Kingdom,GB,58.504294,-4.501795
90549dd8cfc148cebc50f8ece4bda538.jpg,United_Kingdom,GB,54.74716,-1.699927
74ee8752701f44ee8ac8a1dec42f0942.jpg,United_Kingdom,GB,58.505885,-4.34011
8c753ea382ca4f0fb11a60c7cb072856.jpg,United_Kingdom,GB,58.572695,-3.073367
2a20680a38294c60a2dcd69db731831c.jpg,United_Kingdom,GB,51.889697,-4.970603
7a2a67e36a4a461b898f4799cdadd375.jpg,United_Kingdom,GB,53.266332,-3.496186
af6869f1d21548fda69c9d5a1a6cce08.jpg,United_Kingdom,GB,55.083213,-6.355413
ee5629b7a4734230bcfcaa5fcc9fc389.jpg,United_Kingdom,GB,56.324567,-6.362092
0e8e17cf889e4fca9bd7f202a66abe1f.jpg,United_Kingdom,GB,54.655349,-5.675576
04b61699582f4503be8d910e28046bf7.jpg,United_Kingdom,GB,54.593792,-5.695874
f6bf9fc2cb184442aa708722575c000a.jpg,United_Kingdom,GB,56.843272,-4.71192
a5dbd83c3131434a8f28bb9c140ba9d5.jpg,United_Kingdom,GB,55.576085,-5.196192
1a6aa42d155b4073815cee78504068d2.jpg,United_Kingdom,GB,50.397154,-4.437288
d778218ff50b4ee98173537e4f6fcb5a.jpg,United_Kingdom,GB,56.8077,-3.446426
6961779065224675a4d6b49c8c8fc8a0.jpg,United_Kingdom,GB,53.864711,-2.820451
07e09c7c49ce481f8e49b217f1d20617.jpg,United_Kingdom,GB,54.630499,-5.784231
d86a40f37e224144b97a4a01f8714b1a.jpg,United_Kingdom,GB,52.458289,1.568686
0a9e4bfb45c74d69afa1595cb75794b4.jpg,United_Kingdom,GB,58.514496,-6.259057
3bc3b451a1c64fba8ac6219588122c0c.jpg,United_Kingdom,GB,50.373914,-4.958151
c7a3348421a344e6924c6a6da1ce83e6.jpg,United_Kingdom,GB,50.336847,-4.64219
b2b3cdac6f704261aabffb510af6b23d.jpg,United_Kingdom,GB,52.083831,-0.246744
cee32f6ba9d5472fac8b052f7cb1f396.jpg,United_Kingdom,GB,56.200391,-3.131263
fc98f14ea7c34b208dcb52dcece55bc6.jpg,United_Kingdom,GB,55.298853,-2.940177
1a72b3faaf0044e58fbd1f8b0b0a3ffd.jpg,United_Kingdom,GB,55.761881,-2.764451
30fcf64cb0c047e78135dc2b34d841c4.jpg,United_Kingdom,GB,52.809217,0.04103
05165a689bfd427586d30596bb9a132c.jpg,United_Kingdom,GB,55.899762,-5.128094
5e585d8cf571420794c6aac8208154d9.jpg,United_Kingdom,GB,53.854416,-0.416005
753725dd98c44aa39f9e1ef724d47ff5.jpg,United_Kingdom,GB,50.306187,-4.851407
b35857d6e3f340958c217f6cdca912b9.jpg,United_Kingdom,GB,58.476123,-6.277236
50cb3a8c2f2348fcbf5e2873a087c9d3.jpg,United_Kingdom,GB,56.126394,-5.130044
b8c8c49972ae4beba6cc0419a56ebb52.jpg,United_Kingdom,GB,55.369446,-2.513646
aebf2f81d93e4ec598cc917a6b598021.jpg,United_Kingdom,GB,57.452294,-5.391222
eb8a9ca047e848368ee52ed5293dbc97.jpg,United_Kingdom,GB,53.251856,-1.44785
fb840b707075481684c871ed78835c05.jpg,United_Kingdom,GB,55.101628,-2.978618
d7ab26e0944a456b99eee500257bc5c9.jpg,United_Kingdom,GB,50.121797,-5.44297
72cd8f42b06540f785f17f922143fd89.jpg,United_Kingdom,GB,57.305492,-6.234993
3dfeee5f7c51481f89fe047cb537b771.jpg,United_Kingdom,GB,51.073222,-0.081736
7cc5eeb1a7224226b05086ee11e655ad.jpg,United_Kingdom,GB,50.64581,-4.105804
a0164bc301c54f0ea4c0ce1756f4a3cc.jpg,United_Kingdom,GB,56.390604,-5.099123
6cc61380f5bd40bfb2c0c309c33ee3cc.jpg,United_Kingdom,GB,54.832253,-2.432403
927132d0037b4b3fb28e25987bd2fe87.jpg,United_Kingdom,GB,53.642053,-2.89203
5c9ba3dd23bd4684b4e49dec0665a2cf.jpg,United_Kingdom,GB,50.422755,-4.665018
dce413dfa19646f6accb507d93b1f22e.jpg,United_Kingdom,GB,56.501132,-6.960155
f821674dea0344d4a07a0fd0a949c5aa.jpg,United_Kingdom,GB,58.504898,-4.70655
82313ff20bf7448086cbdbb74a938926.jpg,United_Kingdom,GB,58.493501,-4.721789
dbada8597328410d80c08bdba529c245.jpg,United_Kingdom,GB,51.690467,-0.927052
d91f29b51d894f79a5656e4b734d4413.jpg,United_Kingdom,GB,55.723452,-2.679299
c7653718fabd4532a0d863bf1e3a058b.jpg,United_Kingdom,GB,52.408436,-3.837765
41e2d5f6577e49ccb346303e75e7e18a.jpg,United_Kingdom,GB,57.54566,-6.615333
af50a69b0c8e44aea8904f21e197142a.jpg,United_Kingdom,GB,55.0471,-7.397414
a17076f06c044e4aa77dd4002ea0d551.jpg,United_Kingdom,GB,55.200377,-6.198111
e9577997826144d691bb5ed897267073.jpg,United_Kingdom,GB,57.439654,-6.757801
e583e278eb964ff7abd63968f412fdbd.jpg,United_Kingdom,GB,53.761475,-0.526509
4908a062f5a54d069df6208565222b51.jpg,United_Kingdom,GB,52.132813,-0.905005
d9aabc81b43840f98c0e4a679b3a4548.jpg,United_Kingdom,GB,54.622706,-5.764378
b9627b4bb1b1462ca838ce19add25930.jpg,United_Kingdom,GB,54.391744,-3.400268
8c67aebd54814cef95e247dc48b57a03.jpg,United_Kingdom,GB,58.570704,-4.755783
9465eb4fc2a5453ba859235925af6884.jpg,United_Kingdom,GB,53.188681,-3.073458
6ecc9c4d2c7d439fa9781146b043f173.jpg,United_Kingdom,GB,53.909648,-0.475225
